-- -------------------------------------------------------------
-- TablePlus 6.4.2(600)
--
-- https://tableplus.com/
--
-- Database: baemin
-- Generation Time: 2025-04-02 11:42:58.5240
-- -------------------------------------------------------------


-- This script only contains the table creation statements and does not fully represent the table in the database. Do not use it as a backup.

-- Sequence and defined type
CREATE SEQUENCE IF NOT EXISTS banneritems_id_seq;

-- Table Definition
CREATE TABLE "public"."banneritems" (
    "id" int4 NOT NULL DEFAULT nextval('banneritems_id_seq'::regclass),
    "name" varchar(255) NOT NULL,
    "url" varchar(255) NOT NULL,
    PRIMARY KEY ("id")
);

-- This script only contains the table creation statements and does not fully represent the table in the database. Do not use it as a backup.

-- Sequence and defined type
CREATE SEQUENCE IF NOT EXISTS branch_branch_id_seq;

-- Table Definition
CREATE TABLE "public"."branch" (
    "branch_id" int4 NOT NULL DEFAULT nextval('branch_branch_id_seq'::regclass),
    "branch_name" varchar(255) NOT NULL,
    "address" varchar(700) NOT NULL,
    "area_classify" varchar(200) NOT NULL,
    "featured" bool NOT NULL,
    "thumbnail" varchar(255) NOT NULL,
    "eatery_id" int4 NOT NULL
);

-- This script only contains the table creation statements and does not fully represent the table in the database. Do not use it as a backup.

-- Sequence and defined type
CREATE SEQUENCE IF NOT EXISTS category_category_id_seq;

-- Table Definition
CREATE TABLE "public"."category" (
    "category_id" int4 NOT NULL DEFAULT nextval('category_category_id_seq'::regclass),
    "category_name" varchar(255) NOT NULL,
    "description" varchar(1000) NOT NULL,
    "cat_thumbnail" varchar(255)
);

-- This script only contains the table creation statements and does not fully represent the table in the database. Do not use it as a backup.

-- Table Definition
CREATE TABLE "public"."commentfood" (
    "food_id" int4 NOT NULL,
    "customer_id" int4 NOT NULL,
    "body" varchar(1000) NOT NULL,
    "star_evaluate" int2,
    PRIMARY KEY ("food_id","customer_id")
);

-- This script only contains the table creation statements and does not fully represent the table in the database. Do not use it as a backup.

-- Sequence and defined type
CREATE SEQUENCE IF NOT EXISTS customer_customer_id_seq;

-- Table Definition
CREATE TABLE "public"."customer" (
    "customer_id" int4 NOT NULL DEFAULT nextval('customer_customer_id_seq'::regclass),
    "email" varchar(255) NOT NULL,
    "password" varchar(255) NOT NULL,
    "phone" varchar(25) NOT NULL,
    "address" varchar(255) NOT NULL,
    "accountName" varchar(255) NOT NULL DEFAULT ''::character varying,
    "surname" varchar(255) NOT NULL DEFAULT ''::character varying,
    "name" varchar(255) NOT NULL DEFAULT ''::character varying,
    PRIMARY KEY ("customer_id")
);

-- This script only contains the table creation statements and does not fully represent the table in the database. Do not use it as a backup.

-- Sequence and defined type
CREATE SEQUENCE IF NOT EXISTS eatery_eatery_id_seq;

-- Table Definition
CREATE TABLE "public"."eatery" (
    "eatery_id" int4 NOT NULL DEFAULT nextval('eatery_eatery_id_seq'::regclass),
    "thumbnail" varchar(255) NOT NULL,
    "name" varchar(255) NOT NULL,
    "time_open" time NOT NULL,
    "time_close" time NOT NULL,
    "min_price" int4 NOT NULL,
    "max_price" int4 NOT NULL,
    "service_fee" float4 NOT NULL,
    "description" text,
    "address" varchar(500) NOT NULL DEFAULT 'Đang cập nhật'::character varying,
    PRIMARY KEY ("eatery_id")
);

-- This script only contains the table creation statements and does not fully represent the table in the database. Do not use it as a backup.

-- Sequence and defined type
CREATE SEQUENCE IF NOT EXISTS food_food_id_seq;

-- Table Definition
CREATE TABLE "public"."food" (
    "food_id" int4 NOT NULL DEFAULT nextval('food_food_id_seq'::regclass),
    "thumbnail" varchar(255) NOT NULL,
    "description" varchar(1000) NOT NULL,
    "name_food" varchar(255) NOT NULL,
    "price" int4 NOT NULL,
    "inventory" int4 NOT NULL,
    "featured" bool NOT NULL,
    "promotion" varchar(255) NOT NULL,
    "kind" varchar(100) NOT NULL,
    "eatery_id" int4 NOT NULL,
    "category_id" int4 NOT NULL,
    PRIMARY KEY ("food_id")
);

-- This script only contains the table creation statements and does not fully represent the table in the database. Do not use it as a backup.

-- Sequence and defined type
CREATE SEQUENCE IF NOT EXISTS logistics_logistics_id_seq;

-- Table Definition
CREATE TABLE "public"."logistics" (
    "logistics_id" int4 NOT NULL DEFAULT nextval('logistics_logistics_id_seq'::regclass),
    "order_id" int4 NOT NULL,
    "logistics_name" varchar(50) NOT NULL,
    "fee" int4 NOT NULL,
    "start_date" timestamp DEFAULT CURRENT_TIMESTAMP,
    "expected_end_date" timestamp,
    "surname" varchar(255) NOT NULL,
    "name" varchar(255) NOT NULL,
    "email" varchar(255) NOT NULL,
    "address" varchar(255) NOT NULL,
    "phone" varchar(25) NOT NULL,
    "total_payment" int4 NOT NULL,
    PRIMARY KEY ("logistics_id")
);

-- This script only contains the table creation statements and does not fully represent the table in the database. Do not use it as a backup.

-- Sequence and defined type
CREATE SEQUENCE IF NOT EXISTS orderfood_order_id_seq;

-- Table Definition
CREATE TABLE "public"."orderfood" (
    "order_id" int4 NOT NULL DEFAULT nextval('orderfood_order_id_seq'::regclass),
    "customer_id" int4 NOT NULL,
    "total_price" int4 NOT NULL,
    "statusOrder" int4 DEFAULT 1 CHECK ("statusOrder" = ANY (ARRAY[0, 1, 2])),
    "created_at" timestamp DEFAULT CURRENT_TIMESTAMP,
    PRIMARY KEY ("order_id")
);

-- This script only contains the table creation statements and does not fully represent the table in the database. Do not use it as a backup.

-- Sequence and defined type
CREATE SEQUENCE IF NOT EXISTS "orderItems_id_seq";

-- Table Definition
CREATE TABLE "public"."orderItems" (
    "id" int4 NOT NULL DEFAULT nextval('"orderItems_id_seq"'::regclass),
    "order_id" int4 NOT NULL,
    "food_id" int4 NOT NULL,
    "qty" int4 NOT NULL CHECK (qty > 0),
    "price" int4 NOT NULL CHECK (price > 0),
    PRIMARY KEY ("id")
);

-- This script only contains the table creation statements and does not fully represent the table in the database. Do not use it as a backup.

-- Sequence and defined type
CREATE SEQUENCE IF NOT EXISTS shippingunit_shipping_id_seq;

-- Table Definition
CREATE TABLE "public"."shippingunit" (
    "shipping_id" int4 NOT NULL DEFAULT nextval('shippingunit_shipping_id_seq'::regclass),
    "shipping_name" varchar(255) NOT NULL,
    "fee_min" int4 NOT NULL CHECK ((fee_min >= 10000) AND (fee_min <= 50000)),
    "fee_max" int4 CHECK ((fee_max >= 30000) AND (fee_max <= 50000)),
    PRIMARY KEY ("shipping_id")
);

-- This script only contains the table creation statements and does not fully represent the table in the database. Do not use it as a backup.

-- Table Definition
CREATE TABLE "public"."statusorder" (
    "order_id" int4 NOT NULL,
    "state_ship1" varchar(255) NOT NULL,
    "status1" bool NOT NULL,
    "state_ship2" varchar(255) NOT NULL,
    "status2" bool NOT NULL,
    "state_ship3" varchar(255) NOT NULL,
    "status3" bool NOT NULL,
    "state_ship4" varchar(255) NOT NULL,
    "status4" bool NOT NULL,
    "state_ship5" varchar(255) NOT NULL,
    "status5" bool NOT NULL,
    "state_ship6" varchar(255) NOT NULL,
    "status6" bool NOT NULL,
    PRIMARY KEY ("order_id")
);

-- This script only contains the table creation statements and does not fully represent the table in the database. Do not use it as a backup.

-- Sequence and defined type
CREATE SEQUENCE IF NOT EXISTS voucher_voucher_id_seq;

-- Table Definition
CREATE TABLE "public"."voucher" (
    "voucher_id" int4 NOT NULL DEFAULT nextval('voucher_voucher_id_seq'::regclass),
    "food_id" int4 NOT NULL,
    "discount" numeric(3,2) NOT NULL CHECK ((discount >= (0)::numeric) AND (discount <= 1.0)),
    "duration_from" timestamp DEFAULT CURRENT_TIMESTAMP,
    "duration_to" timestamp,
    PRIMARY KEY ("voucher_id")
);

INSERT INTO "public"."banneritems" ("id", "name", "url") VALUES
(1, 'anh 1', '/images/map1.png'),
(2, 'anh 2', '/images/map2.png'),
(3, 'anh 3', '/images/map3.png'),
(4, 'anh 4', '/images/map4.png'),
(5, 'anh 5', '/images/map5.png'),
(6, 'anh 6', '/images/map6.png'),
(7, 'anh 7', '/images/map7.png'),
(8, 'anh 8', '/images/map8.png'),
(9, 'anh 9', '/images/map9.png'),
(10, 'anh 10', '/images/map10.png');

INSERT INTO "public"."branch" ("branch_id", "branch_name", "address", "area_classify", "featured", "thumbnail", "eatery_id") VALUES
(1, 'Chi nhánh 1', '123 Nguyễn Trãi, Quận 1', 'Quận 1', 't', '/images/branch1.png', 4),
(2, 'Chi nhánh 2', '456 Cách Mạng Tháng 8, Quận 3', 'Quận 3', 'f', '/images/branch2.png', 4),
(3, 'Chi nhánh 1', '789 Phạm Văn Đồng, Quận Thủ Đức', 'Thủ Đức', 't', '/images/branch3.png', 5),
(4, 'Chi nhánh 2', '321 Hoàng Văn Thụ, Quận Tân Bình', 'Tân Bình', 'f', '/images/branch4.png', 5),
(5, 'Chi nhánh 1', '567 Điện Biên Phủ, Quận Bình Thạnh', 'Bình Thạnh', 't', '/images/branch5.png', 6),
(6, 'Chi nhánh 2', '890 Võ Văn Kiệt, Quận 5', 'Quận 5', 'f', '/images/branch6.png', 6),
(7, 'Chi nhánh 3', '101 Hùng Vương, Quận 6', 'Quận 6', 'f', '/images/branch7.png', 6),
(8, 'Chi nhánh 1', '246 Lý Thường Kiệt, Quận 10', 'Quận 10', 't', '/images/branch8.png', 7),
(9, 'Chi nhánh 2', '369 Nguyễn Thị Minh Khai, Quận 1', 'Quận 1', 'f', '/images/branch9.png', 7),
(10, 'Chi nhánh 3', '159 Trần Não, Quận 2', 'Quận 2', 'f', '/images/branch1.png', 7),
(11, 'Chi nhánh 1', '753 Nguyễn Văn Cừ, Quận 5', 'Quận 5', 't', '/images/branch2.png', 8),
(12, 'Chi nhánh 1', '852 Lê Văn Sỹ, Quận 3', 'Quận 3', 't', '/images/branch3.png', 9),
(13, 'Chi nhánh 2', '951 Đường D2, Quận Bình Thạnh', 'Bình Thạnh', 'f', '/images/branch4.png', 9),
(14, 'Chi nhánh 1', '741 Âu Cơ, Quận Tân Phú', 'Tân Phú', 't', '/images/branch5.png', 10),
(15, 'Chi nhánh 2', '369 Trường Chinh, Quận 12', 'Quận 12', 'f', '/images/branch6.png', 10),
(16, 'Chi nhánh 3', '258 Nguyễn Tri Phương, Quận 10', 'Quận 10', 'f', '/images/branch7.png', 10),
(17, 'Chi nhánh 4', '147 Võ Văn Ngân, Quận Thủ Đức', 'Thủ Đức', 'f', '/images/branch8.png', 10),
(18, 'Chi nhánh 5', '369 Lê Quang Định, Quận Bình Thạnh', 'Bình Thạnh', 'f', '/images/branch9.png', 10);

INSERT INTO "public"."category" ("category_id", "category_name", "description", "cat_thumbnail") VALUES
(10, 'Mì phở', 'Các món mì, bún, phở đặc trưng của Việt Nam và quốc tế', '/images/noddle.png'),
(1, 'Vỉa hè', 'Các món ăn đường phố phổ biến và hấp dẫn', '/images/noddle.png'),
(2, 'Món lẩu', 'Các loại lẩu đa dạng từ truyền thống đến hiện đại', '/images/noddle.png'),
(3, 'Cơm hộp', 'Cơm phần tiện lợi, phù hợp cho dân văn phòng', '/images/noddle.png'),
(4, 'Đồ uống', 'Các loại đồ uống từ trà sữa, cà phê đến nước ép', '/images/noddle.png'),
(5, 'Đồ chay', 'Các món ăn chay từ rau củ và nguyên liệu tự nhiên', '/images/Ga.png'),
(6, 'Bánh kem', 'Các loại bánh kem, bánh ngọt cho các dịp đặc biệt', '/images/Ga.png'),
(7, 'Tráng miệng', 'Món ăn tráng miệng như chè, pudding, bánh flan', '/images/Ga.png'),
(8, 'Homemade', 'Món ăn tự làm tại nhà với nguyên liệu tự nhiên', '/images/Ga.png'),
(9, 'Sushi', 'Các loại sushi từ truyền thống Nhật Bản đến biến tấu hiện đại', '/images/Ga.png'),
(11, 'Đồ ăn', 'Danh mục chung cho các loại đồ ăn khác nhau', '/images/noddle.png'),
(12, 'Pizza', 'Pizza phong cách Ý với nhiều loại topping hấp dẫn', '/images/noddle.png'),
(13, 'Burger', 'Burger kiểu Mỹ với nhiều loại nhân phong phú', '/images/noddle.png'),
(14, 'Món gà', 'Các món ăn từ gà như gà rán, gà nướng, gà sốt', '/images/noddle.png');

INSERT INTO "public"."commentfood" ("food_id", "customer_id", "body", "star_evaluate") VALUES
(1, 1, 'Món ăn rất ngon, gỏi cuốn tươi và nước chấm đậm đà.', 5),
(2, 2, 'Phở bò có hương vị tuyệt vời, nước dùng đậm đà.', 4),
(3, 3, 'Chè bưởi thơm ngon nhưng hơi ngọt.', 3),
(4, 4, 'Bánh bèo rất mềm và ngon, topping vừa miệng.', 5),
(5, 5, 'Bún bò Huế cay nồng đúng vị miền Trung.', 4),
(6, 6, 'Rau câu dừa mát lạnh, rất thích.', 5),
(7, 7, 'Nem rán giòn, nhưng hơi nhiều dầu.', 3),
(8, 8, 'Cơm tấm sườn mềm, chả thơm ngon.', 5),
(9, 9, 'Bánh chuối nướng rất ngon, nước cốt dừa béo.', 4);

INSERT INTO "public"."customer" ("customer_id", "email", "password", "phone", "address", "accountName", "surname", "name") VALUES
(1, 'ndhhndvn@yahoo.com', 'password123', '0912345678', '12 Lý Tự Trọng, Quận 1', 'user1', 'Nguyễn', 'Văn A'),
(2, 'hauhndvn112@yahoo.com', 'password123', '0923456789', '45 Hai Bà Trưng, Quận 3', 'user2', 'Hoàng', 'Anh B'),
(3, 'haund112@yahoo.com.vn', 'password123', '0934567890', '78 Lê Văn Sỹ, Quận Phú Nhuận', 'user3', 'Trần', 'Quốc C'),
(4, 'vanhoa0685@yahoo.com.vn', 'password123', '0945678901', '123 Điện Biên Phủ, Quận Bình Thạnh', 'user4', 'Phạm', 'Hải D'),
(5, 'user5@example.com', 'password123', '0956789012', '234 Nguyễn Đình Chiểu, Quận 3', 'user5', 'Lê', 'Hồng E'),
(6, 'user6@example.com', 'password123', '0967890123', '56 Phạm Ngọc Thạch, Quận 1', 'user6', 'Vũ', 'Thái F'),
(7, 'user7@example.com', 'password123', '0978901234', '678 Trường Sa, Quận Phú Nhuận', 'user7', 'Đặng', 'Duy G'),
(8, 'user8@example.com', 'password123', '0989012345', '789 Hoàng Sa, Quận 3', 'user8', 'Bùi', 'Minh H'),
(9, 'user9@example.com', 'password123', '0990123456', '90 Lý Chính Thắng, Quận 3', 'user9', 'Đỗ', 'Ngọc I'),
(10, 'user10@example.com', 'password123', '0901234567', '102 Nguyễn Văn Trỗi, Quận Phú Nhuận', 'user10', 'Hồ', 'Thanh J'),
(11, 'hauhndvn11@gmail.com', '1234', '0983529988', '105 Quán Thánh, Ba Đình, Hà Nội', 'hau1', 'Nguyễn', 'Hậu K'),
(12, 'hauhndvn112@gmail.com', '1234', '0983526688', '105 Quán Thánh, Ba Đình, Hà Nội', 'hau2', 'Nguyễn', 'Hậu L'),
(13, 'ndhhndvn@gmail.com', '1234', '0704822374', '105 Quán Thánh, Ba Đình, Hà Nội', 'hieu1', 'Nguyễn', 'Hiếu'),
(14, 'hau.nguyenduc@gmail.com', '1234', '0986177364', '12 hẻm 38/15 đường Đại Cát, Liên Mạc, Bắc Từ Liêm, Hà Nội', 'thanh1', 'Trấn', 'Thành'),
(15, 'chiboTrungtamCNTT@protonmail.com', '1234', '0916752451', '9 Tôn Thất Thuyết, Nam Từ Liêm, Hà Nội', 'anh1', 'Lê Quỳnh', 'Anh'),
(16, 'hauhndvn@gmail.com', '1234', '0912985312', '2 Ngọc Hà, Ba Đình, Hà Nội', 'dai1', '', '');

INSERT INTO "public"."eatery" ("eatery_id", "thumbnail", "name", "time_open", "time_close", "min_price", "max_price", "service_fee", "description", "address") VALUES
(1, '/images/map1.png', 'Quán Ăn Ngon', '08:00:00', '22:00:00', 50000, 500000, 5, 'Nhà hàng nổi tiếng với các món ăn truyền thống Việt Nam.', '24 Nguyễn Huệ, Quận 1'),
(2, '/images/map2.png', 'Nhà hàng Gánh', '07:00:00', '21:30:00', 70000, 700000, 7.5, 'Phục vụ đặc sản miền Trung với không gian hoài cổ.', '16 Lê Lợi, Quận 3'),
(3, '/images/map3.png', 'Bếp Nhà', '09:00:00', '20:00:00', 60000, 600000, 6, 'Không gian ấm cúng, món ăn mang hương vị gia đình.', '19 Hoàng Sa, Quận Phú Nhuận'),
(4, '/images/map4.png', 'Nhà hàng Sài Gòn', '10:00:00', '23:00:00', 80000, 1000000, 10, 'Không gian sang trọng, phục vụ ẩm thực Á - Âu.', '123 Nguyễn Trãi, Quận 1'),
(5, '/images/map1.png', 'Ẩm Thực Quê Hương', '06:30:00', '21:00:00', 40000, 400000, 4, 'Chuyên các món ăn dân dã, đặc sản ba miền.', '789 Phạm Văn Đồng, Quận Thủ Đức'),
(6, '/images/map2.png', 'BBQ Garden', '17:00:00', '00:00:00', 150000, 900000, 12, 'Lẩu nướng không khói, không gian ngoài trời thoáng đãng.', '567 Điện Biên Phủ, Quận Bình Thạnh'),
(7, '/images/map3.png', 'Nhà hàng Biển Đông', '09:00:00', '22:30:00', 100000, 800000, 9, 'Chuyên hải sản tươi sống, chế biến theo yêu cầu.', '246 Lý Thường Kiệt, Quận 10'),
(8, '/images/map4.png', 'Pizza & Pasta', '10:00:00', '22:00:00', 120000, 700000, 8, 'Thực đơn phong phú với các món Ý truyền thống.', '753 Nguyễn Văn Cừ, Quận 5'),
(9, '/images/map1.png', 'Nhà hàng Chay Sen', '07:00:00', '21:00:00', 50000, 600000, 6, 'Không gian yên tĩnh, thực đơn thuần chay tốt cho sức khỏe.', '852 Lê Văn Sỹ, Quận 3'),
(10, '/images/map2.png', 'Lẩu Thái Sài Gòn', '11:00:00', '23:30:00', 90000, 750000, 7, 'Chuyên các món lẩu chua cay, đậm đà hương vị Thái.', '741 Âu Cơ, Quận Tân Phú');

INSERT INTO "public"."food" ("food_id", "thumbnail", "description", "name_food", "price", "inventory", "featured", "promotion", "kind", "eatery_id", "category_id") VALUES
(1, '/food/ga1.jpg', 'Gỏi cuốn tôm thịt, chấm nước mắm chua ngọt.', 'Gỏi cuốn', 100000, 9, 't', 'Giảm 10%', 'Khai vị', 1, 11),
(2, '/food/lau1.jpg', 'Phở bò tái nạm thơm ngon, nước dùng đậm đà.', 'Phở bò', 150000, 6, 'f', 'Giảm 15%', 'Món chính', 1, 10),
(3, '/food/ga1.jpg', 'Chè bưởi giòn ngon, nước cốt dừa béo ngậy.', 'Chè bưởi', 120000, 5, 't', 'Giảm 5%', 'Tráng miệng', 1, 7),
(4, '/food/lau1.jpg', 'Bánh bèo chén, rắc tôm cháy, mỡ hành.', 'Bánh bèo', 200000, 6, 'f', 'Giảm 20%', 'Khai vị', 2, 11),
(5, '/food/ga1.jpg', 'Bún bò Huế cay nồng, đầy đủ thịt bò và chả cua.', 'Bún bò Huế', 180000, 6, 't', 'Giảm 25%', 'Món chính', 2, 10),
(6, '/food/lau1.jpg', 'Rau câu dừa mát lạnh, thích hợp tráng miệng.', 'Rau câu dừa', 130000, 5, 'f', 'Giảm 30%', 'Tráng miệng', 2, 7),
(7, '/food/ga1.jpg', 'Nem rán giòn rụm, nhân thịt băm và miến.', 'Nem rán', 140000, 4, 't', 'Giảm 10%', 'Khai vị', 3, 11),
(8, '/food/lau1.jpg', 'Cơm tấm sườn bì chả, nước mắm pha đậm đà.', 'Cơm tấm', 160000, 3, 'f', 'Giảm 15%', 'Món chính', 3, 11),
(9, '/food/ga1.jpg', 'Bánh chuối nướng, chan nước cốt dừa.', 'Bánh chuối nướng', 110000, 9, 't', 'Giảm 5%', 'Tráng miệng', 3, 5),
(10, '/food/bo1.jpg', 'Bò kho thơm lừng, ăn kèm bánh mì giòn rụm.', 'Bò kho', 220000, 8, 't', 'Giảm 10%', 'Món chính', 1, 11),
(11, '/food/cha1.jpg', 'Chả giò giòn tan, nhân thịt heo băm và miến.', 'Chả giò', 90000, 7, 'f', 'Giảm 5%', 'Khai vị', 2, 11),
(12, '/food/bo1.jpg', 'Lẩu Thái chua cay, hải sản tươi ngon.', 'Lẩu Thái', 280000, 6, 't', 'Giảm 15%', 'Món chính', 3, 11),
(13, '/food/cha1.jpg', 'Bánh xèo vàng giòn, nhân tôm thịt.', 'Bánh xèo', 180000, 5, 'f', 'Giảm 10%', 'Khai vị', 1, 11),
(14, '/food/bo1.jpg', 'Bún thịt nướng thơm ngon, mỡ hành béo ngậy.', 'Bún thịt nướng', 160000, 4, 't', 'Giảm 20%', 'Món chính', 2, 10),
(15, '/food/cha1.jpg', 'Bánh tráng trộn ngon khó cưỡng, đầy đủ topping.', 'Bánh tráng trộn', 70000, 3, 'f', 'Giảm 5%', 'Khai vị', 3, 11),
(16, '/food/bo1.jpg', 'Cơm cháy giòn rụm, chà bông đậm đà.', 'Cơm cháy chà bông', 120000, 9, 't', 'Giảm 10%', 'Món chính', 1, 11),
(17, '/food/cha1.jpg', 'Sữa chua nếp cẩm thơm ngon, mát lạnh.', 'Sữa chua nếp cẩm', 80000, 8, 'f', 'Giảm 15%', 'Tráng miệng', 2, 7),
(18, '/food/bo1.jpg', 'Bánh bao nhân thịt trứng muối hấp dẫn.', 'Bánh bao trứng muối', 110000, 7, 't', 'Giảm 5%', 'Khai vị', 3, 11),
(19, '/food/cha1.jpg', 'Chè Thái với sầu riêng thơm ngon, béo ngậy.', 'Chè Thái', 100000, 10, 'f', 'Giảm 10%', 'Tráng miệng', 1, 7),
(20, '/food/cha1.jpg', 'Chè Thái với sầu riêng thơm ngon, béo ngậy.', 'Chè Thái 01', 85000, 50, 't', 'Giảm 5%', 'Tráng miệng', 1, 7),
(21, '/food/cha1.jpg', 'Chè Thái với sầu riêng thơm ngon, béo ngậy.', 'Chè Thái 02', 70000, 75, 't', 'Giảm 10%', 'Khai vị', 1, 7),
(22, '/food/cha1.jpg', 'Chè Thái với sầu riêng thơm ngon, béo ngậy.', 'Chè Thái 03', 95000, 55, 'f', 'Giảm 15%', 'Món chính', 1, 7),
(23, '/food/cha1.jpg', 'Chè Thái với sầu riêng thơm ngon, béo ngậy.', 'Chè Thái 04', 75000, 25, 'f', 'Giảm 15%', 'Món chính', 1, 7),
(24, '/food/cha1.jpg', 'Chè Thái với sầu riêng thơm ngon, béo ngậy.', 'Chè Thái 05', 50000, 45, 't', 'Giảm 10%', 'Món chính', 1, 7),
(25, '/food/cha1.jpg', 'Chè Thái với sầu riêng thơm ngon, béo ngậy.', 'Chè Thái 06', 80000, 60, 't', 'Giảm 10%', 'Món chính', 1, 7),
(26, '/food/cha1.jpg', 'Chè Thái với sầu riêng thơm ngon, béo ngậy.', 'Chè Thái 07', 25000, 30, 'f', 'Giảm 10%', 'Tráng miệng', 1, 7),
(27, '/food/cha1.jpg', 'Chè Thái với sầu riêng thơm ngon, béo ngậy.', 'Chè Thái 08', 50000, 20, 'f', 'Giảm 15%', 'Món chính', 1, 7),
(28, '/food/cha1.jpg', 'Chè Thái với sầu riêng thơm ngon, béo ngậy.', 'Chè Thái 09', 25000, 30, 't', 'Giảm 10%', 'Món chính', 1, 7),
(29, '/food/cha1.jpg', 'Chè Thái với sầu riêng thơm ngon, béo ngậy.', 'Chè Thái 10', 65000, 75, 'f', 'Giảm 15%', 'Tráng miệng', 1, 7),
(30, '/food/cha1.jpg', 'Chè Thái với sầu riêng thơm ngon, béo ngậy.', 'Chè Thái 11', 25000, 65, 'f', 'Giảm 10%', 'Khai vị', 1, 7),
(31, '/food/cha1.jpg', 'Chè Thái với sầu riêng thơm ngon, béo ngậy.', 'Chè Thái 12', 25000, 45, 't', 'Giảm 20%', 'Món chính', 1, 7),
(32, '/food/cha1.jpg', 'Chè Thái với sầu riêng thơm ngon, béo ngậy.', 'Chè Thái 13', 35000, 40, 't', 'Giảm 10%', 'Món chính', 1, 7),
(33, '/food/cha1.jpg', 'Chè Thái với sầu riêng thơm ngon, béo ngậy.', 'Chè Thái 14', 90000, 60, 'f', 'Giảm 15%', 'Món chính', 1, 7),
(34, '/food/cha1.jpg', 'Chè Thái với sầu riêng thơm ngon, béo ngậy.', 'Chè Thái 15', 45000, 25, 't', 'Giảm 10%', 'Khai vị', 1, 7),
(35, '/food/cha1.jpg', 'Chè Thái với sầu riêng thơm ngon, béo ngậy.', 'Chè Thái 16', 55000, 75, 'f', 'Giảm 5%', 'Khai vị', 1, 7),
(36, '/food/cha1.jpg', 'Chè Thái với sầu riêng thơm ngon, béo ngậy.', 'Chè Thái 17', 65000, 70, 'f', 'Giảm 15%', 'Món chính', 1, 7),
(37, '/food/cha1.jpg', 'Chè Thái với sầu riêng thơm ngon, béo ngậy.', 'Chè Thái 18', 90000, 40, 't', 'Giảm 10%', 'Món chính', 1, 7),
(38, '/food/cha1.jpg', 'Chè Thái với sầu riêng thơm ngon, béo ngậy.', 'Chè Thái 19', 45000, 70, 't', 'Giảm 5%', 'Khai vị', 1, 7),
(39, '/food/cha1.jpg', 'Chè Thái với sầu riêng thơm ngon, béo ngậy.', 'Chè Thái 20', 30000, 20, 'f', 'Giảm 5%', 'Khai vị', 1, 7),
(40, '/food/cha1.jpg', 'Chè Thái với sầu riêng thơm ngon, béo ngậy.', 'Chè Thái 21', 25000, 25, 'f', 'Giảm 15%', 'Món chính', 1, 7),
(41, '/food/cha1.jpg', 'Chè Thái với sầu riêng thơm ngon, béo ngậy.', 'Chè Thái 22', 55000, 75, 't', 'Giảm 10%', 'Khai vị', 1, 7),
(42, '/food/cha1.jpg', 'Chè Thái với sầu riêng thơm ngon, béo ngậy.', 'Chè Thái 23', 35000, 25, 't', 'Giảm 10%', 'Món chính', 1, 7),
(43, '/food/cha1.jpg', 'Chè Thái với sầu riêng thơm ngon, béo ngậy.', 'Chè Thái 24', 35000, 55, 't', 'Giảm 10%', 'Món chính', 1, 7),
(44, '/food/cha1.jpg', 'Chè Thái với sầu riêng thơm ngon, béo ngậy.', 'Chè Thái 25', 90000, 65, 'f', 'Giảm 15%', 'Tráng miệng', 1, 7),
(45, '/food/cha1.jpg', 'Chè Thái với sầu riêng thơm ngon, béo ngậy.', 'Chè Thái 26', 65000, 50, 'f', 'Giảm 15%', 'Món chính', 1, 7),
(46, '/food/cha1.jpg', 'Chè Thái với sầu riêng thơm ngon, béo ngậy.', 'Chè Thái 27', 40000, 55, 'f', 'Giảm 15%', 'Tráng miệng', 1, 7),
(47, '/food/cha1.jpg', 'Chè Thái với sầu riêng thơm ngon, béo ngậy.', 'Chè Thái 28', 40000, 35, 't', 'Giảm 10%', 'Khai vị', 1, 7),
(48, '/food/cha1.jpg', 'Chè Thái với sầu riêng thơm ngon, béo ngậy.', 'Chè Thái 29', 90000, 60, 'f', 'Giảm 10%', 'Tráng miệng', 1, 7),
(49, '/food/cha1.jpg', 'Chè Thái với sầu riêng thơm ngon, béo ngậy.', 'Chè Thái 30', 45000, 65, 't', 'Giảm 10%', 'Khai vị', 1, 7),
(50, '/food/cha1.jpg', 'Chè Thái với sầu riêng thơm ngon, béo ngậy.', 'Chè Thái 31', 75000, 55, 't', 'Giảm 10%', 'Món chính', 1, 7),
(51, '/food/cha1.jpg', 'Chè Thái với sầu riêng thơm ngon, béo ngậy.', 'Chè Thái 32', 25000, 55, 'f', 'Giảm 30%', 'Tráng miệng', 1, 7),
(52, '/food/cha1.jpg', 'Chè Thái với sầu riêng thơm ngon, béo ngậy.', 'Chè Thái 33', 95000, 75, 't', 'Giảm 10%', 'Khai vị', 1, 7),
(53, '/food/cha1.jpg', 'Chè Thái với sầu riêng thơm ngon, béo ngậy.', 'Chè Thái 34', 75000, 65, 'f', 'Giảm 15%', 'Món chính', 1, 7),
(54, '/food/cha1.jpg', 'Chè Thái với sầu riêng thơm ngon, béo ngậy.', 'Chè Thái 35', 60000, 45, 't', 'Giảm 10%', 'Món chính', 1, 7),
(55, '/food/cha1.jpg', 'Chè Thái với sầu riêng thơm ngon, béo ngậy.', 'Chè Thái 36', 60000, 25, 'f', 'Giảm 15%', 'Món chính', 1, 7),
(56, '/food/cha1.jpg', 'Chè Thái với sầu riêng thơm ngon, béo ngậy.', 'Chè Thái 37', 25000, 45, 't', 'Giảm 10%', 'Khai vị', 1, 7),
(57, '/food/cha1.jpg', 'Chè Thái với sầu riêng thơm ngon, béo ngậy.', 'Chè Thái 38', 95000, 70, 'f', 'Giảm 15%', 'Món chính', 1, 7),
(58, '/food/cha1.jpg', 'Chè Thái với sầu riêng thơm ngon, béo ngậy.', 'Chè Thái 39', 40000, 25, 'f', 'Giảm 5%', 'Khai vị', 1, 7),
(59, '/food/cha1.jpg', 'Chè Thái với sầu riêng thơm ngon, béo ngậy.', 'Chè Thái 40', 35000, 30, 't', 'Giảm 5%', 'Khai vị', 1, 7),
(60, '/food/cha1.jpg', 'Chè Thái với sầu riêng thơm ngon, béo ngậy.', 'Chè Thái 41', 55000, 50, 't', 'Giảm 5%', 'Tráng miệng', 1, 7),
(61, '/food/cha1.jpg', 'Chè Thái với sầu riêng thơm ngon, béo ngậy.', 'Chè Thái 42', 85000, 25, 't', 'Giảm 10%', 'Khai vị', 1, 7),
(62, '/food/cha1.jpg', 'Chè Thái với sầu riêng thơm ngon, béo ngậy.', 'Chè Thái 43', 35000, 50, 'f', 'Giảm 15%', 'Món chính', 1, 7),
(63, '/food/cha1.jpg', 'Chè Thái với sầu riêng thơm ngon, béo ngậy.', 'Chè Thái 44', 55000, 65, 't', 'Giảm 25%', 'Món chính', 1, 7),
(64, '/food/cha1.jpg', 'Chè Thái với sầu riêng thơm ngon, béo ngậy.', 'Chè Thái 45', 35000, 50, 't', 'Giảm 5%', 'Khai vị', 1, 7),
(65, '/food/cha1.jpg', 'Chè Thái với sầu riêng thơm ngon, béo ngậy.', 'Chè Thái 46', 30000, 40, 't', 'Giảm 5%', 'Tráng miệng', 1, 7),
(66, '/food/cha1.jpg', 'Chè Thái với sầu riêng thơm ngon, béo ngậy.', 'Chè Thái 47', 75000, 20, 't', 'Giảm 10%', 'Khai vị', 1, 7),
(67, '/food/cha1.jpg', 'Chè Thái với sầu riêng thơm ngon, béo ngậy.', 'Chè Thái 48', 50000, 65, 'f', 'Giảm 15%', 'Món chính', 1, 7),
(68, '/food/cha1.jpg', 'Chè Thái với sầu riêng thơm ngon, béo ngậy.', 'Chè Thái 49', 95000, 55, 't', 'Giảm 5%', 'Tráng miệng', 1, 7),
(69, '/food/cha1.jpg', 'Chè Thái với sầu riêng thơm ngon, béo ngậy.', 'Chè Thái 50', 40000, 25, 't', 'Giảm 15%', 'Món chính', 1, 7),
(70, '/food/cha1.jpg', 'Chè Thái với sầu riêng thơm ngon, béo ngậy.', 'Chè Thái 51', 80000, 25, 't', 'Giảm 10%', 'Món chính', 1, 7),
(71, '/food/cha1.jpg', 'Chè Thái với sầu riêng thơm ngon, béo ngậy.', 'Chè Thái 52', 30000, 45, 'f', 'Giảm 15%', 'Tráng miệng', 1, 7),
(72, '/food/cha1.jpg', 'Chè Thái với sầu riêng thơm ngon, béo ngậy.', 'Chè Thái 53', 55000, 55, 't', 'Giảm 10%', 'Khai vị', 1, 7),
(73, '/food/cha1.jpg', 'Chè Thái với sầu riêng thơm ngon, béo ngậy.', 'Chè Thái 54', 50000, 55, 'f', 'Giảm 15%', 'Món chính', 1, 7),
(74, '/food/cha1.jpg', 'Chè Thái với sầu riêng thơm ngon, béo ngậy.', 'Chè Thái 55', 30000, 40, 't', 'Giảm 10%', 'Khai vị', 1, 7),
(75, '/food/cha1.jpg', 'Chè Thái với sầu riêng thơm ngon, béo ngậy.', 'Chè Thái 56', 50000, 40, 't', 'Giảm 10%', 'Khai vị', 1, 7),
(76, '/food/cha1.jpg', 'Chè Thái với sầu riêng thơm ngon, béo ngậy.', 'Chè Thái 57', 65000, 55, 'f', 'Giảm 5%', 'Khai vị', 1, 7),
(77, '/food/cha1.jpg', 'Chè Thái với sầu riêng thơm ngon, béo ngậy.', 'Chè Thái 58', 55000, 45, 'f', 'Giảm 30%', 'Tráng miệng', 1, 7),
(78, '/food/cha1.jpg', 'Chè Thái với sầu riêng thơm ngon, béo ngậy.', 'Chè Thái 59', 60000, 25, 'f', 'Giảm 15%', 'Món chính', 1, 7),
(79, '/food/cha1.jpg', 'Chè Thái với sầu riêng thơm ngon, béo ngậy.', 'Chè Thái 60', 50000, 40, 't', 'Giảm 10%', 'Khai vị', 1, 7),
(80, '/food/cha1.jpg', 'Chè Thái với sầu riêng thơm ngon, béo ngậy.', 'Chè Thái 61', 35000, 35, 'f', 'Giảm 15%', 'Món chính', 1, 7),
(81, '/food/cha1.jpg', 'Chè Thái với sầu riêng thơm ngon, béo ngậy.', 'Chè Thái 62', 50000, 55, 't', 'Giảm 10%', 'Khai vị', 1, 7),
(82, '/food/cha1.jpg', 'Chè Thái với sầu riêng thơm ngon, béo ngậy.', 'Chè Thái 63', 90000, 60, 'f', 'Giảm 15%', 'Món chính', 1, 7),
(83, '/food/cha1.jpg', 'Chè Thái với sầu riêng thơm ngon, béo ngậy.', 'Chè Thái 64', 70000, 25, 't', 'Giảm 10%', 'Món chính', 1, 7),
(84, '/food/cha1.jpg', 'Chè Thái với sầu riêng thơm ngon, béo ngậy.', 'Chè Thái 65', 70000, 35, 't', 'Giảm 10%', 'Khai vị', 1, 7),
(85, '/food/cha1.jpg', 'Chè Thái với sầu riêng thơm ngon, béo ngậy.', 'Chè Thái 66', 20000, 60, 't', 'Giảm 10%', 'Khai vị', 1, 7),
(86, '/food/cha1.jpg', 'Chè Thái với sầu riêng thơm ngon, béo ngậy.', 'Chè Thái 67', 40000, 50, 't', 'Giảm 10%', 'Khai vị', 1, 7),
(87, '/food/cha1.jpg', 'Chè Thái với sầu riêng thơm ngon, béo ngậy.', 'Chè Thái 68', 80000, 35, 'f', 'Giảm 10%', 'Tráng miệng', 1, 7),
(88, '/food/cha1.jpg', 'Chè Thái với sầu riêng thơm ngon, béo ngậy.', 'Chè Thái 69', 50000, 65, 't', 'Giảm 10%', 'Món chính', 1, 7),
(89, '/food/cha1.jpg', 'Chè Thái với sầu riêng thơm ngon, béo ngậy.', 'Chè Thái 70', 25000, 60, 't', 'Giảm 10%', 'Món chính', 1, 7),
(90, '/food/cha1.jpg', 'Chè Thái với sầu riêng thơm ngon, béo ngậy.', 'Chè Thái 71', 40000, 40, 't', 'Giảm 10%', 'Khai vị', 1, 7),
(91, '/food/cha1.jpg', 'Chè Thái với sầu riêng thơm ngon, béo ngậy.', 'Chè Thái 72', 55000, 50, 'f', 'Giảm 15%', 'Món chính', 1, 7),
(92, '/food/cha1.jpg', 'Chè Thái với sầu riêng thơm ngon, béo ngậy.', 'Chè Thái 73', 35000, 35, 't', 'Giảm 10%', 'Món chính', 1, 7),
(93, '/food/cha1.jpg', 'Chè Thái với sầu riêng thơm ngon, béo ngậy.', 'Chè Thái 74', 25000, 75, 't', 'Giảm 10%', 'Khai vị', 1, 7),
(94, '/food/cha1.jpg', 'Chè Thái với sầu riêng thơm ngon, béo ngậy.', 'Chè Thái 75', 50000, 20, 't', 'Giảm 10%', 'Khai vị', 1, 7),
(95, '/food/cha1.jpg', 'Chè Thái với sầu riêng thơm ngon, béo ngậy.', 'Chè Thái 76', 45000, 65, 't', 'Giảm 5%', 'Tráng miệng', 1, 7),
(96, '/food/cha1.jpg', 'Chè Thái với sầu riêng thơm ngon, béo ngậy.', 'Chè Thái 77', 25000, 40, 't', 'Giảm 10%', 'Khai vị', 1, 7),
(97, '/food/cha1.jpg', 'Chè Thái với sầu riêng thơm ngon, béo ngậy.', 'Chè Thái 78', 35000, 65, 't', 'Giảm 15%', 'Món chính', 1, 7),
(98, '/food/cha1.jpg', 'Chè Thái với sầu riêng thơm ngon, béo ngậy.', 'Chè Thái 79', 25000, 70, 't', 'Giảm 15%', 'Món chính', 1, 7),
(99, '/food/cha1.jpg', 'Chè Thái với sầu riêng thơm ngon, béo ngậy.', 'Chè Thái 80', 20000, 55, 'f', 'Giảm 15%', 'Món chính', 1, 7),
(100, '/food/cha1.jpg', 'Chè Thái với sầu riêng thơm ngon, béo ngậy.', 'Chè Thái 81', 75000, 30, 'f', 'Giảm 10%', 'Tráng miệng', 1, 7),
(101, '/food/cha1.jpg', 'Chè Thái với sầu riêng thơm ngon, béo ngậy.', 'Chè Thái 82', 70000, 60, 't', 'Giảm 10%', 'Món chính', 1, 7),
(102, '/food/cha1.jpg', 'Chè Thái với sầu riêng thơm ngon, béo ngậy.', 'Chè Thái 83', 80000, 50, 't', 'Giảm 5%', 'Tráng miệng', 1, 7),
(103, '/food/cha1.jpg', 'Chè Thái với sầu riêng thơm ngon, béo ngậy.', 'Chè Thái 84', 20000, 50, 't', 'Giảm 5%', 'Khai vị', 1, 7),
(104, '/food/cha1.jpg', 'Chè Thái với sầu riêng thơm ngon, béo ngậy.', 'Chè Thái 85', 65000, 50, 'f', 'Giảm 10%', 'Khai vị', 1, 7),
(105, '/food/cha1.jpg', 'Chè Thái với sầu riêng thơm ngon, béo ngậy.', 'Chè Thái 86', 25000, 25, 't', 'Giảm 15%', 'Món chính', 1, 7),
(106, '/food/cha1.jpg', 'Chè Thái với sầu riêng thơm ngon, béo ngậy.', 'Chè Thái 87', 45000, 25, 'f', 'Giảm 15%', 'Tráng miệng', 1, 7),
(107, '/food/cha1.jpg', 'Chè Thái với sầu riêng thơm ngon, béo ngậy.', 'Chè Thái 88', 90000, 45, 't', 'Giảm 10%', 'Khai vị', 1, 7),
(108, '/food/cha1.jpg', 'Chè Thái với sầu riêng thơm ngon, béo ngậy.', 'Chè Thái 89', 95000, 45, 't', 'Giảm 10%', 'Khai vị', 1, 7),
(109, '/food/cha1.jpg', 'Chè Thái với sầu riêng thơm ngon, béo ngậy.', 'Chè Thái 90', 25000, 70, 'f', 'Giảm 5%', 'Khai vị', 1, 7),
(110, '/food/cha1.jpg', 'Chè Thái với sầu riêng thơm ngon, béo ngậy.', 'Chè Thái 91', 60000, 50, 'f', 'Giảm 5%', 'Khai vị', 1, 7),
(111, '/food/cha1.jpg', 'Chè Thái với sầu riêng thơm ngon, béo ngậy.', 'Chè Thái 92', 20000, 65, 't', 'Giảm 10%', 'Món chính', 1, 7),
(112, '/food/cha1.jpg', 'Chè Thái với sầu riêng thơm ngon, béo ngậy.', 'Chè Thái 93', 45000, 25, 'f', 'Giảm 15%', 'Tráng miệng', 1, 7),
(113, '/food/cha1.jpg', 'Chè Thái với sầu riêng thơm ngon, béo ngậy.', 'Chè Thái 94', 80000, 55, 'f', 'Giảm 15%', 'Tráng miệng', 1, 7),
(114, '/food/cha1.jpg', 'Chè Thái với sầu riêng thơm ngon, béo ngậy.', 'Chè Thái 95', 40000, 35, 'f', 'Giảm 5%', 'Khai vị', 1, 7),
(115, '/food/cha1.jpg', 'Chè Thái với sầu riêng thơm ngon, béo ngậy.', 'Chè Thái 96', 75000, 70, 't', 'Giảm 20%', 'Món chính', 1, 7),
(116, '/food/cha1.jpg', 'Chè Thái với sầu riêng thơm ngon, béo ngậy.', 'Chè Thái 97', 20000, 45, 't', 'Giảm 10%', 'Khai vị', 1, 7),
(117, '/food/cha1.jpg', 'Chè Thái với sầu riêng thơm ngon, béo ngậy.', 'Chè Thái 98', 25000, 30, 'f', 'Giảm 15%', 'Món chính', 1, 7),
(118, '/food/cha1.jpg', 'Chè Thái với sầu riêng thơm ngon, béo ngậy.', 'Chè Thái 99', 40000, 75, 't', 'Giảm 10%', 'Món chính', 1, 7),
(119, '/food/bo1.jpg', 'Bánh bao nhân thịt trứng muối hấp dẫn.', 'Bánh bao trứng muối 01', 70000, 45, 'f', 'Giảm 15%', 'Món chính', 3, 11),
(120, '/food/bo1.jpg', 'Bánh bao nhân thịt trứng muối hấp dẫn.', 'Bánh bao trứng muối 02', 80000, 75, 'f', 'Giảm 15%', 'Món chính', 3, 11),
(121, '/food/bo1.jpg', 'Bánh bao nhân thịt trứng muối hấp dẫn.', 'Bánh bao trứng muối 03', 70000, 60, 'f', 'Giảm 15%', 'Món chính', 3, 11),
(122, '/food/bo1.jpg', 'Bánh bao nhân thịt trứng muối hấp dẫn.', 'Bánh bao trứng muối 04', 55000, 35, 't', 'Giảm 10%', 'Khai vị', 3, 11),
(123, '/food/bo1.jpg', 'Bánh bao nhân thịt trứng muối hấp dẫn.', 'Bánh bao trứng muối 05', 75000, 30, 'f', 'Giảm 15%', 'Món chính', 3, 11),
(124, '/food/bo1.jpg', 'Bánh bao nhân thịt trứng muối hấp dẫn.', 'Bánh bao trứng muối 06', 70000, 70, 'f', 'Giảm 15%', 'Tráng miệng', 3, 11),
(125, '/food/bo1.jpg', 'Bánh bao nhân thịt trứng muối hấp dẫn.', 'Bánh bao trứng muối 07', 80000, 75, 't', 'Giảm 10%', 'Khai vị', 3, 11),
(126, '/food/bo1.jpg', 'Bánh bao nhân thịt trứng muối hấp dẫn.', 'Bánh bao trứng muối 08', 95000, 45, 't', 'Giảm 10%', 'Khai vị', 3, 11),
(127, '/food/bo1.jpg', 'Bánh bao nhân thịt trứng muối hấp dẫn.', 'Bánh bao trứng muối 09', 45000, 40, 't', 'Giảm 20%', 'Món chính', 3, 11),
(128, '/food/bo1.jpg', 'Bánh bao nhân thịt trứng muối hấp dẫn.', 'Bánh bao trứng muối 10', 60000, 75, 't', 'Giảm 5%', 'Tráng miệng', 3, 11),
(129, '/food/bo1.jpg', 'Bánh bao nhân thịt trứng muối hấp dẫn.', 'Bánh bao trứng muối 11', 65000, 50, 't', 'Giảm 10%', 'Món chính', 3, 11),
(130, '/food/bo1.jpg', 'Bánh bao nhân thịt trứng muối hấp dẫn.', 'Bánh bao trứng muối 12', 30000, 35, 't', 'Giảm 15%', 'Món chính', 3, 11),
(131, '/food/bo1.jpg', 'Bánh bao nhân thịt trứng muối hấp dẫn.', 'Bánh bao trứng muối 13', 65000, 50, 't', 'Giảm 10%', 'Món chính', 3, 11),
(132, '/food/bo1.jpg', 'Bánh bao nhân thịt trứng muối hấp dẫn.', 'Bánh bao trứng muối 14', 45000, 25, 't', 'Giảm 10%', 'Món chính', 3, 11),
(133, '/food/bo1.jpg', 'Bánh bao nhân thịt trứng muối hấp dẫn.', 'Bánh bao trứng muối 15', 90000, 40, 't', 'Giảm 10%', 'Khai vị', 3, 11),
(134, '/food/bo1.jpg', 'Bánh bao nhân thịt trứng muối hấp dẫn.', 'Bánh bao trứng muối 16', 45000, 50, 't', 'Giảm 10%', 'Món chính', 3, 11),
(135, '/food/bo1.jpg', 'Bánh bao nhân thịt trứng muối hấp dẫn.', 'Bánh bao trứng muối 17', 85000, 55, 'f', 'Giảm 15%', 'Món chính', 3, 11),
(136, '/food/bo1.jpg', 'Bánh bao nhân thịt trứng muối hấp dẫn.', 'Bánh bao trứng muối 18', 95000, 55, 't', 'Giảm 10%', 'Khai vị', 3, 11),
(137, '/food/bo1.jpg', 'Bánh bao nhân thịt trứng muối hấp dẫn.', 'Bánh bao trứng muối 19', 70000, 55, 'f', 'Giảm 15%', 'Món chính', 3, 11),
(138, '/food/bo1.jpg', 'Bánh bao nhân thịt trứng muối hấp dẫn.', 'Bánh bao trứng muối 20', 65000, 55, 't', 'Giảm 10%', 'Khai vị', 3, 11),
(139, '/food/bo1.jpg', 'Bánh bao nhân thịt trứng muối hấp dẫn.', 'Bánh bao trứng muối 21', 25000, 45, 'f', 'Giảm 15%', 'Món chính', 3, 11),
(140, '/food/bo1.jpg', 'Bánh bao nhân thịt trứng muối hấp dẫn.', 'Bánh bao trứng muối 22', 40000, 20, 't', 'Giảm 10%', 'Khai vị', 3, 11),
(141, '/food/bo1.jpg', 'Bánh bao nhân thịt trứng muối hấp dẫn.', 'Bánh bao trứng muối 23', 50000, 60, 't', 'Giảm 10%', 'Khai vị', 3, 11),
(142, '/food/bo1.jpg', 'Bánh bao nhân thịt trứng muối hấp dẫn.', 'Bánh bao trứng muối 24', 70000, 65, 't', 'Giảm 10%', 'Khai vị', 3, 11),
(143, '/food/bo1.jpg', 'Bánh bao nhân thịt trứng muối hấp dẫn.', 'Bánh bao trứng muối 25', 65000, 45, 'f', 'Giảm 15%', 'Món chính', 3, 11),
(144, '/food/bo1.jpg', 'Bánh bao nhân thịt trứng muối hấp dẫn.', 'Bánh bao trứng muối 26', 70000, 55, 't', 'Giảm 10%', 'Khai vị', 3, 11),
(145, '/food/bo1.jpg', 'Bánh bao nhân thịt trứng muối hấp dẫn.', 'Bánh bao trứng muối 27', 35000, 60, 'f', 'Giảm 15%', 'Món chính', 3, 11),
(146, '/food/bo1.jpg', 'Bánh bao nhân thịt trứng muối hấp dẫn.', 'Bánh bao trứng muối 28', 50000, 20, 'f', 'Giảm 15%', 'Món chính', 3, 11),
(147, '/food/bo1.jpg', 'Bánh bao nhân thịt trứng muối hấp dẫn.', 'Bánh bao trứng muối 29', 75000, 60, 'f', 'Giảm 15%', 'Tráng miệng', 3, 11),
(148, '/food/bo1.jpg', 'Bánh bao nhân thịt trứng muối hấp dẫn.', 'Bánh bao trứng muối 30', 40000, 20, 't', 'Giảm 10%', 'Món chính', 3, 11),
(149, '/food/bo1.jpg', 'Bánh bao nhân thịt trứng muối hấp dẫn.', 'Bánh bao trứng muối 31', 80000, 75, 'f', 'Giảm 15%', 'Món chính', 3, 11),
(150, '/food/bo1.jpg', 'Bánh bao nhân thịt trứng muối hấp dẫn.', 'Bánh bao trứng muối 32', 35000, 40, 't', 'Giảm 10%', 'Khai vị', 3, 11),
(151, '/food/bo1.jpg', 'Bánh bao nhân thịt trứng muối hấp dẫn.', 'Bánh bao trứng muối 33', 35000, 65, 't', 'Giảm 15%', 'Món chính', 3, 11),
(152, '/food/bo1.jpg', 'Bánh bao nhân thịt trứng muối hấp dẫn.', 'Bánh bao trứng muối 34', 75000, 30, 't', 'Giảm 10%', 'Món chính', 3, 11),
(153, '/food/bo1.jpg', 'Bánh bao nhân thịt trứng muối hấp dẫn.', 'Bánh bao trứng muối 35', 45000, 30, 't', 'Giảm 5%', 'Tráng miệng', 3, 11),
(154, '/food/bo1.jpg', 'Bánh bao nhân thịt trứng muối hấp dẫn.', 'Bánh bao trứng muối 36', 75000, 20, 't', 'Giảm 15%', 'Món chính', 3, 11),
(155, '/food/bo1.jpg', 'Bánh bao nhân thịt trứng muối hấp dẫn.', 'Bánh bao trứng muối 37', 50000, 75, 'f', 'Giảm 15%', 'Món chính', 3, 11),
(156, '/food/bo1.jpg', 'Bánh bao nhân thịt trứng muối hấp dẫn.', 'Bánh bao trứng muối 38', 40000, 75, 'f', 'Giảm 15%', 'Tráng miệng', 3, 11),
(157, '/food/bo1.jpg', 'Bánh bao nhân thịt trứng muối hấp dẫn.', 'Bánh bao trứng muối 39', 90000, 35, 't', 'Giảm 10%', 'Món chính', 3, 11),
(158, '/food/bo1.jpg', 'Bánh bao nhân thịt trứng muối hấp dẫn.', 'Bánh bao trứng muối 40', 40000, 75, 'f', 'Giảm 15%', 'Món chính', 3, 11),
(159, '/food/bo1.jpg', 'Bánh bao nhân thịt trứng muối hấp dẫn.', 'Bánh bao trứng muối 41', 45000, 60, 't', 'Giảm 5%', 'Tráng miệng', 3, 11),
(160, '/food/bo1.jpg', 'Bánh bao nhân thịt trứng muối hấp dẫn.', 'Bánh bao trứng muối 42', 60000, 35, 'f', 'Giảm 15%', 'Tráng miệng', 3, 11),
(161, '/food/bo1.jpg', 'Bánh bao nhân thịt trứng muối hấp dẫn.', 'Bánh bao trứng muối 43', 65000, 65, 'f', 'Giảm 30%', 'Tráng miệng', 3, 11),
(162, '/food/bo1.jpg', 'Bánh bao nhân thịt trứng muối hấp dẫn.', 'Bánh bao trứng muối 44', 80000, 65, 'f', 'Giảm 10%', 'Tráng miệng', 3, 11),
(163, '/food/bo1.jpg', 'Bánh bao nhân thịt trứng muối hấp dẫn.', 'Bánh bao trứng muối 45', 45000, 30, 't', 'Giảm 20%', 'Món chính', 3, 11),
(164, '/food/bo1.jpg', 'Bánh bao nhân thịt trứng muối hấp dẫn.', 'Bánh bao trứng muối 46', 90000, 70, 'f', 'Giảm 5%', 'Khai vị', 3, 11),
(165, '/food/bo1.jpg', 'Bánh bao nhân thịt trứng muối hấp dẫn.', 'Bánh bao trứng muối 47', 30000, 40, 't', 'Giảm 5%', 'Tráng miệng', 3, 11),
(166, '/food/bo1.jpg', 'Bánh bao nhân thịt trứng muối hấp dẫn.', 'Bánh bao trứng muối 48', 95000, 50, 't', 'Giảm 10%', 'Khai vị', 3, 11),
(167, '/food/bo1.jpg', 'Bánh bao nhân thịt trứng muối hấp dẫn.', 'Bánh bao trứng muối 49', 35000, 25, 't', 'Giảm 10%', 'Món chính', 3, 11),
(168, '/food/bo1.jpg', 'Bánh bao nhân thịt trứng muối hấp dẫn.', 'Bánh bao trứng muối 50', 50000, 20, 't', 'Giảm 5%', 'Tráng miệng', 3, 11),
(169, '/food/bo1.jpg', 'Bánh bao nhân thịt trứng muối hấp dẫn.', 'Bánh bao trứng muối 51', 35000, 75, 't', 'Giảm 10%', 'Khai vị', 3, 11),
(170, '/food/bo1.jpg', 'Bánh bao nhân thịt trứng muối hấp dẫn.', 'Bánh bao trứng muối 52', 70000, 30, 'f', 'Giảm 15%', 'Món chính', 3, 11),
(171, '/food/bo1.jpg', 'Bánh bao nhân thịt trứng muối hấp dẫn.', 'Bánh bao trứng muối 53', 95000, 50, 't', 'Giảm 10%', 'Khai vị', 3, 11),
(172, '/food/bo1.jpg', 'Bánh bao nhân thịt trứng muối hấp dẫn.', 'Bánh bao trứng muối 54', 45000, 65, 't', 'Giảm 10%', 'Món chính', 3, 11),
(173, '/food/bo1.jpg', 'Bánh bao nhân thịt trứng muối hấp dẫn.', 'Bánh bao trứng muối 55', 35000, 55, 'f', 'Giảm 15%', 'Tráng miệng', 3, 11),
(174, '/food/bo1.jpg', 'Bánh bao nhân thịt trứng muối hấp dẫn.', 'Bánh bao trứng muối 56', 85000, 40, 't', 'Giảm 10%', 'Món chính', 3, 11),
(175, '/food/bo1.jpg', 'Bánh bao nhân thịt trứng muối hấp dẫn.', 'Bánh bao trứng muối 57', 85000, 35, 'f', 'Giảm 15%', 'Món chính', 3, 11),
(176, '/food/bo1.jpg', 'Bánh bao nhân thịt trứng muối hấp dẫn.', 'Bánh bao trứng muối 58', 75000, 35, 't', 'Giảm 10%', 'Món chính', 3, 11),
(177, '/food/bo1.jpg', 'Bánh bao nhân thịt trứng muối hấp dẫn.', 'Bánh bao trứng muối 59', 30000, 65, 't', 'Giảm 10%', 'Khai vị', 3, 11),
(178, '/food/bo1.jpg', 'Bánh bao nhân thịt trứng muối hấp dẫn.', 'Bánh bao trứng muối 60', 30000, 65, 'f', 'Giảm 15%', 'Món chính', 3, 11),
(179, '/food/bo1.jpg', 'Bánh bao nhân thịt trứng muối hấp dẫn.', 'Bánh bao trứng muối 61', 70000, 60, 't', 'Giảm 5%', 'Khai vị', 3, 11),
(180, '/food/bo1.jpg', 'Bánh bao nhân thịt trứng muối hấp dẫn.', 'Bánh bao trứng muối 62', 55000, 30, 'f', 'Giảm 5%', 'Khai vị', 3, 11),
(181, '/food/bo1.jpg', 'Bánh bao nhân thịt trứng muối hấp dẫn.', 'Bánh bao trứng muối 63', 30000, 55, 't', 'Giảm 5%', 'Khai vị', 3, 11),
(182, '/food/bo1.jpg', 'Bánh bao nhân thịt trứng muối hấp dẫn.', 'Bánh bao trứng muối 64', 85000, 60, 't', 'Giảm 15%', 'Món chính', 3, 11),
(183, '/food/bo1.jpg', 'Bánh bao nhân thịt trứng muối hấp dẫn.', 'Bánh bao trứng muối 65', 80000, 25, 't', 'Giảm 5%', 'Tráng miệng', 3, 11),
(184, '/food/bo1.jpg', 'Bánh bao nhân thịt trứng muối hấp dẫn.', 'Bánh bao trứng muối 66', 75000, 65, 't', 'Giảm 10%', 'Khai vị', 3, 11),
(185, '/food/bo1.jpg', 'Bánh bao nhân thịt trứng muối hấp dẫn.', 'Bánh bao trứng muối 67', 20000, 55, 't', 'Giảm 10%', 'Khai vị', 3, 11),
(186, '/food/bo1.jpg', 'Bánh bao nhân thịt trứng muối hấp dẫn.', 'Bánh bao trứng muối 68', 30000, 60, 't', 'Giảm 5%', 'Khai vị', 3, 11),
(187, '/food/bo1.jpg', 'Bánh bao nhân thịt trứng muối hấp dẫn.', 'Bánh bao trứng muối 69', 95000, 75, 't', 'Giảm 10%', 'Món chính', 3, 11),
(188, '/food/bo1.jpg', 'Bánh bao nhân thịt trứng muối hấp dẫn.', 'Bánh bao trứng muối 70', 85000, 75, 't', 'Giảm 10%', 'Món chính', 3, 11),
(189, '/food/bo1.jpg', 'Bánh bao nhân thịt trứng muối hấp dẫn.', 'Bánh bao trứng muối 71', 55000, 30, 't', 'Giảm 10%', 'Khai vị', 3, 11),
(190, '/food/bo1.jpg', 'Bánh bao nhân thịt trứng muối hấp dẫn.', 'Bánh bao trứng muối 72', 75000, 50, 't', 'Giảm 5%', 'Tráng miệng', 3, 11),
(191, '/food/bo1.jpg', 'Bánh bao nhân thịt trứng muối hấp dẫn.', 'Bánh bao trứng muối 73', 25000, 55, 't', 'Giảm 5%', 'Tráng miệng', 3, 11),
(192, '/food/bo1.jpg', 'Bánh bao nhân thịt trứng muối hấp dẫn.', 'Bánh bao trứng muối 74', 80000, 70, 't', 'Giảm 15%', 'Món chính', 3, 11),
(193, '/food/bo1.jpg', 'Bánh bao nhân thịt trứng muối hấp dẫn.', 'Bánh bao trứng muối 75', 25000, 30, 't', 'Giảm 5%', 'Tráng miệng', 3, 11),
(194, '/food/bo1.jpg', 'Bánh bao nhân thịt trứng muối hấp dẫn.', 'Bánh bao trứng muối 76', 70000, 55, 'f', 'Giảm 15%', 'Món chính', 3, 11),
(195, '/food/bo1.jpg', 'Bánh bao nhân thịt trứng muối hấp dẫn.', 'Bánh bao trứng muối 77', 45000, 75, 'f', 'Giảm 15%', 'Món chính', 3, 11),
(196, '/food/bo1.jpg', 'Bánh bao nhân thịt trứng muối hấp dẫn.', 'Bánh bao trứng muối 78', 75000, 75, 't', 'Giảm 20%', 'Món chính', 3, 11),
(197, '/food/bo1.jpg', 'Bánh bao nhân thịt trứng muối hấp dẫn.', 'Bánh bao trứng muối 79', 85000, 65, 't', 'Giảm 20%', 'Món chính', 3, 11),
(198, '/food/bo1.jpg', 'Bánh bao nhân thịt trứng muối hấp dẫn.', 'Bánh bao trứng muối 80', 30000, 55, 't', 'Giảm 10%', 'Món chính', 3, 11),
(199, '/food/bo1.jpg', 'Bánh bao nhân thịt trứng muối hấp dẫn.', 'Bánh bao trứng muối 81', 80000, 20, 'f', 'Giảm 15%', 'Món chính', 3, 11),
(200, '/food/bo1.jpg', 'Bánh bao nhân thịt trứng muối hấp dẫn.', 'Bánh bao trứng muối 82', 80000, 50, 'f', 'Giảm 15%', 'Món chính', 3, 11),
(201, '/food/bo1.jpg', 'Bánh bao nhân thịt trứng muối hấp dẫn.', 'Bánh bao trứng muối 83', 40000, 45, 't', 'Giảm 10%', 'Khai vị', 3, 11),
(202, '/food/bo1.jpg', 'Bánh bao nhân thịt trứng muối hấp dẫn.', 'Bánh bao trứng muối 84', 25000, 75, 't', 'Giảm 10%', 'Món chính', 3, 11),
(203, '/food/bo1.jpg', 'Bánh bao nhân thịt trứng muối hấp dẫn.', 'Bánh bao trứng muối 85', 25000, 20, 't', 'Giảm 5%', 'Tráng miệng', 3, 11),
(204, '/food/bo1.jpg', 'Bánh bao nhân thịt trứng muối hấp dẫn.', 'Bánh bao trứng muối 86', 80000, 35, 'f', 'Giảm 15%', 'Món chính', 3, 11),
(205, '/food/bo1.jpg', 'Bánh bao nhân thịt trứng muối hấp dẫn.', 'Bánh bao trứng muối 87', 95000, 75, 't', 'Giảm 10%', 'Khai vị', 3, 11),
(206, '/food/bo1.jpg', 'Bánh bao nhân thịt trứng muối hấp dẫn.', 'Bánh bao trứng muối 88', 65000, 45, 't', 'Giảm 20%', 'Món chính', 3, 11),
(207, '/food/bo1.jpg', 'Bánh bao nhân thịt trứng muối hấp dẫn.', 'Bánh bao trứng muối 89', 65000, 60, 't', 'Giảm 10%', 'Món chính', 3, 11),
(208, '/food/bo1.jpg', 'Bánh bao nhân thịt trứng muối hấp dẫn.', 'Bánh bao trứng muối 90', 60000, 45, 'f', 'Giảm 15%', 'Món chính', 3, 11),
(209, '/food/bo1.jpg', 'Bánh bao nhân thịt trứng muối hấp dẫn.', 'Bánh bao trứng muối 91', 50000, 70, 't', 'Giảm 10%', 'Món chính', 3, 11),
(210, '/food/bo1.jpg', 'Bánh bao nhân thịt trứng muối hấp dẫn.', 'Bánh bao trứng muối 92', 70000, 65, 'f', 'Giảm 15%', 'Món chính', 3, 11),
(211, '/food/bo1.jpg', 'Bánh bao nhân thịt trứng muối hấp dẫn.', 'Bánh bao trứng muối 93', 90000, 45, 't', 'Giảm 10%', 'Món chính', 3, 11),
(212, '/food/bo1.jpg', 'Bánh bao nhân thịt trứng muối hấp dẫn.', 'Bánh bao trứng muối 94', 25000, 40, 't', 'Giảm 5%', 'Tráng miệng', 3, 11),
(213, '/food/bo1.jpg', 'Bánh bao nhân thịt trứng muối hấp dẫn.', 'Bánh bao trứng muối 95', 20000, 70, 't', 'Giảm 10%', 'Món chính', 3, 11),
(214, '/food/bo1.jpg', 'Bánh bao nhân thịt trứng muối hấp dẫn.', 'Bánh bao trứng muối 96', 40000, 75, 'f', 'Giảm 15%', 'Món chính', 3, 11),
(215, '/food/bo1.jpg', 'Bánh bao nhân thịt trứng muối hấp dẫn.', 'Bánh bao trứng muối 97', 60000, 25, 't', 'Giảm 10%', 'Khai vị', 3, 11),
(216, '/food/bo1.jpg', 'Bánh bao nhân thịt trứng muối hấp dẫn.', 'Bánh bao trứng muối 98', 95000, 75, 'f', 'Giảm 15%', 'Món chính', 3, 11),
(217, '/food/bo1.jpg', 'Bánh bao nhân thịt trứng muối hấp dẫn.', 'Bánh bao trứng muối 99', 70000, 60, 't', 'Giảm 10%', 'Món chính', 3, 11),
(218, '/food/cha1.jpg', 'Sữa chua nếp cẩm thơm ngon, mát lạnh.', 'Sữa chua nếp cẩm 01', 95000, 65, 'f', 'Giảm 15%', 'Món chính', 2, 7),
(219, '/food/cha1.jpg', 'Sữa chua nếp cẩm thơm ngon, mát lạnh.', 'Sữa chua nếp cẩm 02', 95000, 75, 't', 'Giảm 5%', 'Tráng miệng', 2, 7),
(220, '/food/cha1.jpg', 'Sữa chua nếp cẩm thơm ngon, mát lạnh.', 'Sữa chua nếp cẩm 03', 90000, 60, 't', 'Giảm 10%', 'Món chính', 2, 7),
(221, '/food/cha1.jpg', 'Sữa chua nếp cẩm thơm ngon, mát lạnh.', 'Sữa chua nếp cẩm 04', 60000, 50, 'f', 'Giảm 15%', 'Món chính', 2, 7),
(222, '/food/cha1.jpg', 'Sữa chua nếp cẩm thơm ngon, mát lạnh.', 'Sữa chua nếp cẩm 05', 55000, 60, 't', 'Giảm 10%', 'Khai vị', 2, 7),
(223, '/food/cha1.jpg', 'Sữa chua nếp cẩm thơm ngon, mát lạnh.', 'Sữa chua nếp cẩm 06', 85000, 50, 't', 'Giảm 10%', 'Khai vị', 2, 7),
(224, '/food/cha1.jpg', 'Sữa chua nếp cẩm thơm ngon, mát lạnh.', 'Sữa chua nếp cẩm 07', 40000, 40, 't', 'Giảm 10%', 'Món chính', 2, 7),
(225, '/food/cha1.jpg', 'Sữa chua nếp cẩm thơm ngon, mát lạnh.', 'Sữa chua nếp cẩm 08', 75000, 40, 't', 'Giảm 20%', 'Món chính', 2, 7),
(226, '/food/cha1.jpg', 'Sữa chua nếp cẩm thơm ngon, mát lạnh.', 'Sữa chua nếp cẩm 09', 65000, 50, 'f', 'Giảm 15%', 'Món chính', 2, 7),
(227, '/food/cha1.jpg', 'Sữa chua nếp cẩm thơm ngon, mát lạnh.', 'Sữa chua nếp cẩm 10', 75000, 70, 't', 'Giảm 10%', 'Món chính', 2, 7),
(228, '/food/cha1.jpg', 'Sữa chua nếp cẩm thơm ngon, mát lạnh.', 'Sữa chua nếp cẩm 11', 45000, 70, 'f', 'Giảm 15%', 'Món chính', 2, 7),
(229, '/food/cha1.jpg', 'Sữa chua nếp cẩm thơm ngon, mát lạnh.', 'Sữa chua nếp cẩm 12', 50000, 25, 't', 'Giảm 5%', 'Tráng miệng', 2, 7),
(230, '/food/cha1.jpg', 'Sữa chua nếp cẩm thơm ngon, mát lạnh.', 'Sữa chua nếp cẩm 13', 30000, 35, 't', 'Giảm 10%', 'Khai vị', 2, 7),
(231, '/food/cha1.jpg', 'Sữa chua nếp cẩm thơm ngon, mát lạnh.', 'Sữa chua nếp cẩm 14', 55000, 55, 't', 'Giảm 10%', 'Món chính', 2, 7),
(232, '/food/cha1.jpg', 'Sữa chua nếp cẩm thơm ngon, mát lạnh.', 'Sữa chua nếp cẩm 15', 40000, 55, 't', 'Giảm 10%', 'Khai vị', 2, 7),
(233, '/food/cha1.jpg', 'Sữa chua nếp cẩm thơm ngon, mát lạnh.', 'Sữa chua nếp cẩm 16', 95000, 70, 't', 'Giảm 10%', 'Khai vị', 2, 7),
(234, '/food/cha1.jpg', 'Sữa chua nếp cẩm thơm ngon, mát lạnh.', 'Sữa chua nếp cẩm 17', 25000, 30, 'f', 'Giảm 15%', 'Tráng miệng', 2, 7),
(235, '/food/cha1.jpg', 'Sữa chua nếp cẩm thơm ngon, mát lạnh.', 'Sữa chua nếp cẩm 18', 60000, 50, 't', 'Giảm 10%', 'Món chính', 2, 7),
(236, '/food/cha1.jpg', 'Sữa chua nếp cẩm thơm ngon, mát lạnh.', 'Sữa chua nếp cẩm 19', 85000, 55, 't', 'Giảm 10%', 'Khai vị', 2, 7),
(237, '/food/cha1.jpg', 'Sữa chua nếp cẩm thơm ngon, mát lạnh.', 'Sữa chua nếp cẩm 20', 20000, 55, 't', 'Giảm 10%', 'Món chính', 2, 7),
(238, '/food/cha1.jpg', 'Sữa chua nếp cẩm thơm ngon, mát lạnh.', 'Sữa chua nếp cẩm 21', 30000, 50, 't', 'Giảm 10%', 'Khai vị', 2, 7),
(239, '/food/cha1.jpg', 'Sữa chua nếp cẩm thơm ngon, mát lạnh.', 'Sữa chua nếp cẩm 22', 80000, 40, 't', 'Giảm 5%', 'Tráng miệng', 2, 7),
(240, '/food/cha1.jpg', 'Sữa chua nếp cẩm thơm ngon, mát lạnh.', 'Sữa chua nếp cẩm 23', 70000, 25, 'f', 'Giảm 15%', 'Tráng miệng', 2, 7),
(241, '/food/cha1.jpg', 'Sữa chua nếp cẩm thơm ngon, mát lạnh.', 'Sữa chua nếp cẩm 24', 40000, 60, 't', 'Giảm 10%', 'Khai vị', 2, 7),
(242, '/food/cha1.jpg', 'Sữa chua nếp cẩm thơm ngon, mát lạnh.', 'Sữa chua nếp cẩm 25', 55000, 60, 't', 'Giảm 5%', 'Tráng miệng', 2, 7),
(243, '/food/cha1.jpg', 'Sữa chua nếp cẩm thơm ngon, mát lạnh.', 'Sữa chua nếp cẩm 26', 20000, 35, 'f', 'Giảm 30%', 'Tráng miệng', 2, 7),
(244, '/food/cha1.jpg', 'Sữa chua nếp cẩm thơm ngon, mát lạnh.', 'Sữa chua nếp cẩm 27', 70000, 25, 't', 'Giảm 10%', 'Khai vị', 2, 7),
(245, '/food/cha1.jpg', 'Sữa chua nếp cẩm thơm ngon, mát lạnh.', 'Sữa chua nếp cẩm 28', 50000, 50, 't', 'Giảm 10%', 'Khai vị', 2, 7),
(246, '/food/cha1.jpg', 'Sữa chua nếp cẩm thơm ngon, mát lạnh.', 'Sữa chua nếp cẩm 29', 85000, 30, 'f', 'Giảm 15%', 'Món chính', 2, 7),
(247, '/food/cha1.jpg', 'Sữa chua nếp cẩm thơm ngon, mát lạnh.', 'Sữa chua nếp cẩm 30', 60000, 30, 'f', 'Giảm 30%', 'Tráng miệng', 2, 7),
(248, '/food/cha1.jpg', 'Sữa chua nếp cẩm thơm ngon, mát lạnh.', 'Sữa chua nếp cẩm 31', 45000, 50, 'f', 'Giảm 10%', 'Tráng miệng', 2, 7),
(249, '/food/cha1.jpg', 'Sữa chua nếp cẩm thơm ngon, mát lạnh.', 'Sữa chua nếp cẩm 32', 55000, 35, 't', 'Giảm 10%', 'Khai vị', 2, 7),
(250, '/food/cha1.jpg', 'Sữa chua nếp cẩm thơm ngon, mát lạnh.', 'Sữa chua nếp cẩm 33', 30000, 65, 'f', 'Giảm 15%', 'Món chính', 2, 7),
(251, '/food/cha1.jpg', 'Sữa chua nếp cẩm thơm ngon, mát lạnh.', 'Sữa chua nếp cẩm 34', 65000, 75, 'f', 'Giảm 15%', 'Món chính', 2, 7),
(252, '/food/cha1.jpg', 'Sữa chua nếp cẩm thơm ngon, mát lạnh.', 'Sữa chua nếp cẩm 35', 25000, 75, 't', 'Giảm 10%', 'Món chính', 2, 7),
(253, '/food/cha1.jpg', 'Sữa chua nếp cẩm thơm ngon, mát lạnh.', 'Sữa chua nếp cẩm 36', 35000, 45, 't', 'Giảm 10%', 'Món chính', 2, 7),
(254, '/food/cha1.jpg', 'Sữa chua nếp cẩm thơm ngon, mát lạnh.', 'Sữa chua nếp cẩm 37', 75000, 75, 'f', 'Giảm 15%', 'Tráng miệng', 2, 7),
(255, '/food/cha1.jpg', 'Sữa chua nếp cẩm thơm ngon, mát lạnh.', 'Sữa chua nếp cẩm 38', 75000, 65, 't', 'Giảm 10%', 'Món chính', 2, 7),
(256, '/food/cha1.jpg', 'Sữa chua nếp cẩm thơm ngon, mát lạnh.', 'Sữa chua nếp cẩm 39', 70000, 70, 't', 'Giảm 10%', 'Món chính', 2, 7),
(257, '/food/cha1.jpg', 'Sữa chua nếp cẩm thơm ngon, mát lạnh.', 'Sữa chua nếp cẩm 40', 75000, 35, 'f', 'Giảm 15%', 'Món chính', 2, 7),
(258, '/food/cha1.jpg', 'Sữa chua nếp cẩm thơm ngon, mát lạnh.', 'Sữa chua nếp cẩm 41', 50000, 50, 'f', 'Giảm 5%', 'Khai vị', 2, 7),
(259, '/food/cha1.jpg', 'Sữa chua nếp cẩm thơm ngon, mát lạnh.', 'Sữa chua nếp cẩm 42', 50000, 40, 't', 'Giảm 5%', 'Tráng miệng', 2, 7),
(260, '/food/cha1.jpg', 'Sữa chua nếp cẩm thơm ngon, mát lạnh.', 'Sữa chua nếp cẩm 43', 50000, 50, 't', 'Giảm 10%', 'Khai vị', 2, 7),
(261, '/food/cha1.jpg', 'Sữa chua nếp cẩm thơm ngon, mát lạnh.', 'Sữa chua nếp cẩm 44', 45000, 25, 't', 'Giảm 10%', 'Món chính', 2, 7),
(262, '/food/cha1.jpg', 'Sữa chua nếp cẩm thơm ngon, mát lạnh.', 'Sữa chua nếp cẩm 45', 75000, 20, 't', 'Giảm 5%', 'Tráng miệng', 2, 7),
(263, '/food/cha1.jpg', 'Sữa chua nếp cẩm thơm ngon, mát lạnh.', 'Sữa chua nếp cẩm 46', 65000, 65, 't', 'Giảm 10%', 'Khai vị', 2, 7),
(264, '/food/cha1.jpg', 'Sữa chua nếp cẩm thơm ngon, mát lạnh.', 'Sữa chua nếp cẩm 47', 25000, 30, 'f', 'Giảm 15%', 'Món chính', 2, 7),
(265, '/food/cha1.jpg', 'Sữa chua nếp cẩm thơm ngon, mát lạnh.', 'Sữa chua nếp cẩm 48', 45000, 45, 't', 'Giảm 10%', 'Khai vị', 2, 7),
(266, '/food/cha1.jpg', 'Sữa chua nếp cẩm thơm ngon, mát lạnh.', 'Sữa chua nếp cẩm 49', 65000, 75, 't', 'Giảm 10%', 'Món chính', 2, 7),
(267, '/food/cha1.jpg', 'Sữa chua nếp cẩm thơm ngon, mát lạnh.', 'Sữa chua nếp cẩm 50', 75000, 20, 't', 'Giảm 10%', 'Món chính', 2, 7),
(268, '/food/cha1.jpg', 'Sữa chua nếp cẩm thơm ngon, mát lạnh.', 'Sữa chua nếp cẩm 51', 45000, 45, 't', 'Giảm 10%', 'Món chính', 2, 7),
(269, '/food/cha1.jpg', 'Sữa chua nếp cẩm thơm ngon, mát lạnh.', 'Sữa chua nếp cẩm 52', 75000, 30, 't', 'Giảm 10%', 'Món chính', 2, 7),
(270, '/food/cha1.jpg', 'Sữa chua nếp cẩm thơm ngon, mát lạnh.', 'Sữa chua nếp cẩm 53', 60000, 30, 't', 'Giảm 10%', 'Khai vị', 2, 7),
(271, '/food/cha1.jpg', 'Sữa chua nếp cẩm thơm ngon, mát lạnh.', 'Sữa chua nếp cẩm 54', 95000, 25, 't', 'Giảm 10%', 'Món chính', 2, 7),
(272, '/food/cha1.jpg', 'Sữa chua nếp cẩm thơm ngon, mát lạnh.', 'Sữa chua nếp cẩm 55', 70000, 70, 't', 'Giảm 10%', 'Khai vị', 2, 7),
(273, '/food/cha1.jpg', 'Sữa chua nếp cẩm thơm ngon, mát lạnh.', 'Sữa chua nếp cẩm 56', 95000, 20, 'f', 'Giảm 15%', 'Món chính', 2, 7),
(274, '/food/cha1.jpg', 'Sữa chua nếp cẩm thơm ngon, mát lạnh.', 'Sữa chua nếp cẩm 57', 60000, 55, 'f', 'Giảm 15%', 'Món chính', 2, 7),
(275, '/food/cha1.jpg', 'Sữa chua nếp cẩm thơm ngon, mát lạnh.', 'Sữa chua nếp cẩm 58', 25000, 30, 'f', 'Giảm 5%', 'Khai vị', 2, 7),
(276, '/food/cha1.jpg', 'Sữa chua nếp cẩm thơm ngon, mát lạnh.', 'Sữa chua nếp cẩm 59', 45000, 70, 't', 'Giảm 10%', 'Khai vị', 2, 7),
(277, '/food/cha1.jpg', 'Sữa chua nếp cẩm thơm ngon, mát lạnh.', 'Sữa chua nếp cẩm 60', 40000, 70, 't', 'Giảm 10%', 'Khai vị', 2, 7),
(278, '/food/cha1.jpg', 'Sữa chua nếp cẩm thơm ngon, mát lạnh.', 'Sữa chua nếp cẩm 61', 80000, 35, 't', 'Giảm 10%', 'Món chính', 2, 7),
(279, '/food/cha1.jpg', 'Sữa chua nếp cẩm thơm ngon, mát lạnh.', 'Sữa chua nếp cẩm 62', 20000, 45, 't', 'Giảm 5%', 'Tráng miệng', 2, 7),
(280, '/food/cha1.jpg', 'Sữa chua nếp cẩm thơm ngon, mát lạnh.', 'Sữa chua nếp cẩm 63', 85000, 25, 'f', 'Giảm 15%', 'Món chính', 2, 7),
(281, '/food/cha1.jpg', 'Sữa chua nếp cẩm thơm ngon, mát lạnh.', 'Sữa chua nếp cẩm 64', 30000, 65, 'f', 'Giảm 15%', 'Tráng miệng', 2, 7),
(282, '/food/cha1.jpg', 'Sữa chua nếp cẩm thơm ngon, mát lạnh.', 'Sữa chua nếp cẩm 65', 20000, 20, 't', 'Giảm 10%', 'Khai vị', 2, 7),
(283, '/food/cha1.jpg', 'Sữa chua nếp cẩm thơm ngon, mát lạnh.', 'Sữa chua nếp cẩm 66', 90000, 20, 't', 'Giảm 10%', 'Món chính', 2, 7),
(284, '/food/cha1.jpg', 'Sữa chua nếp cẩm thơm ngon, mát lạnh.', 'Sữa chua nếp cẩm 67', 45000, 20, 't', 'Giảm 5%', 'Tráng miệng', 2, 7),
(285, '/food/cha1.jpg', 'Sữa chua nếp cẩm thơm ngon, mát lạnh.', 'Sữa chua nếp cẩm 68', 40000, 25, 'f', 'Giảm 15%', 'Tráng miệng', 2, 7),
(286, '/food/cha1.jpg', 'Sữa chua nếp cẩm thơm ngon, mát lạnh.', 'Sữa chua nếp cẩm 69', 60000, 40, 't', 'Giảm 25%', 'Món chính', 2, 7),
(287, '/food/cha1.jpg', 'Sữa chua nếp cẩm thơm ngon, mát lạnh.', 'Sữa chua nếp cẩm 70', 60000, 20, 'f', 'Giảm 15%', 'Món chính', 2, 7),
(288, '/food/cha1.jpg', 'Sữa chua nếp cẩm thơm ngon, mát lạnh.', 'Sữa chua nếp cẩm 71', 80000, 70, 't', 'Giảm 5%', 'Tráng miệng', 2, 7),
(289, '/food/cha1.jpg', 'Sữa chua nếp cẩm thơm ngon, mát lạnh.', 'Sữa chua nếp cẩm 72', 85000, 50, 't', 'Giảm 10%', 'Khai vị', 2, 7),
(290, '/food/cha1.jpg', 'Sữa chua nếp cẩm thơm ngon, mát lạnh.', 'Sữa chua nếp cẩm 73', 65000, 65, 't', 'Giảm 10%', 'Khai vị', 2, 7),
(291, '/food/cha1.jpg', 'Sữa chua nếp cẩm thơm ngon, mát lạnh.', 'Sữa chua nếp cẩm 74', 50000, 65, 'f', 'Giảm 15%', 'Tráng miệng', 2, 7),
(292, '/food/cha1.jpg', 'Sữa chua nếp cẩm thơm ngon, mát lạnh.', 'Sữa chua nếp cẩm 75', 35000, 55, 'f', 'Giảm 15%', 'Món chính', 2, 7),
(293, '/food/cha1.jpg', 'Sữa chua nếp cẩm thơm ngon, mát lạnh.', 'Sữa chua nếp cẩm 76', 75000, 65, 't', 'Giảm 10%', 'Món chính', 2, 7),
(294, '/food/cha1.jpg', 'Sữa chua nếp cẩm thơm ngon, mát lạnh.', 'Sữa chua nếp cẩm 77', 45000, 20, 'f', 'Giảm 15%', 'Món chính', 2, 7),
(295, '/food/cha1.jpg', 'Sữa chua nếp cẩm thơm ngon, mát lạnh.', 'Sữa chua nếp cẩm 78', 25000, 25, 't', 'Giảm 5%', 'Tráng miệng', 2, 7),
(296, '/food/cha1.jpg', 'Sữa chua nếp cẩm thơm ngon, mát lạnh.', 'Sữa chua nếp cẩm 79', 90000, 40, 'f', 'Giảm 30%', 'Tráng miệng', 2, 7),
(297, '/food/cha1.jpg', 'Sữa chua nếp cẩm thơm ngon, mát lạnh.', 'Sữa chua nếp cẩm 80', 60000, 25, 't', 'Giảm 15%', 'Món chính', 2, 7),
(298, '/food/cha1.jpg', 'Sữa chua nếp cẩm thơm ngon, mát lạnh.', 'Sữa chua nếp cẩm 81', 65000, 55, 't', 'Giảm 10%', 'Khai vị', 2, 7),
(299, '/food/cha1.jpg', 'Sữa chua nếp cẩm thơm ngon, mát lạnh.', 'Sữa chua nếp cẩm 82', 40000, 25, 't', 'Giảm 5%', 'Tráng miệng', 2, 7),
(300, '/food/cha1.jpg', 'Sữa chua nếp cẩm thơm ngon, mát lạnh.', 'Sữa chua nếp cẩm 83', 65000, 65, 't', 'Giảm 5%', 'Tráng miệng', 2, 7),
(301, '/food/cha1.jpg', 'Sữa chua nếp cẩm thơm ngon, mát lạnh.', 'Sữa chua nếp cẩm 84', 85000, 40, 't', 'Giảm 20%', 'Món chính', 2, 7),
(302, '/food/cha1.jpg', 'Sữa chua nếp cẩm thơm ngon, mát lạnh.', 'Sữa chua nếp cẩm 85', 20000, 30, 't', 'Giảm 5%', 'Tráng miệng', 2, 7),
(303, '/food/cha1.jpg', 'Sữa chua nếp cẩm thơm ngon, mát lạnh.', 'Sữa chua nếp cẩm 86', 95000, 25, 'f', 'Giảm 10%', 'Tráng miệng', 2, 7),
(304, '/food/cha1.jpg', 'Sữa chua nếp cẩm thơm ngon, mát lạnh.', 'Sữa chua nếp cẩm 87', 85000, 60, 't', 'Giảm 10%', 'Khai vị', 2, 7),
(305, '/food/cha1.jpg', 'Sữa chua nếp cẩm thơm ngon, mát lạnh.', 'Sữa chua nếp cẩm 88', 20000, 70, 't', 'Giảm 15%', 'Món chính', 2, 7),
(306, '/food/cha1.jpg', 'Sữa chua nếp cẩm thơm ngon, mát lạnh.', 'Sữa chua nếp cẩm 89', 40000, 50, 't', 'Giảm 10%', 'Món chính', 2, 7),
(307, '/food/cha1.jpg', 'Sữa chua nếp cẩm thơm ngon, mát lạnh.', 'Sữa chua nếp cẩm 90', 65000, 60, 't', 'Giảm 5%', 'Tráng miệng', 2, 7),
(308, '/food/cha1.jpg', 'Sữa chua nếp cẩm thơm ngon, mát lạnh.', 'Sữa chua nếp cẩm 91', 50000, 65, 'f', 'Giảm 15%', 'Món chính', 2, 7),
(309, '/food/cha1.jpg', 'Sữa chua nếp cẩm thơm ngon, mát lạnh.', 'Sữa chua nếp cẩm 92', 85000, 45, 'f', 'Giảm 15%', 'Tráng miệng', 2, 7),
(310, '/food/cha1.jpg', 'Sữa chua nếp cẩm thơm ngon, mát lạnh.', 'Sữa chua nếp cẩm 93', 90000, 75, 'f', 'Giảm 15%', 'Món chính', 2, 7),
(311, '/food/cha1.jpg', 'Sữa chua nếp cẩm thơm ngon, mát lạnh.', 'Sữa chua nếp cẩm 94', 90000, 75, 't', 'Giảm 10%', 'Khai vị', 2, 7),
(312, '/food/cha1.jpg', 'Sữa chua nếp cẩm thơm ngon, mát lạnh.', 'Sữa chua nếp cẩm 95', 35000, 75, 't', 'Giảm 10%', 'Món chính', 2, 7),
(313, '/food/cha1.jpg', 'Sữa chua nếp cẩm thơm ngon, mát lạnh.', 'Sữa chua nếp cẩm 96', 55000, 35, 'f', 'Giảm 5%', 'Khai vị', 2, 7),
(314, '/food/cha1.jpg', 'Sữa chua nếp cẩm thơm ngon, mát lạnh.', 'Sữa chua nếp cẩm 97', 70000, 45, 't', 'Giảm 15%', 'Món chính', 2, 7),
(315, '/food/cha1.jpg', 'Sữa chua nếp cẩm thơm ngon, mát lạnh.', 'Sữa chua nếp cẩm 98', 25000, 60, 't', 'Giảm 10%', 'Khai vị', 2, 7),
(316, '/food/cha1.jpg', 'Sữa chua nếp cẩm thơm ngon, mát lạnh.', 'Sữa chua nếp cẩm 99', 35000, 45, 'f', 'Giảm 15%', 'Món chính', 2, 7),
(317, '/food/bo1.jpg', 'Cơm cháy giòn rụm, chà bông đậm đà.', 'Cơm cháy chà bông 01', 55000, 75, 't', 'Giảm 15%', 'Món chính', 1, 11),
(318, '/food/bo1.jpg', 'Cơm cháy giòn rụm, chà bông đậm đà.', 'Cơm cháy chà bông 02', 40000, 50, 't', 'Giảm 10%', 'Món chính', 1, 11),
(319, '/food/bo1.jpg', 'Cơm cháy giòn rụm, chà bông đậm đà.', 'Cơm cháy chà bông 03', 85000, 45, 't', 'Giảm 10%', 'Món chính', 1, 11),
(320, '/food/bo1.jpg', 'Cơm cháy giòn rụm, chà bông đậm đà.', 'Cơm cháy chà bông 04', 90000, 25, 't', 'Giảm 15%', 'Món chính', 1, 11),
(321, '/food/bo1.jpg', 'Cơm cháy giòn rụm, chà bông đậm đà.', 'Cơm cháy chà bông 05', 25000, 55, 't', 'Giảm 5%', 'Tráng miệng', 1, 11),
(322, '/food/bo1.jpg', 'Cơm cháy giòn rụm, chà bông đậm đà.', 'Cơm cháy chà bông 06', 75000, 65, 'f', 'Giảm 15%', 'Món chính', 1, 11),
(323, '/food/bo1.jpg', 'Cơm cháy giòn rụm, chà bông đậm đà.', 'Cơm cháy chà bông 07', 40000, 20, 'f', 'Giảm 15%', 'Món chính', 1, 11),
(324, '/food/bo1.jpg', 'Cơm cháy giòn rụm, chà bông đậm đà.', 'Cơm cháy chà bông 08', 95000, 45, 't', 'Giảm 10%', 'Khai vị', 1, 11),
(325, '/food/bo1.jpg', 'Cơm cháy giòn rụm, chà bông đậm đà.', 'Cơm cháy chà bông 09', 80000, 20, 't', 'Giảm 10%', 'Khai vị', 1, 11),
(326, '/food/bo1.jpg', 'Cơm cháy giòn rụm, chà bông đậm đà.', 'Cơm cháy chà bông 10', 95000, 20, 't', 'Giảm 10%', 'Món chính', 1, 11),
(327, '/food/bo1.jpg', 'Cơm cháy giòn rụm, chà bông đậm đà.', 'Cơm cháy chà bông 11', 85000, 25, 't', 'Giảm 10%', 'Món chính', 1, 11),
(328, '/food/bo1.jpg', 'Cơm cháy giòn rụm, chà bông đậm đà.', 'Cơm cháy chà bông 12', 25000, 70, 'f', 'Giảm 15%', 'Tráng miệng', 1, 11),
(329, '/food/bo1.jpg', 'Cơm cháy giòn rụm, chà bông đậm đà.', 'Cơm cháy chà bông 13', 75000, 20, 't', 'Giảm 10%', 'Khai vị', 1, 11),
(330, '/food/bo1.jpg', 'Cơm cháy giòn rụm, chà bông đậm đà.', 'Cơm cháy chà bông 14', 50000, 75, 't', 'Giảm 10%', 'Khai vị', 1, 11),
(331, '/food/bo1.jpg', 'Cơm cháy giòn rụm, chà bông đậm đà.', 'Cơm cháy chà bông 15', 40000, 20, 'f', 'Giảm 15%', 'Món chính', 1, 11),
(332, '/food/bo1.jpg', 'Cơm cháy giòn rụm, chà bông đậm đà.', 'Cơm cháy chà bông 16', 55000, 65, 'f', 'Giảm 15%', 'Tráng miệng', 1, 11),
(333, '/food/bo1.jpg', 'Cơm cháy giòn rụm, chà bông đậm đà.', 'Cơm cháy chà bông 17', 55000, 60, 't', 'Giảm 5%', 'Tráng miệng', 1, 11),
(334, '/food/bo1.jpg', 'Cơm cháy giòn rụm, chà bông đậm đà.', 'Cơm cháy chà bông 18', 80000, 50, 't', 'Giảm 10%', 'Khai vị', 1, 11),
(335, '/food/bo1.jpg', 'Cơm cháy giòn rụm, chà bông đậm đà.', 'Cơm cháy chà bông 19', 80000, 60, 't', 'Giảm 5%', 'Khai vị', 1, 11),
(336, '/food/bo1.jpg', 'Cơm cháy giòn rụm, chà bông đậm đà.', 'Cơm cháy chà bông 20', 65000, 65, 't', 'Giảm 10%', 'Món chính', 1, 11),
(337, '/food/bo1.jpg', 'Cơm cháy giòn rụm, chà bông đậm đà.', 'Cơm cháy chà bông 21', 45000, 55, 'f', 'Giảm 15%', 'Món chính', 1, 11),
(338, '/food/bo1.jpg', 'Cơm cháy giòn rụm, chà bông đậm đà.', 'Cơm cháy chà bông 22', 80000, 50, 't', 'Giảm 15%', 'Món chính', 1, 11),
(339, '/food/bo1.jpg', 'Cơm cháy giòn rụm, chà bông đậm đà.', 'Cơm cháy chà bông 23', 25000, 25, 't', 'Giảm 5%', 'Khai vị', 1, 11),
(340, '/food/bo1.jpg', 'Cơm cháy giòn rụm, chà bông đậm đà.', 'Cơm cháy chà bông 24', 60000, 75, 't', 'Giảm 10%', 'Món chính', 1, 11),
(341, '/food/bo1.jpg', 'Cơm cháy giòn rụm, chà bông đậm đà.', 'Cơm cháy chà bông 25', 45000, 40, 't', 'Giảm 10%', 'Khai vị', 1, 11),
(342, '/food/bo1.jpg', 'Cơm cháy giòn rụm, chà bông đậm đà.', 'Cơm cháy chà bông 26', 40000, 50, 't', 'Giảm 5%', 'Tráng miệng', 1, 11),
(343, '/food/bo1.jpg', 'Cơm cháy giòn rụm, chà bông đậm đà.', 'Cơm cháy chà bông 27', 95000, 20, 't', 'Giảm 10%', 'Khai vị', 1, 11),
(344, '/food/bo1.jpg', 'Cơm cháy giòn rụm, chà bông đậm đà.', 'Cơm cháy chà bông 28', 25000, 70, 't', 'Giảm 10%', 'Khai vị', 1, 11),
(345, '/food/bo1.jpg', 'Cơm cháy giòn rụm, chà bông đậm đà.', 'Cơm cháy chà bông 29', 20000, 60, 't', 'Giảm 10%', 'Khai vị', 1, 11),
(346, '/food/bo1.jpg', 'Cơm cháy giòn rụm, chà bông đậm đà.', 'Cơm cháy chà bông 30', 20000, 65, 't', 'Giảm 10%', 'Món chính', 1, 11),
(347, '/food/bo1.jpg', 'Cơm cháy giòn rụm, chà bông đậm đà.', 'Cơm cháy chà bông 31', 90000, 60, 't', 'Giảm 10%', 'Khai vị', 1, 11),
(348, '/food/bo1.jpg', 'Cơm cháy giòn rụm, chà bông đậm đà.', 'Cơm cháy chà bông 32', 70000, 60, 't', 'Giảm 10%', 'Món chính', 1, 11),
(349, '/food/bo1.jpg', 'Cơm cháy giòn rụm, chà bông đậm đà.', 'Cơm cháy chà bông 33', 80000, 20, 't', 'Giảm 10%', 'Khai vị', 1, 11),
(350, '/food/bo1.jpg', 'Cơm cháy giòn rụm, chà bông đậm đà.', 'Cơm cháy chà bông 34', 20000, 75, 't', 'Giảm 10%', 'Món chính', 1, 11),
(351, '/food/bo1.jpg', 'Cơm cháy giòn rụm, chà bông đậm đà.', 'Cơm cháy chà bông 35', 60000, 55, 't', 'Giảm 10%', 'Món chính', 1, 11),
(352, '/food/bo1.jpg', 'Cơm cháy giòn rụm, chà bông đậm đà.', 'Cơm cháy chà bông 36', 40000, 20, 't', 'Giảm 5%', 'Tráng miệng', 1, 11),
(353, '/food/bo1.jpg', 'Cơm cháy giòn rụm, chà bông đậm đà.', 'Cơm cháy chà bông 37', 70000, 40, 't', 'Giảm 15%', 'Món chính', 1, 11),
(354, '/food/bo1.jpg', 'Cơm cháy giòn rụm, chà bông đậm đà.', 'Cơm cháy chà bông 38', 35000, 65, 'f', 'Giảm 10%', 'Tráng miệng', 1, 11),
(355, '/food/bo1.jpg', 'Cơm cháy giòn rụm, chà bông đậm đà.', 'Cơm cháy chà bông 39', 40000, 70, 't', 'Giảm 10%', 'Món chính', 1, 11),
(356, '/food/bo1.jpg', 'Cơm cháy giòn rụm, chà bông đậm đà.', 'Cơm cháy chà bông 40', 55000, 60, 't', 'Giảm 15%', 'Món chính', 1, 11),
(357, '/food/bo1.jpg', 'Cơm cháy giòn rụm, chà bông đậm đà.', 'Cơm cháy chà bông 41', 75000, 75, 't', 'Giảm 10%', 'Món chính', 1, 11),
(358, '/food/bo1.jpg', 'Cơm cháy giòn rụm, chà bông đậm đà.', 'Cơm cháy chà bông 42', 20000, 25, 't', 'Giảm 10%', 'Khai vị', 1, 11),
(359, '/food/bo1.jpg', 'Cơm cháy giòn rụm, chà bông đậm đà.', 'Cơm cháy chà bông 43', 85000, 35, 't', 'Giảm 10%', 'Món chính', 1, 11),
(360, '/food/bo1.jpg', 'Cơm cháy giòn rụm, chà bông đậm đà.', 'Cơm cháy chà bông 44', 85000, 60, 't', 'Giảm 5%', 'Tráng miệng', 1, 11),
(361, '/food/bo1.jpg', 'Cơm cháy giòn rụm, chà bông đậm đà.', 'Cơm cháy chà bông 45', 80000, 25, 't', 'Giảm 10%', 'Khai vị', 1, 11),
(362, '/food/bo1.jpg', 'Cơm cháy giòn rụm, chà bông đậm đà.', 'Cơm cháy chà bông 46', 20000, 70, 't', 'Giảm 10%', 'Khai vị', 1, 11),
(363, '/food/bo1.jpg', 'Cơm cháy giòn rụm, chà bông đậm đà.', 'Cơm cháy chà bông 47', 25000, 55, 't', 'Giảm 5%', 'Tráng miệng', 1, 11),
(364, '/food/bo1.jpg', 'Cơm cháy giòn rụm, chà bông đậm đà.', 'Cơm cháy chà bông 48', 45000, 50, 'f', 'Giảm 15%', 'Món chính', 1, 11),
(365, '/food/bo1.jpg', 'Cơm cháy giòn rụm, chà bông đậm đà.', 'Cơm cháy chà bông 49', 95000, 45, 'f', 'Giảm 15%', 'Món chính', 1, 11),
(366, '/food/bo1.jpg', 'Cơm cháy giòn rụm, chà bông đậm đà.', 'Cơm cháy chà bông 50', 20000, 20, 't', 'Giảm 10%', 'Khai vị', 1, 11),
(367, '/food/bo1.jpg', 'Cơm cháy giòn rụm, chà bông đậm đà.', 'Cơm cháy chà bông 51', 35000, 75, 'f', 'Giảm 5%', 'Khai vị', 1, 11),
(368, '/food/bo1.jpg', 'Cơm cháy giòn rụm, chà bông đậm đà.', 'Cơm cháy chà bông 52', 85000, 40, 't', 'Giảm 10%', 'Khai vị', 1, 11),
(369, '/food/bo1.jpg', 'Cơm cháy giòn rụm, chà bông đậm đà.', 'Cơm cháy chà bông 53', 45000, 30, 't', 'Giảm 10%', 'Khai vị', 1, 11),
(370, '/food/bo1.jpg', 'Cơm cháy giòn rụm, chà bông đậm đà.', 'Cơm cháy chà bông 54', 20000, 25, 't', 'Giảm 10%', 'Món chính', 1, 11),
(371, '/food/bo1.jpg', 'Cơm cháy giòn rụm, chà bông đậm đà.', 'Cơm cháy chà bông 55', 75000, 55, 't', 'Giảm 10%', 'Món chính', 1, 11),
(372, '/food/bo1.jpg', 'Cơm cháy giòn rụm, chà bông đậm đà.', 'Cơm cháy chà bông 56', 95000, 75, 't', 'Giảm 10%', 'Món chính', 1, 11),
(373, '/food/bo1.jpg', 'Cơm cháy giòn rụm, chà bông đậm đà.', 'Cơm cháy chà bông 57', 25000, 60, 't', 'Giảm 5%', 'Tráng miệng', 1, 11),
(374, '/food/bo1.jpg', 'Cơm cháy giòn rụm, chà bông đậm đà.', 'Cơm cháy chà bông 58', 75000, 60, 't', 'Giảm 5%', 'Tráng miệng', 1, 11),
(375, '/food/bo1.jpg', 'Cơm cháy giòn rụm, chà bông đậm đà.', 'Cơm cháy chà bông 59', 25000, 50, 't', 'Giảm 5%', 'Khai vị', 1, 11),
(376, '/food/bo1.jpg', 'Cơm cháy giòn rụm, chà bông đậm đà.', 'Cơm cháy chà bông 60', 90000, 60, 'f', 'Giảm 15%', 'Món chính', 1, 11),
(377, '/food/bo1.jpg', 'Cơm cháy giòn rụm, chà bông đậm đà.', 'Cơm cháy chà bông 61', 65000, 70, 't', 'Giảm 10%', 'Khai vị', 1, 11),
(378, '/food/bo1.jpg', 'Cơm cháy giòn rụm, chà bông đậm đà.', 'Cơm cháy chà bông 62', 70000, 30, 't', 'Giảm 10%', 'Khai vị', 1, 11),
(379, '/food/bo1.jpg', 'Cơm cháy giòn rụm, chà bông đậm đà.', 'Cơm cháy chà bông 63', 30000, 35, 't', 'Giảm 15%', 'Món chính', 1, 11),
(380, '/food/bo1.jpg', 'Cơm cháy giòn rụm, chà bông đậm đà.', 'Cơm cháy chà bông 64', 90000, 20, 't', 'Giảm 10%', 'Khai vị', 1, 11),
(381, '/food/bo1.jpg', 'Cơm cháy giòn rụm, chà bông đậm đà.', 'Cơm cháy chà bông 65', 60000, 30, 't', 'Giảm 10%', 'Khai vị', 1, 11),
(382, '/food/bo1.jpg', 'Cơm cháy giòn rụm, chà bông đậm đà.', 'Cơm cháy chà bông 66', 20000, 50, 'f', 'Giảm 15%', 'Món chính', 1, 11),
(383, '/food/bo1.jpg', 'Cơm cháy giòn rụm, chà bông đậm đà.', 'Cơm cháy chà bông 67', 20000, 70, 'f', 'Giảm 15%', 'Món chính', 1, 11),
(384, '/food/bo1.jpg', 'Cơm cháy giòn rụm, chà bông đậm đà.', 'Cơm cháy chà bông 68', 95000, 20, 'f', 'Giảm 30%', 'Tráng miệng', 1, 11),
(385, '/food/bo1.jpg', 'Cơm cháy giòn rụm, chà bông đậm đà.', 'Cơm cháy chà bông 69', 30000, 30, 'f', 'Giảm 15%', 'Món chính', 1, 11),
(386, '/food/bo1.jpg', 'Cơm cháy giòn rụm, chà bông đậm đà.', 'Cơm cháy chà bông 70', 30000, 50, 't', 'Giảm 10%', 'Món chính', 1, 11),
(387, '/food/bo1.jpg', 'Cơm cháy giòn rụm, chà bông đậm đà.', 'Cơm cháy chà bông 71', 45000, 70, 't', 'Giảm 5%', 'Tráng miệng', 1, 11),
(388, '/food/bo1.jpg', 'Cơm cháy giòn rụm, chà bông đậm đà.', 'Cơm cháy chà bông 72', 85000, 70, 't', 'Giảm 10%', 'Món chính', 1, 11),
(389, '/food/bo1.jpg', 'Cơm cháy giòn rụm, chà bông đậm đà.', 'Cơm cháy chà bông 73', 45000, 55, 'f', 'Giảm 10%', 'Tráng miệng', 1, 11),
(390, '/food/bo1.jpg', 'Cơm cháy giòn rụm, chà bông đậm đà.', 'Cơm cháy chà bông 74', 25000, 65, 't', 'Giảm 5%', 'Tráng miệng', 1, 11),
(391, '/food/bo1.jpg', 'Cơm cháy giòn rụm, chà bông đậm đà.', 'Cơm cháy chà bông 75', 80000, 70, 't', 'Giảm 10%', 'Món chính', 1, 11),
(392, '/food/bo1.jpg', 'Cơm cháy giòn rụm, chà bông đậm đà.', 'Cơm cháy chà bông 76', 65000, 40, 't', 'Giảm 10%', 'Món chính', 1, 11),
(393, '/food/bo1.jpg', 'Cơm cháy giòn rụm, chà bông đậm đà.', 'Cơm cháy chà bông 77', 45000, 40, 't', 'Giảm 10%', 'Khai vị', 1, 11),
(394, '/food/bo1.jpg', 'Cơm cháy giòn rụm, chà bông đậm đà.', 'Cơm cháy chà bông 78', 35000, 25, 'f', 'Giảm 15%', 'Món chính', 1, 11),
(395, '/food/bo1.jpg', 'Cơm cháy giòn rụm, chà bông đậm đà.', 'Cơm cháy chà bông 79', 80000, 20, 't', 'Giảm 5%', 'Tráng miệng', 1, 11),
(396, '/food/bo1.jpg', 'Cơm cháy giòn rụm, chà bông đậm đà.', 'Cơm cháy chà bông 80', 45000, 25, 't', 'Giảm 10%', 'Khai vị', 1, 11),
(397, '/food/bo1.jpg', 'Cơm cháy giòn rụm, chà bông đậm đà.', 'Cơm cháy chà bông 81', 55000, 35, 't', 'Giảm 15%', 'Món chính', 1, 11),
(398, '/food/bo1.jpg', 'Cơm cháy giòn rụm, chà bông đậm đà.', 'Cơm cháy chà bông 82', 60000, 50, 't', 'Giảm 10%', 'Món chính', 1, 11),
(399, '/food/bo1.jpg', 'Cơm cháy giòn rụm, chà bông đậm đà.', 'Cơm cháy chà bông 83', 45000, 75, 'f', 'Giảm 15%', 'Tráng miệng', 1, 11),
(400, '/food/bo1.jpg', 'Cơm cháy giòn rụm, chà bông đậm đà.', 'Cơm cháy chà bông 84', 30000, 60, 't', 'Giảm 10%', 'Khai vị', 1, 11),
(401, '/food/bo1.jpg', 'Cơm cháy giòn rụm, chà bông đậm đà.', 'Cơm cháy chà bông 85', 20000, 40, 't', 'Giảm 10%', 'Khai vị', 1, 11),
(402, '/food/bo1.jpg', 'Cơm cháy giòn rụm, chà bông đậm đà.', 'Cơm cháy chà bông 86', 25000, 35, 'f', 'Giảm 15%', 'Món chính', 1, 11),
(403, '/food/bo1.jpg', 'Cơm cháy giòn rụm, chà bông đậm đà.', 'Cơm cháy chà bông 87', 45000, 60, 't', 'Giảm 10%', 'Món chính', 1, 11),
(404, '/food/bo1.jpg', 'Cơm cháy giòn rụm, chà bông đậm đà.', 'Cơm cháy chà bông 88', 50000, 75, 'f', 'Giảm 5%', 'Khai vị', 1, 11),
(405, '/food/bo1.jpg', 'Cơm cháy giòn rụm, chà bông đậm đà.', 'Cơm cháy chà bông 89', 65000, 55, 'f', 'Giảm 5%', 'Khai vị', 1, 11),
(406, '/food/bo1.jpg', 'Cơm cháy giòn rụm, chà bông đậm đà.', 'Cơm cháy chà bông 90', 95000, 75, 't', 'Giảm 10%', 'Khai vị', 1, 11),
(407, '/food/bo1.jpg', 'Cơm cháy giòn rụm, chà bông đậm đà.', 'Cơm cháy chà bông 91', 80000, 60, 'f', 'Giảm 15%', 'Món chính', 1, 11),
(408, '/food/bo1.jpg', 'Cơm cháy giòn rụm, chà bông đậm đà.', 'Cơm cháy chà bông 92', 35000, 55, 'f', 'Giảm 15%', 'Món chính', 1, 11),
(409, '/food/bo1.jpg', 'Cơm cháy giòn rụm, chà bông đậm đà.', 'Cơm cháy chà bông 93', 85000, 20, 't', 'Giảm 10%', 'Món chính', 1, 11),
(410, '/food/bo1.jpg', 'Cơm cháy giòn rụm, chà bông đậm đà.', 'Cơm cháy chà bông 94', 70000, 45, 't', 'Giảm 10%', 'Khai vị', 1, 11),
(411, '/food/bo1.jpg', 'Cơm cháy giòn rụm, chà bông đậm đà.', 'Cơm cháy chà bông 95', 65000, 25, 'f', 'Giảm 10%', 'Tráng miệng', 1, 11),
(412, '/food/bo1.jpg', 'Cơm cháy giòn rụm, chà bông đậm đà.', 'Cơm cháy chà bông 96', 95000, 45, 't', 'Giảm 10%', 'Khai vị', 1, 11),
(413, '/food/bo1.jpg', 'Cơm cháy giòn rụm, chà bông đậm đà.', 'Cơm cháy chà bông 97', 45000, 65, 't', 'Giảm 5%', 'Tráng miệng', 1, 11),
(414, '/food/bo1.jpg', 'Cơm cháy giòn rụm, chà bông đậm đà.', 'Cơm cháy chà bông 98', 35000, 25, 'f', 'Giảm 15%', 'Món chính', 1, 11),
(415, '/food/bo1.jpg', 'Cơm cháy giòn rụm, chà bông đậm đà.', 'Cơm cháy chà bông 99', 40000, 45, 'f', 'Giảm 10%', 'Tráng miệng', 1, 11),
(416, '/food/cha1.jpg', 'Bánh tráng trộn ngon khó cưỡng, đầy đủ topping.', 'Bánh tráng trộn 01', 85000, 65, 't', 'Giảm 10%', 'Món chính', 3, 11),
(417, '/food/cha1.jpg', 'Bánh tráng trộn ngon khó cưỡng, đầy đủ topping.', 'Bánh tráng trộn 02', 20000, 25, 't', 'Giảm 10%', 'Khai vị', 3, 11),
(418, '/food/cha1.jpg', 'Bánh tráng trộn ngon khó cưỡng, đầy đủ topping.', 'Bánh tráng trộn 03', 70000, 25, 'f', 'Giảm 5%', 'Khai vị', 3, 11),
(419, '/food/cha1.jpg', 'Bánh tráng trộn ngon khó cưỡng, đầy đủ topping.', 'Bánh tráng trộn 04', 75000, 45, 't', 'Giảm 10%', 'Khai vị', 3, 11),
(420, '/food/cha1.jpg', 'Bánh tráng trộn ngon khó cưỡng, đầy đủ topping.', 'Bánh tráng trộn 05', 80000, 20, 't', 'Giảm 5%', 'Tráng miệng', 3, 11),
(421, '/food/cha1.jpg', 'Bánh tráng trộn ngon khó cưỡng, đầy đủ topping.', 'Bánh tráng trộn 06', 40000, 25, 't', 'Giảm 10%', 'Món chính', 3, 11),
(422, '/food/cha1.jpg', 'Bánh tráng trộn ngon khó cưỡng, đầy đủ topping.', 'Bánh tráng trộn 07', 20000, 20, 't', 'Giảm 10%', 'Khai vị', 3, 11),
(423, '/food/cha1.jpg', 'Bánh tráng trộn ngon khó cưỡng, đầy đủ topping.', 'Bánh tráng trộn 08', 35000, 45, 't', 'Giảm 5%', 'Tráng miệng', 3, 11),
(424, '/food/cha1.jpg', 'Bánh tráng trộn ngon khó cưỡng, đầy đủ topping.', 'Bánh tráng trộn 09', 85000, 30, 't', 'Giảm 10%', 'Khai vị', 3, 11),
(425, '/food/cha1.jpg', 'Bánh tráng trộn ngon khó cưỡng, đầy đủ topping.', 'Bánh tráng trộn 10', 30000, 40, 't', 'Giảm 10%', 'Khai vị', 3, 11),
(426, '/food/cha1.jpg', 'Bánh tráng trộn ngon khó cưỡng, đầy đủ topping.', 'Bánh tráng trộn 11', 85000, 35, 't', 'Giảm 5%', 'Khai vị', 3, 11),
(427, '/food/cha1.jpg', 'Bánh tráng trộn ngon khó cưỡng, đầy đủ topping.', 'Bánh tráng trộn 12', 40000, 75, 'f', 'Giảm 15%', 'Tráng miệng', 3, 11),
(428, '/food/cha1.jpg', 'Bánh tráng trộn ngon khó cưỡng, đầy đủ topping.', 'Bánh tráng trộn 13', 55000, 25, 't', 'Giảm 10%', 'Món chính', 3, 11),
(429, '/food/cha1.jpg', 'Bánh tráng trộn ngon khó cưỡng, đầy đủ topping.', 'Bánh tráng trộn 14', 35000, 30, 't', 'Giảm 10%', 'Khai vị', 3, 11),
(430, '/food/cha1.jpg', 'Bánh tráng trộn ngon khó cưỡng, đầy đủ topping.', 'Bánh tráng trộn 15', 70000, 75, 'f', 'Giảm 15%', 'Món chính', 3, 11),
(431, '/food/cha1.jpg', 'Bánh tráng trộn ngon khó cưỡng, đầy đủ topping.', 'Bánh tráng trộn 16', 25000, 75, 'f', 'Giảm 15%', 'Món chính', 3, 11),
(432, '/food/cha1.jpg', 'Bánh tráng trộn ngon khó cưỡng, đầy đủ topping.', 'Bánh tráng trộn 17', 30000, 50, 'f', 'Giảm 5%', 'Khai vị', 3, 11),
(433, '/food/cha1.jpg', 'Bánh tráng trộn ngon khó cưỡng, đầy đủ topping.', 'Bánh tráng trộn 18', 35000, 35, 'f', 'Giảm 30%', 'Tráng miệng', 3, 11),
(434, '/food/cha1.jpg', 'Bánh tráng trộn ngon khó cưỡng, đầy đủ topping.', 'Bánh tráng trộn 19', 90000, 65, 't', 'Giảm 10%', 'Khai vị', 3, 11),
(435, '/food/cha1.jpg', 'Bánh tráng trộn ngon khó cưỡng, đầy đủ topping.', 'Bánh tráng trộn 20', 65000, 65, 't', 'Giảm 10%', 'Khai vị', 3, 11),
(436, '/food/cha1.jpg', 'Bánh tráng trộn ngon khó cưỡng, đầy đủ topping.', 'Bánh tráng trộn 21', 55000, 20, 't', 'Giảm 10%', 'Món chính', 3, 11),
(437, '/food/cha1.jpg', 'Bánh tráng trộn ngon khó cưỡng, đầy đủ topping.', 'Bánh tráng trộn 22', 35000, 20, 't', 'Giảm 5%', 'Tráng miệng', 3, 11),
(438, '/food/cha1.jpg', 'Bánh tráng trộn ngon khó cưỡng, đầy đủ topping.', 'Bánh tráng trộn 23', 85000, 35, 't', 'Giảm 10%', 'Món chính', 3, 11),
(439, '/food/cha1.jpg', 'Bánh tráng trộn ngon khó cưỡng, đầy đủ topping.', 'Bánh tráng trộn 24', 55000, 75, 't', 'Giảm 5%', 'Khai vị', 3, 11),
(440, '/food/cha1.jpg', 'Bánh tráng trộn ngon khó cưỡng, đầy đủ topping.', 'Bánh tráng trộn 25', 95000, 40, 'f', 'Giảm 15%', 'Món chính', 3, 11),
(441, '/food/cha1.jpg', 'Bánh tráng trộn ngon khó cưỡng, đầy đủ topping.', 'Bánh tráng trộn 26', 60000, 35, 'f', 'Giảm 15%', 'Tráng miệng', 3, 11),
(442, '/food/cha1.jpg', 'Bánh tráng trộn ngon khó cưỡng, đầy đủ topping.', 'Bánh tráng trộn 27', 50000, 45, 't', 'Giảm 10%', 'Khai vị', 3, 11),
(443, '/food/cha1.jpg', 'Bánh tráng trộn ngon khó cưỡng, đầy đủ topping.', 'Bánh tráng trộn 28', 80000, 20, 'f', 'Giảm 15%', 'Tráng miệng', 3, 11),
(444, '/food/cha1.jpg', 'Bánh tráng trộn ngon khó cưỡng, đầy đủ topping.', 'Bánh tráng trộn 29', 70000, 75, 'f', 'Giảm 10%', 'Tráng miệng', 3, 11),
(445, '/food/cha1.jpg', 'Bánh tráng trộn ngon khó cưỡng, đầy đủ topping.', 'Bánh tráng trộn 30', 35000, 40, 't', 'Giảm 10%', 'Khai vị', 3, 11),
(446, '/food/cha1.jpg', 'Bánh tráng trộn ngon khó cưỡng, đầy đủ topping.', 'Bánh tráng trộn 31', 80000, 70, 't', 'Giảm 10%', 'Khai vị', 3, 11),
(447, '/food/cha1.jpg', 'Bánh tráng trộn ngon khó cưỡng, đầy đủ topping.', 'Bánh tráng trộn 32', 35000, 70, 't', 'Giảm 10%', 'Khai vị', 3, 11),
(448, '/food/cha1.jpg', 'Bánh tráng trộn ngon khó cưỡng, đầy đủ topping.', 'Bánh tráng trộn 33', 70000, 20, 't', 'Giảm 15%', 'Món chính', 3, 11),
(449, '/food/cha1.jpg', 'Bánh tráng trộn ngon khó cưỡng, đầy đủ topping.', 'Bánh tráng trộn 34', 90000, 35, 'f', 'Giảm 15%', 'Món chính', 3, 11),
(450, '/food/cha1.jpg', 'Bánh tráng trộn ngon khó cưỡng, đầy đủ topping.', 'Bánh tráng trộn 35', 40000, 50, 't', 'Giảm 20%', 'Món chính', 3, 11),
(451, '/food/cha1.jpg', 'Bánh tráng trộn ngon khó cưỡng, đầy đủ topping.', 'Bánh tráng trộn 36', 90000, 50, 't', 'Giảm 5%', 'Tráng miệng', 3, 11),
(452, '/food/cha1.jpg', 'Bánh tráng trộn ngon khó cưỡng, đầy đủ topping.', 'Bánh tráng trộn 37', 85000, 55, 'f', 'Giảm 15%', 'Tráng miệng', 3, 11),
(453, '/food/cha1.jpg', 'Bánh tráng trộn ngon khó cưỡng, đầy đủ topping.', 'Bánh tráng trộn 38', 95000, 25, 't', 'Giảm 10%', 'Món chính', 3, 11),
(454, '/food/cha1.jpg', 'Bánh tráng trộn ngon khó cưỡng, đầy đủ topping.', 'Bánh tráng trộn 39', 40000, 55, 't', 'Giảm 10%', 'Món chính', 3, 11),
(455, '/food/cha1.jpg', 'Bánh tráng trộn ngon khó cưỡng, đầy đủ topping.', 'Bánh tráng trộn 40', 65000, 30, 'f', 'Giảm 15%', 'Tráng miệng', 3, 11),
(456, '/food/cha1.jpg', 'Bánh tráng trộn ngon khó cưỡng, đầy đủ topping.', 'Bánh tráng trộn 41', 95000, 40, 'f', 'Giảm 30%', 'Tráng miệng', 3, 11),
(457, '/food/cha1.jpg', 'Bánh tráng trộn ngon khó cưỡng, đầy đủ topping.', 'Bánh tráng trộn 42', 45000, 50, 't', 'Giảm 5%', 'Tráng miệng', 3, 11),
(458, '/food/cha1.jpg', 'Bánh tráng trộn ngon khó cưỡng, đầy đủ topping.', 'Bánh tráng trộn 43', 95000, 25, 't', 'Giảm 10%', 'Khai vị', 3, 11),
(459, '/food/cha1.jpg', 'Bánh tráng trộn ngon khó cưỡng, đầy đủ topping.', 'Bánh tráng trộn 44', 50000, 75, 't', 'Giảm 5%', 'Tráng miệng', 3, 11),
(460, '/food/cha1.jpg', 'Bánh tráng trộn ngon khó cưỡng, đầy đủ topping.', 'Bánh tráng trộn 45', 20000, 50, 't', 'Giảm 5%', 'Khai vị', 3, 11),
(461, '/food/cha1.jpg', 'Bánh tráng trộn ngon khó cưỡng, đầy đủ topping.', 'Bánh tráng trộn 46', 75000, 75, 't', 'Giảm 10%', 'Món chính', 3, 11),
(462, '/food/cha1.jpg', 'Bánh tráng trộn ngon khó cưỡng, đầy đủ topping.', 'Bánh tráng trộn 47', 40000, 45, 't', 'Giảm 10%', 'Khai vị', 3, 11),
(463, '/food/cha1.jpg', 'Bánh tráng trộn ngon khó cưỡng, đầy đủ topping.', 'Bánh tráng trộn 48', 65000, 40, 't', 'Giảm 10%', 'Khai vị', 3, 11),
(464, '/food/cha1.jpg', 'Bánh tráng trộn ngon khó cưỡng, đầy đủ topping.', 'Bánh tráng trộn 49', 40000, 25, 't', 'Giảm 10%', 'Khai vị', 3, 11),
(465, '/food/cha1.jpg', 'Bánh tráng trộn ngon khó cưỡng, đầy đủ topping.', 'Bánh tráng trộn 50', 90000, 60, 'f', 'Giảm 10%', 'Tráng miệng', 3, 11),
(466, '/food/cha1.jpg', 'Bánh tráng trộn ngon khó cưỡng, đầy đủ topping.', 'Bánh tráng trộn 51', 25000, 20, 'f', 'Giảm 5%', 'Khai vị', 3, 11),
(467, '/food/cha1.jpg', 'Bánh tráng trộn ngon khó cưỡng, đầy đủ topping.', 'Bánh tráng trộn 52', 30000, 65, 'f', 'Giảm 30%', 'Tráng miệng', 3, 11),
(468, '/food/cha1.jpg', 'Bánh tráng trộn ngon khó cưỡng, đầy đủ topping.', 'Bánh tráng trộn 53', 45000, 75, 't', 'Giảm 10%', 'Khai vị', 3, 11),
(469, '/food/cha1.jpg', 'Bánh tráng trộn ngon khó cưỡng, đầy đủ topping.', 'Bánh tráng trộn 54', 60000, 50, 'f', 'Giảm 15%', 'Món chính', 3, 11),
(470, '/food/cha1.jpg', 'Bánh tráng trộn ngon khó cưỡng, đầy đủ topping.', 'Bánh tráng trộn 55', 70000, 60, 't', 'Giảm 5%', 'Tráng miệng', 3, 11),
(471, '/food/cha1.jpg', 'Bánh tráng trộn ngon khó cưỡng, đầy đủ topping.', 'Bánh tráng trộn 56', 25000, 35, 'f', 'Giảm 10%', 'Tráng miệng', 3, 11),
(472, '/food/cha1.jpg', 'Bánh tráng trộn ngon khó cưỡng, đầy đủ topping.', 'Bánh tráng trộn 57', 45000, 30, 't', 'Giảm 10%', 'Khai vị', 3, 11),
(473, '/food/cha1.jpg', 'Bánh tráng trộn ngon khó cưỡng, đầy đủ topping.', 'Bánh tráng trộn 58', 25000, 40, 't', 'Giảm 10%', 'Khai vị', 3, 11),
(474, '/food/cha1.jpg', 'Bánh tráng trộn ngon khó cưỡng, đầy đủ topping.', 'Bánh tráng trộn 59', 70000, 50, 'f', 'Giảm 15%', 'Món chính', 3, 11),
(475, '/food/cha1.jpg', 'Bánh tráng trộn ngon khó cưỡng, đầy đủ topping.', 'Bánh tráng trộn 60', 95000, 65, 't', 'Giảm 10%', 'Khai vị', 3, 11),
(476, '/food/cha1.jpg', 'Bánh tráng trộn ngon khó cưỡng, đầy đủ topping.', 'Bánh tráng trộn 61', 85000, 55, 't', 'Giảm 10%', 'Khai vị', 3, 11),
(477, '/food/cha1.jpg', 'Bánh tráng trộn ngon khó cưỡng, đầy đủ topping.', 'Bánh tráng trộn 62', 65000, 40, 't', 'Giảm 5%', 'Tráng miệng', 3, 11),
(478, '/food/cha1.jpg', 'Bánh tráng trộn ngon khó cưỡng, đầy đủ topping.', 'Bánh tráng trộn 63', 55000, 50, 'f', 'Giảm 15%', 'Món chính', 3, 11),
(479, '/food/cha1.jpg', 'Bánh tráng trộn ngon khó cưỡng, đầy đủ topping.', 'Bánh tráng trộn 64', 55000, 50, 't', 'Giảm 10%', 'Món chính', 3, 11),
(480, '/food/cha1.jpg', 'Bánh tráng trộn ngon khó cưỡng, đầy đủ topping.', 'Bánh tráng trộn 65', 80000, 60, 'f', 'Giảm 15%', 'Tráng miệng', 3, 11),
(481, '/food/cha1.jpg', 'Bánh tráng trộn ngon khó cưỡng, đầy đủ topping.', 'Bánh tráng trộn 66', 65000, 30, 'f', 'Giảm 15%', 'Món chính', 3, 11),
(482, '/food/cha1.jpg', 'Bánh tráng trộn ngon khó cưỡng, đầy đủ topping.', 'Bánh tráng trộn 67', 35000, 50, 't', 'Giảm 15%', 'Món chính', 3, 11),
(483, '/food/cha1.jpg', 'Bánh tráng trộn ngon khó cưỡng, đầy đủ topping.', 'Bánh tráng trộn 68', 65000, 60, 't', 'Giảm 10%', 'Khai vị', 3, 11),
(484, '/food/cha1.jpg', 'Bánh tráng trộn ngon khó cưỡng, đầy đủ topping.', 'Bánh tráng trộn 69', 20000, 30, 'f', 'Giảm 15%', 'Món chính', 3, 11),
(485, '/food/cha1.jpg', 'Bánh tráng trộn ngon khó cưỡng, đầy đủ topping.', 'Bánh tráng trộn 70', 60000, 35, 'f', 'Giảm 15%', 'Món chính', 3, 11),
(486, '/food/cha1.jpg', 'Bánh tráng trộn ngon khó cưỡng, đầy đủ topping.', 'Bánh tráng trộn 71', 95000, 30, 't', 'Giảm 15%', 'Món chính', 3, 11),
(487, '/food/cha1.jpg', 'Bánh tráng trộn ngon khó cưỡng, đầy đủ topping.', 'Bánh tráng trộn 72', 30000, 45, 'f', 'Giảm 15%', 'Món chính', 3, 11),
(488, '/food/cha1.jpg', 'Bánh tráng trộn ngon khó cưỡng, đầy đủ topping.', 'Bánh tráng trộn 73', 45000, 30, 't', 'Giảm 15%', 'Món chính', 3, 11),
(489, '/food/cha1.jpg', 'Bánh tráng trộn ngon khó cưỡng, đầy đủ topping.', 'Bánh tráng trộn 74', 25000, 50, 't', 'Giảm 10%', 'Món chính', 3, 11),
(490, '/food/cha1.jpg', 'Bánh tráng trộn ngon khó cưỡng, đầy đủ topping.', 'Bánh tráng trộn 75', 80000, 45, 'f', 'Giảm 15%', 'Tráng miệng', 3, 11),
(491, '/food/cha1.jpg', 'Bánh tráng trộn ngon khó cưỡng, đầy đủ topping.', 'Bánh tráng trộn 76', 25000, 40, 't', 'Giảm 5%', 'Tráng miệng', 3, 11),
(492, '/food/cha1.jpg', 'Bánh tráng trộn ngon khó cưỡng, đầy đủ topping.', 'Bánh tráng trộn 77', 25000, 60, 't', 'Giảm 10%', 'Món chính', 3, 11),
(493, '/food/cha1.jpg', 'Bánh tráng trộn ngon khó cưỡng, đầy đủ topping.', 'Bánh tráng trộn 78', 70000, 20, 't', 'Giảm 10%', 'Món chính', 3, 11),
(494, '/food/cha1.jpg', 'Bánh tráng trộn ngon khó cưỡng, đầy đủ topping.', 'Bánh tráng trộn 79', 40000, 30, 't', 'Giảm 5%', 'Tráng miệng', 3, 11),
(495, '/food/cha1.jpg', 'Bánh tráng trộn ngon khó cưỡng, đầy đủ topping.', 'Bánh tráng trộn 80', 30000, 50, 't', 'Giảm 5%', 'Tráng miệng', 3, 11),
(496, '/food/cha1.jpg', 'Bánh tráng trộn ngon khó cưỡng, đầy đủ topping.', 'Bánh tráng trộn 81', 40000, 75, 't', 'Giảm 10%', 'Món chính', 3, 11),
(497, '/food/cha1.jpg', 'Bánh tráng trộn ngon khó cưỡng, đầy đủ topping.', 'Bánh tráng trộn 82', 30000, 70, 't', 'Giảm 10%', 'Khai vị', 3, 11),
(498, '/food/cha1.jpg', 'Bánh tráng trộn ngon khó cưỡng, đầy đủ topping.', 'Bánh tráng trộn 83', 50000, 30, 'f', 'Giảm 15%', 'Món chính', 3, 11),
(499, '/food/cha1.jpg', 'Bánh tráng trộn ngon khó cưỡng, đầy đủ topping.', 'Bánh tráng trộn 84', 35000, 50, 't', 'Giảm 5%', 'Tráng miệng', 3, 11),
(500, '/food/cha1.jpg', 'Bánh tráng trộn ngon khó cưỡng, đầy đủ topping.', 'Bánh tráng trộn 85', 60000, 40, 'f', 'Giảm 15%', 'Tráng miệng', 3, 11);

INSERT INTO "public"."food" ("food_id", "thumbnail", "description", "name_food", "price", "inventory", "featured", "promotion", "kind", "eatery_id", "category_id") VALUES
(501, '/food/cha1.jpg', 'Bánh tráng trộn ngon khó cưỡng, đầy đủ topping.', 'Bánh tráng trộn 86', 95000, 60, 't', 'Giảm 10%', 'Món chính', 3, 11),
(502, '/food/cha1.jpg', 'Bánh tráng trộn ngon khó cưỡng, đầy đủ topping.', 'Bánh tráng trộn 87', 75000, 65, 't', 'Giảm 20%', 'Món chính', 3, 11),
(503, '/food/cha1.jpg', 'Bánh tráng trộn ngon khó cưỡng, đầy đủ topping.', 'Bánh tráng trộn 88', 50000, 75, 't', 'Giảm 10%', 'Khai vị', 3, 11),
(504, '/food/cha1.jpg', 'Bánh tráng trộn ngon khó cưỡng, đầy đủ topping.', 'Bánh tráng trộn 89', 70000, 50, 't', 'Giảm 10%', 'Món chính', 3, 11),
(505, '/food/cha1.jpg', 'Bánh tráng trộn ngon khó cưỡng, đầy đủ topping.', 'Bánh tráng trộn 90', 25000, 45, 't', 'Giảm 10%', 'Khai vị', 3, 11),
(506, '/food/cha1.jpg', 'Bánh tráng trộn ngon khó cưỡng, đầy đủ topping.', 'Bánh tráng trộn 91', 85000, 65, 'f', 'Giảm 15%', 'Món chính', 3, 11),
(507, '/food/cha1.jpg', 'Bánh tráng trộn ngon khó cưỡng, đầy đủ topping.', 'Bánh tráng trộn 92', 70000, 55, 'f', 'Giảm 10%', 'Tráng miệng', 3, 11),
(508, '/food/cha1.jpg', 'Bánh tráng trộn ngon khó cưỡng, đầy đủ topping.', 'Bánh tráng trộn 93', 30000, 45, 'f', 'Giảm 15%', 'Món chính', 3, 11),
(509, '/food/cha1.jpg', 'Bánh tráng trộn ngon khó cưỡng, đầy đủ topping.', 'Bánh tráng trộn 94', 75000, 25, 't', 'Giảm 15%', 'Món chính', 3, 11),
(510, '/food/cha1.jpg', 'Bánh tráng trộn ngon khó cưỡng, đầy đủ topping.', 'Bánh tráng trộn 95', 40000, 75, 't', 'Giảm 10%', 'Món chính', 3, 11),
(511, '/food/cha1.jpg', 'Bánh tráng trộn ngon khó cưỡng, đầy đủ topping.', 'Bánh tráng trộn 96', 20000, 20, 't', 'Giảm 5%', 'Tráng miệng', 3, 11),
(512, '/food/cha1.jpg', 'Bánh tráng trộn ngon khó cưỡng, đầy đủ topping.', 'Bánh tráng trộn 97', 30000, 75, 't', 'Giảm 10%', 'Khai vị', 3, 11),
(513, '/food/cha1.jpg', 'Bánh tráng trộn ngon khó cưỡng, đầy đủ topping.', 'Bánh tráng trộn 98', 35000, 75, 'f', 'Giảm 15%', 'Món chính', 3, 11),
(514, '/food/cha1.jpg', 'Bánh tráng trộn ngon khó cưỡng, đầy đủ topping.', 'Bánh tráng trộn 99', 55000, 25, 't', 'Giảm 15%', 'Món chính', 3, 11),
(515, '/food/bo1.jpg', 'Bún thịt nướng thơm ngon, mỡ hành béo ngậy.', 'Bún thịt nướng 01', 55000, 55, 'f', 'Giảm 5%', 'Khai vị', 2, 10),
(516, '/food/bo1.jpg', 'Bún thịt nướng thơm ngon, mỡ hành béo ngậy.', 'Bún thịt nướng 02', 60000, 55, 'f', 'Giảm 5%', 'Khai vị', 2, 10),
(517, '/food/bo1.jpg', 'Bún thịt nướng thơm ngon, mỡ hành béo ngậy.', 'Bún thịt nướng 03', 45000, 70, 't', 'Giảm 10%', 'Món chính', 2, 10),
(518, '/food/bo1.jpg', 'Bún thịt nướng thơm ngon, mỡ hành béo ngậy.', 'Bún thịt nướng 04', 25000, 25, 't', 'Giảm 10%', 'Món chính', 2, 10),
(519, '/food/bo1.jpg', 'Bún thịt nướng thơm ngon, mỡ hành béo ngậy.', 'Bún thịt nướng 05', 25000, 70, 'f', 'Giảm 15%', 'Món chính', 2, 10),
(520, '/food/bo1.jpg', 'Bún thịt nướng thơm ngon, mỡ hành béo ngậy.', 'Bún thịt nướng 06', 65000, 20, 't', 'Giảm 5%', 'Khai vị', 2, 10),
(521, '/food/bo1.jpg', 'Bún thịt nướng thơm ngon, mỡ hành béo ngậy.', 'Bún thịt nướng 07', 90000, 75, 't', 'Giảm 10%', 'Món chính', 2, 10),
(522, '/food/bo1.jpg', 'Bún thịt nướng thơm ngon, mỡ hành béo ngậy.', 'Bún thịt nướng 08', 50000, 55, 't', 'Giảm 10%', 'Khai vị', 2, 10),
(523, '/food/bo1.jpg', 'Bún thịt nướng thơm ngon, mỡ hành béo ngậy.', 'Bún thịt nướng 09', 30000, 55, 't', 'Giảm 10%', 'Khai vị', 2, 10),
(524, '/food/bo1.jpg', 'Bún thịt nướng thơm ngon, mỡ hành béo ngậy.', 'Bún thịt nướng 10', 30000, 50, 'f', 'Giảm 15%', 'Món chính', 2, 10),
(525, '/food/bo1.jpg', 'Bún thịt nướng thơm ngon, mỡ hành béo ngậy.', 'Bún thịt nướng 11', 90000, 75, 't', 'Giảm 10%', 'Món chính', 2, 10),
(526, '/food/bo1.jpg', 'Bún thịt nướng thơm ngon, mỡ hành béo ngậy.', 'Bún thịt nướng 12', 35000, 35, 't', 'Giảm 10%', 'Món chính', 2, 10),
(527, '/food/bo1.jpg', 'Bún thịt nướng thơm ngon, mỡ hành béo ngậy.', 'Bún thịt nướng 13', 20000, 70, 't', 'Giảm 10%', 'Khai vị', 2, 10),
(528, '/food/bo1.jpg', 'Bún thịt nướng thơm ngon, mỡ hành béo ngậy.', 'Bún thịt nướng 14', 75000, 55, 'f', 'Giảm 15%', 'Món chính', 2, 10),
(529, '/food/bo1.jpg', 'Bún thịt nướng thơm ngon, mỡ hành béo ngậy.', 'Bún thịt nướng 15', 75000, 60, 't', 'Giảm 10%', 'Khai vị', 2, 10),
(530, '/food/bo1.jpg', 'Bún thịt nướng thơm ngon, mỡ hành béo ngậy.', 'Bún thịt nướng 16', 20000, 45, 'f', 'Giảm 15%', 'Món chính', 2, 10),
(531, '/food/bo1.jpg', 'Bún thịt nướng thơm ngon, mỡ hành béo ngậy.', 'Bún thịt nướng 17', 20000, 45, 't', 'Giảm 10%', 'Khai vị', 2, 10),
(532, '/food/bo1.jpg', 'Bún thịt nướng thơm ngon, mỡ hành béo ngậy.', 'Bún thịt nướng 18', 45000, 35, 't', 'Giảm 5%', 'Tráng miệng', 2, 10),
(533, '/food/bo1.jpg', 'Bún thịt nướng thơm ngon, mỡ hành béo ngậy.', 'Bún thịt nướng 19', 60000, 55, 't', 'Giảm 10%', 'Khai vị', 2, 10),
(534, '/food/bo1.jpg', 'Bún thịt nướng thơm ngon, mỡ hành béo ngậy.', 'Bún thịt nướng 20', 75000, 70, 't', 'Giảm 10%', 'Khai vị', 2, 10),
(535, '/food/bo1.jpg', 'Bún thịt nướng thơm ngon, mỡ hành béo ngậy.', 'Bún thịt nướng 21', 95000, 50, 't', 'Giảm 10%', 'Khai vị', 2, 10),
(536, '/food/bo1.jpg', 'Bún thịt nướng thơm ngon, mỡ hành béo ngậy.', 'Bún thịt nướng 22', 30000, 60, 't', 'Giảm 5%', 'Tráng miệng', 2, 10),
(537, '/food/bo1.jpg', 'Bún thịt nướng thơm ngon, mỡ hành béo ngậy.', 'Bún thịt nướng 23', 60000, 60, 't', 'Giảm 10%', 'Món chính', 2, 10),
(538, '/food/bo1.jpg', 'Bún thịt nướng thơm ngon, mỡ hành béo ngậy.', 'Bún thịt nướng 24', 60000, 45, 'f', 'Giảm 5%', 'Khai vị', 2, 10),
(539, '/food/bo1.jpg', 'Bún thịt nướng thơm ngon, mỡ hành béo ngậy.', 'Bún thịt nướng 25', 65000, 70, 'f', 'Giảm 5%', 'Khai vị', 2, 10),
(540, '/food/bo1.jpg', 'Bún thịt nướng thơm ngon, mỡ hành béo ngậy.', 'Bún thịt nướng 26', 85000, 30, 'f', 'Giảm 15%', 'Món chính', 2, 10),
(541, '/food/bo1.jpg', 'Bún thịt nướng thơm ngon, mỡ hành béo ngậy.', 'Bún thịt nướng 27', 25000, 55, 't', 'Giảm 10%', 'Món chính', 2, 10),
(542, '/food/bo1.jpg', 'Bún thịt nướng thơm ngon, mỡ hành béo ngậy.', 'Bún thịt nướng 28', 90000, 20, 'f', 'Giảm 15%', 'Món chính', 2, 10),
(543, '/food/bo1.jpg', 'Bún thịt nướng thơm ngon, mỡ hành béo ngậy.', 'Bún thịt nướng 29', 85000, 60, 't', 'Giảm 10%', 'Khai vị', 2, 10),
(544, '/food/bo1.jpg', 'Bún thịt nướng thơm ngon, mỡ hành béo ngậy.', 'Bún thịt nướng 30', 35000, 70, 'f', 'Giảm 15%', 'Món chính', 2, 10),
(545, '/food/bo1.jpg', 'Bún thịt nướng thơm ngon, mỡ hành béo ngậy.', 'Bún thịt nướng 31', 20000, 65, 't', 'Giảm 5%', 'Tráng miệng', 2, 10),
(546, '/food/bo1.jpg', 'Bún thịt nướng thơm ngon, mỡ hành béo ngậy.', 'Bún thịt nướng 32', 85000, 70, 't', 'Giảm 10%', 'Khai vị', 2, 10),
(547, '/food/bo1.jpg', 'Bún thịt nướng thơm ngon, mỡ hành béo ngậy.', 'Bún thịt nướng 33', 35000, 70, 't', 'Giảm 10%', 'Khai vị', 2, 10),
(548, '/food/bo1.jpg', 'Bún thịt nướng thơm ngon, mỡ hành béo ngậy.', 'Bún thịt nướng 34', 80000, 25, 'f', 'Giảm 15%', 'Tráng miệng', 2, 10),
(549, '/food/bo1.jpg', 'Bún thịt nướng thơm ngon, mỡ hành béo ngậy.', 'Bún thịt nướng 35', 95000, 75, 't', 'Giảm 10%', 'Khai vị', 2, 10),
(550, '/food/bo1.jpg', 'Bún thịt nướng thơm ngon, mỡ hành béo ngậy.', 'Bún thịt nướng 36', 65000, 25, 't', 'Giảm 15%', 'Món chính', 2, 10),
(551, '/food/bo1.jpg', 'Bún thịt nướng thơm ngon, mỡ hành béo ngậy.', 'Bún thịt nướng 37', 85000, 60, 't', 'Giảm 10%', 'Khai vị', 2, 10),
(552, '/food/bo1.jpg', 'Bún thịt nướng thơm ngon, mỡ hành béo ngậy.', 'Bún thịt nướng 38', 55000, 30, 't', 'Giảm 10%', 'Khai vị', 2, 10),
(553, '/food/bo1.jpg', 'Bún thịt nướng thơm ngon, mỡ hành béo ngậy.', 'Bún thịt nướng 39', 30000, 45, 't', 'Giảm 20%', 'Món chính', 2, 10),
(554, '/food/bo1.jpg', 'Bún thịt nướng thơm ngon, mỡ hành béo ngậy.', 'Bún thịt nướng 40', 80000, 25, 't', 'Giảm 5%', 'Tráng miệng', 2, 10),
(555, '/food/bo1.jpg', 'Bún thịt nướng thơm ngon, mỡ hành béo ngậy.', 'Bún thịt nướng 41', 50000, 30, 'f', 'Giảm 5%', 'Khai vị', 2, 10),
(556, '/food/bo1.jpg', 'Bún thịt nướng thơm ngon, mỡ hành béo ngậy.', 'Bún thịt nướng 42', 95000, 50, 'f', 'Giảm 10%', 'Tráng miệng', 2, 10),
(557, '/food/bo1.jpg', 'Bún thịt nướng thơm ngon, mỡ hành béo ngậy.', 'Bún thịt nướng 43', 80000, 35, 'f', 'Giảm 15%', 'Món chính', 2, 10),
(558, '/food/bo1.jpg', 'Bún thịt nướng thơm ngon, mỡ hành béo ngậy.', 'Bún thịt nướng 44', 30000, 30, 't', 'Giảm 10%', 'Món chính', 2, 10),
(559, '/food/bo1.jpg', 'Bún thịt nướng thơm ngon, mỡ hành béo ngậy.', 'Bún thịt nướng 45', 30000, 75, 't', 'Giảm 5%', 'Tráng miệng', 2, 10),
(560, '/food/bo1.jpg', 'Bún thịt nướng thơm ngon, mỡ hành béo ngậy.', 'Bún thịt nướng 46', 70000, 25, 't', 'Giảm 5%', 'Khai vị', 2, 10),
(561, '/food/bo1.jpg', 'Bún thịt nướng thơm ngon, mỡ hành béo ngậy.', 'Bún thịt nướng 47', 20000, 40, 't', 'Giảm 10%', 'Món chính', 2, 10),
(562, '/food/bo1.jpg', 'Bún thịt nướng thơm ngon, mỡ hành béo ngậy.', 'Bún thịt nướng 48', 40000, 45, 't', 'Giảm 15%', 'Món chính', 2, 10),
(563, '/food/bo1.jpg', 'Bún thịt nướng thơm ngon, mỡ hành béo ngậy.', 'Bún thịt nướng 49', 80000, 55, 'f', 'Giảm 15%', 'Món chính', 2, 10),
(564, '/food/bo1.jpg', 'Bún thịt nướng thơm ngon, mỡ hành béo ngậy.', 'Bún thịt nướng 50', 50000, 50, 'f', 'Giảm 10%', 'Tráng miệng', 2, 10),
(565, '/food/bo1.jpg', 'Bún thịt nướng thơm ngon, mỡ hành béo ngậy.', 'Bún thịt nướng 51', 60000, 65, 'f', 'Giảm 15%', 'Món chính', 2, 10),
(566, '/food/bo1.jpg', 'Bún thịt nướng thơm ngon, mỡ hành béo ngậy.', 'Bún thịt nướng 52', 40000, 30, 't', 'Giảm 10%', 'Món chính', 2, 10),
(567, '/food/bo1.jpg', 'Bún thịt nướng thơm ngon, mỡ hành béo ngậy.', 'Bún thịt nướng 53', 50000, 20, 'f', 'Giảm 15%', 'Món chính', 2, 10),
(568, '/food/bo1.jpg', 'Bún thịt nướng thơm ngon, mỡ hành béo ngậy.', 'Bún thịt nướng 54', 90000, 70, 't', 'Giảm 10%', 'Món chính', 2, 10),
(569, '/food/bo1.jpg', 'Bún thịt nướng thơm ngon, mỡ hành béo ngậy.', 'Bún thịt nướng 55', 70000, 20, 't', 'Giảm 10%', 'Khai vị', 2, 10),
(570, '/food/bo1.jpg', 'Bún thịt nướng thơm ngon, mỡ hành béo ngậy.', 'Bún thịt nướng 56', 25000, 35, 't', 'Giảm 10%', 'Món chính', 2, 10),
(571, '/food/bo1.jpg', 'Bún thịt nướng thơm ngon, mỡ hành béo ngậy.', 'Bún thịt nướng 57', 25000, 55, 'f', 'Giảm 15%', 'Món chính', 2, 10),
(572, '/food/bo1.jpg', 'Bún thịt nướng thơm ngon, mỡ hành béo ngậy.', 'Bún thịt nướng 58', 35000, 60, 'f', 'Giảm 15%', 'Món chính', 2, 10),
(573, '/food/bo1.jpg', 'Bún thịt nướng thơm ngon, mỡ hành béo ngậy.', 'Bún thịt nướng 59', 95000, 65, 'f', 'Giảm 10%', 'Tráng miệng', 2, 10),
(574, '/food/bo1.jpg', 'Bún thịt nướng thơm ngon, mỡ hành béo ngậy.', 'Bún thịt nướng 60', 55000, 75, 't', 'Giảm 15%', 'Món chính', 2, 10),
(575, '/food/bo1.jpg', 'Bún thịt nướng thơm ngon, mỡ hành béo ngậy.', 'Bún thịt nướng 61', 55000, 65, 't', 'Giảm 10%', 'Khai vị', 2, 10),
(576, '/food/bo1.jpg', 'Bún thịt nướng thơm ngon, mỡ hành béo ngậy.', 'Bún thịt nướng 62', 45000, 20, 't', 'Giảm 10%', 'Khai vị', 2, 10),
(577, '/food/bo1.jpg', 'Bún thịt nướng thơm ngon, mỡ hành béo ngậy.', 'Bún thịt nướng 63', 80000, 25, 't', 'Giảm 10%', 'Món chính', 2, 10),
(578, '/food/bo1.jpg', 'Bún thịt nướng thơm ngon, mỡ hành béo ngậy.', 'Bún thịt nướng 64', 75000, 45, 't', 'Giảm 10%', 'Khai vị', 2, 10),
(579, '/food/bo1.jpg', 'Bún thịt nướng thơm ngon, mỡ hành béo ngậy.', 'Bún thịt nướng 65', 65000, 75, 't', 'Giảm 10%', 'Món chính', 2, 10),
(580, '/food/bo1.jpg', 'Bún thịt nướng thơm ngon, mỡ hành béo ngậy.', 'Bún thịt nướng 66', 20000, 40, 't', 'Giảm 10%', 'Khai vị', 2, 10),
(581, '/food/bo1.jpg', 'Bún thịt nướng thơm ngon, mỡ hành béo ngậy.', 'Bún thịt nướng 67', 25000, 60, 't', 'Giảm 10%', 'Món chính', 2, 10),
(582, '/food/bo1.jpg', 'Bún thịt nướng thơm ngon, mỡ hành béo ngậy.', 'Bún thịt nướng 68', 40000, 45, 'f', 'Giảm 10%', 'Tráng miệng', 2, 10),
(583, '/food/bo1.jpg', 'Bún thịt nướng thơm ngon, mỡ hành béo ngậy.', 'Bún thịt nướng 69', 85000, 35, 'f', 'Giảm 5%', 'Khai vị', 2, 10),
(584, '/food/bo1.jpg', 'Bún thịt nướng thơm ngon, mỡ hành béo ngậy.', 'Bún thịt nướng 70', 55000, 70, 't', 'Giảm 10%', 'Món chính', 2, 10),
(585, '/food/bo1.jpg', 'Bún thịt nướng thơm ngon, mỡ hành béo ngậy.', 'Bún thịt nướng 71', 80000, 45, 't', 'Giảm 15%', 'Món chính', 2, 10),
(586, '/food/bo1.jpg', 'Bún thịt nướng thơm ngon, mỡ hành béo ngậy.', 'Bún thịt nướng 72', 70000, 20, 't', 'Giảm 15%', 'Món chính', 2, 10),
(587, '/food/bo1.jpg', 'Bún thịt nướng thơm ngon, mỡ hành béo ngậy.', 'Bún thịt nướng 73', 25000, 30, 't', 'Giảm 10%', 'Món chính', 2, 10),
(588, '/food/bo1.jpg', 'Bún thịt nướng thơm ngon, mỡ hành béo ngậy.', 'Bún thịt nướng 74', 20000, 25, 't', 'Giảm 10%', 'Món chính', 2, 10),
(589, '/food/bo1.jpg', 'Bún thịt nướng thơm ngon, mỡ hành béo ngậy.', 'Bún thịt nướng 75', 25000, 25, 'f', 'Giảm 10%', 'Tráng miệng', 2, 10),
(590, '/food/bo1.jpg', 'Bún thịt nướng thơm ngon, mỡ hành béo ngậy.', 'Bún thịt nướng 76', 55000, 55, 'f', 'Giảm 10%', 'Tráng miệng', 2, 10),
(591, '/food/bo1.jpg', 'Bún thịt nướng thơm ngon, mỡ hành béo ngậy.', 'Bún thịt nướng 77', 25000, 25, 't', 'Giảm 5%', 'Khai vị', 2, 10),
(592, '/food/bo1.jpg', 'Bún thịt nướng thơm ngon, mỡ hành béo ngậy.', 'Bún thịt nướng 78', 70000, 75, 'f', 'Giảm 15%', 'Món chính', 2, 10),
(593, '/food/bo1.jpg', 'Bún thịt nướng thơm ngon, mỡ hành béo ngậy.', 'Bún thịt nướng 79', 50000, 55, 't', 'Giảm 5%', 'Tráng miệng', 2, 10),
(594, '/food/bo1.jpg', 'Bún thịt nướng thơm ngon, mỡ hành béo ngậy.', 'Bún thịt nướng 80', 35000, 75, 't', 'Giảm 20%', 'Món chính', 2, 10),
(595, '/food/bo1.jpg', 'Bún thịt nướng thơm ngon, mỡ hành béo ngậy.', 'Bún thịt nướng 81', 40000, 40, 'f', 'Giảm 5%', 'Khai vị', 2, 10),
(596, '/food/bo1.jpg', 'Bún thịt nướng thơm ngon, mỡ hành béo ngậy.', 'Bún thịt nướng 82', 65000, 30, 'f', 'Giảm 5%', 'Khai vị', 2, 10),
(597, '/food/bo1.jpg', 'Bún thịt nướng thơm ngon, mỡ hành béo ngậy.', 'Bún thịt nướng 83', 95000, 25, 't', 'Giảm 10%', 'Món chính', 2, 10),
(598, '/food/bo1.jpg', 'Bún thịt nướng thơm ngon, mỡ hành béo ngậy.', 'Bún thịt nướng 84', 45000, 35, 'f', 'Giảm 5%', 'Khai vị', 2, 10),
(599, '/food/bo1.jpg', 'Bún thịt nướng thơm ngon, mỡ hành béo ngậy.', 'Bún thịt nướng 85', 90000, 30, 'f', 'Giảm 10%', 'Tráng miệng', 2, 10),
(600, '/food/bo1.jpg', 'Bún thịt nướng thơm ngon, mỡ hành béo ngậy.', 'Bún thịt nướng 86', 35000, 25, 't', 'Giảm 10%', 'Món chính', 2, 10),
(601, '/food/bo1.jpg', 'Bún thịt nướng thơm ngon, mỡ hành béo ngậy.', 'Bún thịt nướng 87', 65000, 65, 't', 'Giảm 5%', 'Tráng miệng', 2, 10),
(602, '/food/bo1.jpg', 'Bún thịt nướng thơm ngon, mỡ hành béo ngậy.', 'Bún thịt nướng 88', 90000, 45, 'f', 'Giảm 5%', 'Khai vị', 2, 10),
(603, '/food/bo1.jpg', 'Bún thịt nướng thơm ngon, mỡ hành béo ngậy.', 'Bún thịt nướng 89', 80000, 40, 't', 'Giảm 10%', 'Khai vị', 2, 10),
(604, '/food/bo1.jpg', 'Bún thịt nướng thơm ngon, mỡ hành béo ngậy.', 'Bún thịt nướng 90', 95000, 75, 'f', 'Giảm 15%', 'Món chính', 2, 10),
(605, '/food/bo1.jpg', 'Bún thịt nướng thơm ngon, mỡ hành béo ngậy.', 'Bún thịt nướng 91', 45000, 55, 't', 'Giảm 10%', 'Khai vị', 2, 10),
(606, '/food/bo1.jpg', 'Bún thịt nướng thơm ngon, mỡ hành béo ngậy.', 'Bún thịt nướng 92', 20000, 35, 'f', 'Giảm 15%', 'Món chính', 2, 10),
(607, '/food/bo1.jpg', 'Bún thịt nướng thơm ngon, mỡ hành béo ngậy.', 'Bún thịt nướng 93', 85000, 55, 'f', 'Giảm 20%', 'Khai vị', 2, 10),
(608, '/food/bo1.jpg', 'Bún thịt nướng thơm ngon, mỡ hành béo ngậy.', 'Bún thịt nướng 94', 65000, 60, 't', 'Giảm 10%', 'Món chính', 2, 10),
(609, '/food/bo1.jpg', 'Bún thịt nướng thơm ngon, mỡ hành béo ngậy.', 'Bún thịt nướng 95', 80000, 40, 't', 'Giảm 10%', 'Khai vị', 2, 10),
(610, '/food/bo1.jpg', 'Bún thịt nướng thơm ngon, mỡ hành béo ngậy.', 'Bún thịt nướng 96', 40000, 30, 'f', 'Giảm 10%', 'Tráng miệng', 2, 10),
(611, '/food/bo1.jpg', 'Bún thịt nướng thơm ngon, mỡ hành béo ngậy.', 'Bún thịt nướng 97', 70000, 20, 'f', 'Giảm 15%', 'Món chính', 2, 10),
(612, '/food/bo1.jpg', 'Bún thịt nướng thơm ngon, mỡ hành béo ngậy.', 'Bún thịt nướng 98', 30000, 40, 'f', 'Giảm 5%', 'Khai vị', 2, 10),
(613, '/food/bo1.jpg', 'Bún thịt nướng thơm ngon, mỡ hành béo ngậy.', 'Bún thịt nướng 99', 85000, 55, 'f', 'Giảm 10%', 'Tráng miệng', 2, 10),
(614, '/food/cha1.jpg', 'Bánh xèo vàng giòn, nhân tôm thịt.', 'Bánh xèo 01', 55000, 25, 'f', 'Giảm 15%', 'Món chính', 1, 11),
(615, '/food/cha1.jpg', 'Bánh xèo vàng giòn, nhân tôm thịt.', 'Bánh xèo 02', 50000, 40, 't', 'Giảm 10%', 'Khai vị', 1, 11),
(616, '/food/cha1.jpg', 'Bánh xèo vàng giòn, nhân tôm thịt.', 'Bánh xèo 03', 20000, 50, 't', 'Giảm 5%', 'Khai vị', 1, 11),
(617, '/food/cha1.jpg', 'Bánh xèo vàng giòn, nhân tôm thịt.', 'Bánh xèo 04', 25000, 25, 'f', 'Giảm 15%', 'Tráng miệng', 1, 11),
(618, '/food/cha1.jpg', 'Bánh xèo vàng giòn, nhân tôm thịt.', 'Bánh xèo 05', 40000, 35, 'f', 'Giảm 15%', 'Tráng miệng', 1, 11),
(619, '/food/cha1.jpg', 'Bánh xèo vàng giòn, nhân tôm thịt.', 'Bánh xèo 06', 45000, 35, 't', 'Giảm 10%', 'Khai vị', 1, 11),
(620, '/food/cha1.jpg', 'Bánh xèo vàng giòn, nhân tôm thịt.', 'Bánh xèo 07', 60000, 20, 't', 'Giảm 10%', 'Khai vị', 1, 11),
(621, '/food/cha1.jpg', 'Bánh xèo vàng giòn, nhân tôm thịt.', 'Bánh xèo 08', 25000, 50, 't', 'Giảm 25%', 'Món chính', 1, 11),
(622, '/food/cha1.jpg', 'Bánh xèo vàng giòn, nhân tôm thịt.', 'Bánh xèo 09', 35000, 60, 'f', 'Giảm 15%', 'Tráng miệng', 1, 11),
(623, '/food/cha1.jpg', 'Bánh xèo vàng giòn, nhân tôm thịt.', 'Bánh xèo 10', 60000, 30, 't', 'Giảm 10%', 'Món chính', 1, 11),
(624, '/food/cha1.jpg', 'Bánh xèo vàng giòn, nhân tôm thịt.', 'Bánh xèo 11', 95000, 30, 't', 'Giảm 5%', 'Tráng miệng', 1, 11),
(625, '/food/cha1.jpg', 'Bánh xèo vàng giòn, nhân tôm thịt.', 'Bánh xèo 12', 80000, 65, 't', 'Giảm 10%', 'Món chính', 1, 11),
(626, '/food/cha1.jpg', 'Bánh xèo vàng giòn, nhân tôm thịt.', 'Bánh xèo 13', 80000, 45, 'f', 'Giảm 15%', 'Món chính', 1, 11),
(627, '/food/cha1.jpg', 'Bánh xèo vàng giòn, nhân tôm thịt.', 'Bánh xèo 14', 60000, 35, 't', 'Giảm 10%', 'Khai vị', 1, 11),
(628, '/food/cha1.jpg', 'Bánh xèo vàng giòn, nhân tôm thịt.', 'Bánh xèo 15', 70000, 65, 't', 'Giảm 5%', 'Tráng miệng', 1, 11),
(629, '/food/cha1.jpg', 'Bánh xèo vàng giòn, nhân tôm thịt.', 'Bánh xèo 16', 90000, 30, 't', 'Giảm 10%', 'Khai vị', 1, 11),
(630, '/food/cha1.jpg', 'Bánh xèo vàng giòn, nhân tôm thịt.', 'Bánh xèo 17', 90000, 50, 'f', 'Giảm 15%', 'Món chính', 1, 11),
(631, '/food/cha1.jpg', 'Bánh xèo vàng giòn, nhân tôm thịt.', 'Bánh xèo 18', 45000, 65, 't', 'Giảm 10%', 'Khai vị', 1, 11),
(632, '/food/cha1.jpg', 'Bánh xèo vàng giòn, nhân tôm thịt.', 'Bánh xèo 19', 85000, 65, 't', 'Giảm 10%', 'Món chính', 1, 11),
(633, '/food/cha1.jpg', 'Bánh xèo vàng giòn, nhân tôm thịt.', 'Bánh xèo 20', 40000, 45, 't', 'Giảm 5%', 'Tráng miệng', 1, 11),
(634, '/food/cha1.jpg', 'Bánh xèo vàng giòn, nhân tôm thịt.', 'Bánh xèo 21', 20000, 60, 't', 'Giảm 15%', 'Món chính', 1, 11),
(635, '/food/cha1.jpg', 'Bánh xèo vàng giòn, nhân tôm thịt.', 'Bánh xèo 22', 70000, 25, 't', 'Giảm 10%', 'Khai vị', 1, 11),
(636, '/food/cha1.jpg', 'Bánh xèo vàng giòn, nhân tôm thịt.', 'Bánh xèo 23', 25000, 65, 'f', 'Giảm 15%', 'Món chính', 1, 11),
(637, '/food/cha1.jpg', 'Bánh xèo vàng giòn, nhân tôm thịt.', 'Bánh xèo 24', 60000, 50, 't', 'Giảm 5%', 'Tráng miệng', 1, 11),
(638, '/food/cha1.jpg', 'Bánh xèo vàng giòn, nhân tôm thịt.', 'Bánh xèo 25', 40000, 75, 'f', 'Giảm 15%', 'Tráng miệng', 1, 11),
(639, '/food/cha1.jpg', 'Bánh xèo vàng giòn, nhân tôm thịt.', 'Bánh xèo 26', 70000, 65, 't', 'Giảm 5%', 'Tráng miệng', 1, 11),
(640, '/food/cha1.jpg', 'Bánh xèo vàng giòn, nhân tôm thịt.', 'Bánh xèo 27', 55000, 40, 't', 'Giảm 10%', 'Khai vị', 1, 11),
(641, '/food/cha1.jpg', 'Bánh xèo vàng giòn, nhân tôm thịt.', 'Bánh xèo 28', 35000, 40, 't', 'Giảm 10%', 'Món chính', 1, 11),
(642, '/food/cha1.jpg', 'Bánh xèo vàng giòn, nhân tôm thịt.', 'Bánh xèo 29', 75000, 70, 't', 'Giảm 10%', 'Khai vị', 1, 11),
(643, '/food/cha1.jpg', 'Bánh xèo vàng giòn, nhân tôm thịt.', 'Bánh xèo 30', 25000, 35, 't', 'Giảm 5%', 'Tráng miệng', 1, 11),
(644, '/food/cha1.jpg', 'Bánh xèo vàng giòn, nhân tôm thịt.', 'Bánh xèo 31', 45000, 30, 't', 'Giảm 20%', 'Món chính', 1, 11),
(645, '/food/cha1.jpg', 'Bánh xèo vàng giòn, nhân tôm thịt.', 'Bánh xèo 32', 20000, 70, 'f', 'Giảm 15%', 'Món chính', 1, 11),
(646, '/food/cha1.jpg', 'Bánh xèo vàng giòn, nhân tôm thịt.', 'Bánh xèo 33', 75000, 65, 't', 'Giảm 5%', 'Khai vị', 1, 11),
(647, '/food/cha1.jpg', 'Bánh xèo vàng giòn, nhân tôm thịt.', 'Bánh xèo 34', 70000, 75, 't', 'Giảm 10%', 'Món chính', 1, 11),
(648, '/food/cha1.jpg', 'Bánh xèo vàng giòn, nhân tôm thịt.', 'Bánh xèo 35', 60000, 20, 'f', 'Giảm 30%', 'Tráng miệng', 1, 11),
(649, '/food/cha1.jpg', 'Bánh xèo vàng giòn, nhân tôm thịt.', 'Bánh xèo 36', 55000, 35, 't', 'Giảm 10%', 'Món chính', 1, 11),
(650, '/food/cha1.jpg', 'Bánh xèo vàng giòn, nhân tôm thịt.', 'Bánh xèo 37', 40000, 20, 'f', 'Giảm 10%', 'Tráng miệng', 1, 11),
(651, '/food/cha1.jpg', 'Bánh xèo vàng giòn, nhân tôm thịt.', 'Bánh xèo 38', 55000, 50, 't', 'Giảm 10%', 'Món chính', 1, 11),
(652, '/food/cha1.jpg', 'Bánh xèo vàng giòn, nhân tôm thịt.', 'Bánh xèo 39', 20000, 75, 't', 'Giảm 10%', 'Món chính', 1, 11),
(653, '/food/cha1.jpg', 'Bánh xèo vàng giòn, nhân tôm thịt.', 'Bánh xèo 40', 55000, 50, 'f', 'Giảm 15%', 'Tráng miệng', 1, 11),
(654, '/food/cha1.jpg', 'Bánh xèo vàng giòn, nhân tôm thịt.', 'Bánh xèo 41', 45000, 65, 't', 'Giảm 10%', 'Món chính', 1, 11),
(655, '/food/cha1.jpg', 'Bánh xèo vàng giòn, nhân tôm thịt.', 'Bánh xèo 42', 95000, 45, 'f', 'Giảm 15%', 'Món chính', 1, 11),
(656, '/food/cha1.jpg', 'Bánh xèo vàng giòn, nhân tôm thịt.', 'Bánh xèo 43', 70000, 30, 't', 'Giảm 10%', 'Khai vị', 1, 11),
(657, '/food/cha1.jpg', 'Bánh xèo vàng giòn, nhân tôm thịt.', 'Bánh xèo 44', 20000, 25, 't', 'Giảm 10%', 'Khai vị', 1, 11),
(658, '/food/cha1.jpg', 'Bánh xèo vàng giòn, nhân tôm thịt.', 'Bánh xèo 45', 90000, 65, 'f', 'Giảm 10%', 'Tráng miệng', 1, 11),
(659, '/food/cha1.jpg', 'Bánh xèo vàng giòn, nhân tôm thịt.', 'Bánh xèo 46', 55000, 50, 't', 'Giảm 10%', 'Khai vị', 1, 11),
(660, '/food/cha1.jpg', 'Bánh xèo vàng giòn, nhân tôm thịt.', 'Bánh xèo 47', 90000, 60, 't', 'Giảm 5%', 'Tráng miệng', 1, 11),
(661, '/food/cha1.jpg', 'Bánh xèo vàng giòn, nhân tôm thịt.', 'Bánh xèo 48', 65000, 50, 't', 'Giảm 10%', 'Khai vị', 1, 11),
(662, '/food/cha1.jpg', 'Bánh xèo vàng giòn, nhân tôm thịt.', 'Bánh xèo 49', 30000, 45, 't', 'Giảm 5%', 'Khai vị', 1, 11),
(663, '/food/cha1.jpg', 'Bánh xèo vàng giòn, nhân tôm thịt.', 'Bánh xèo 50', 20000, 50, 'f', 'Giảm 15%', 'Món chính', 1, 11),
(664, '/food/cha1.jpg', 'Bánh xèo vàng giòn, nhân tôm thịt.', 'Bánh xèo 51', 40000, 50, 'f', 'Giảm 15%', 'Món chính', 1, 11),
(665, '/food/cha1.jpg', 'Bánh xèo vàng giòn, nhân tôm thịt.', 'Bánh xèo 52', 40000, 50, 't', 'Giảm 20%', 'Món chính', 1, 11),
(666, '/food/cha1.jpg', 'Bánh xèo vàng giòn, nhân tôm thịt.', 'Bánh xèo 53', 55000, 65, 't', 'Giảm 10%', 'Khai vị', 1, 11),
(667, '/food/cha1.jpg', 'Bánh xèo vàng giòn, nhân tôm thịt.', 'Bánh xèo 54', 45000, 40, 't', 'Giảm 10%', 'Khai vị', 1, 11),
(668, '/food/cha1.jpg', 'Bánh xèo vàng giòn, nhân tôm thịt.', 'Bánh xèo 55', 30000, 25, 'f', 'Giảm 15%', 'Món chính', 1, 11),
(669, '/food/cha1.jpg', 'Bánh xèo vàng giòn, nhân tôm thịt.', 'Bánh xèo 56', 85000, 30, 't', 'Giảm 10%', 'Món chính', 1, 11),
(670, '/food/cha1.jpg', 'Bánh xèo vàng giòn, nhân tôm thịt.', 'Bánh xèo 57', 40000, 60, 'f', 'Giảm 15%', 'Món chính', 1, 11),
(671, '/food/cha1.jpg', 'Bánh xèo vàng giòn, nhân tôm thịt.', 'Bánh xèo 58', 65000, 45, 't', 'Giảm 10%', 'Khai vị', 1, 11),
(672, '/food/cha1.jpg', 'Bánh xèo vàng giòn, nhân tôm thịt.', 'Bánh xèo 59', 95000, 40, 't', 'Giảm 10%', 'Món chính', 1, 11),
(673, '/food/cha1.jpg', 'Bánh xèo vàng giòn, nhân tôm thịt.', 'Bánh xèo 60', 90000, 45, 'f', 'Giảm 10%', 'Tráng miệng', 1, 11),
(674, '/food/cha1.jpg', 'Bánh xèo vàng giòn, nhân tôm thịt.', 'Bánh xèo 61', 55000, 75, 't', 'Giảm 5%', 'Tráng miệng', 1, 11),
(675, '/food/cha1.jpg', 'Bánh xèo vàng giòn, nhân tôm thịt.', 'Bánh xèo 62', 25000, 40, 't', 'Giảm 5%', 'Tráng miệng', 1, 11),
(676, '/food/cha1.jpg', 'Bánh xèo vàng giòn, nhân tôm thịt.', 'Bánh xèo 63', 20000, 25, 't', 'Giảm 10%', 'Món chính', 1, 11),
(677, '/food/cha1.jpg', 'Bánh xèo vàng giòn, nhân tôm thịt.', 'Bánh xèo 64', 40000, 70, 't', 'Giảm 10%', 'Món chính', 1, 11),
(678, '/food/cha1.jpg', 'Bánh xèo vàng giòn, nhân tôm thịt.', 'Bánh xèo 65', 65000, 65, 'f', 'Giảm 5%', 'Khai vị', 1, 11),
(679, '/food/cha1.jpg', 'Bánh xèo vàng giòn, nhân tôm thịt.', 'Bánh xèo 66', 90000, 75, 'f', 'Giảm 10%', 'Tráng miệng', 1, 11),
(680, '/food/cha1.jpg', 'Bánh xèo vàng giòn, nhân tôm thịt.', 'Bánh xèo 67', 50000, 40, 't', 'Giảm 5%', 'Tráng miệng', 1, 11),
(681, '/food/cha1.jpg', 'Bánh xèo vàng giòn, nhân tôm thịt.', 'Bánh xèo 68', 85000, 60, 'f', 'Giảm 15%', 'Món chính', 1, 11),
(682, '/food/cha1.jpg', 'Bánh xèo vàng giòn, nhân tôm thịt.', 'Bánh xèo 69', 65000, 60, 't', 'Giảm 10%', 'Món chính', 1, 11),
(683, '/food/cha1.jpg', 'Bánh xèo vàng giòn, nhân tôm thịt.', 'Bánh xèo 70', 50000, 50, 't', 'Giảm 10%', 'Món chính', 1, 11),
(684, '/food/cha1.jpg', 'Bánh xèo vàng giòn, nhân tôm thịt.', 'Bánh xèo 71', 30000, 30, 't', 'Giảm 5%', 'Tráng miệng', 1, 11),
(685, '/food/cha1.jpg', 'Bánh xèo vàng giòn, nhân tôm thịt.', 'Bánh xèo 72', 55000, 45, 'f', 'Giảm 15%', 'Món chính', 1, 11),
(686, '/food/cha1.jpg', 'Bánh xèo vàng giòn, nhân tôm thịt.', 'Bánh xèo 73', 65000, 30, 'f', 'Giảm 5%', 'Khai vị', 1, 11),
(687, '/food/cha1.jpg', 'Bánh xèo vàng giòn, nhân tôm thịt.', 'Bánh xèo 74', 60000, 35, 't', 'Giảm 10%', 'Món chính', 1, 11),
(688, '/food/cha1.jpg', 'Bánh xèo vàng giòn, nhân tôm thịt.', 'Bánh xèo 75', 30000, 70, 't', 'Giảm 15%', 'Món chính', 1, 11),
(689, '/food/cha1.jpg', 'Bánh xèo vàng giòn, nhân tôm thịt.', 'Bánh xèo 76', 95000, 45, 'f', 'Giảm 15%', 'Tráng miệng', 1, 11),
(690, '/food/cha1.jpg', 'Bánh xèo vàng giòn, nhân tôm thịt.', 'Bánh xèo 77', 35000, 65, 't', 'Giảm 10%', 'Khai vị', 1, 11),
(691, '/food/cha1.jpg', 'Bánh xèo vàng giòn, nhân tôm thịt.', 'Bánh xèo 78', 70000, 65, 't', 'Giảm 5%', 'Tráng miệng', 1, 11),
(692, '/food/cha1.jpg', 'Bánh xèo vàng giòn, nhân tôm thịt.', 'Bánh xèo 79', 80000, 75, 't', 'Giảm 10%', 'Khai vị', 1, 11),
(693, '/food/cha1.jpg', 'Bánh xèo vàng giòn, nhân tôm thịt.', 'Bánh xèo 80', 50000, 70, 't', 'Giảm 5%', 'Tráng miệng', 1, 11),
(694, '/food/cha1.jpg', 'Bánh xèo vàng giòn, nhân tôm thịt.', 'Bánh xèo 81', 45000, 50, 't', 'Giảm 5%', 'Tráng miệng', 1, 11),
(695, '/food/cha1.jpg', 'Bánh xèo vàng giòn, nhân tôm thịt.', 'Bánh xèo 82', 60000, 60, 't', 'Giảm 10%', 'Món chính', 1, 11),
(696, '/food/cha1.jpg', 'Bánh xèo vàng giòn, nhân tôm thịt.', 'Bánh xèo 83', 95000, 65, 't', 'Giảm 15%', 'Món chính', 1, 11),
(697, '/food/cha1.jpg', 'Bánh xèo vàng giòn, nhân tôm thịt.', 'Bánh xèo 84', 80000, 25, 't', 'Giảm 5%', 'Tráng miệng', 1, 11),
(698, '/food/cha1.jpg', 'Bánh xèo vàng giòn, nhân tôm thịt.', 'Bánh xèo 85', 30000, 25, 't', 'Giảm 10%', 'Món chính', 1, 11),
(699, '/food/cha1.jpg', 'Bánh xèo vàng giòn, nhân tôm thịt.', 'Bánh xèo 86', 85000, 70, 'f', 'Giảm 10%', 'Tráng miệng', 1, 11),
(700, '/food/cha1.jpg', 'Bánh xèo vàng giòn, nhân tôm thịt.', 'Bánh xèo 87', 75000, 20, 'f', 'Giảm 15%', 'Món chính', 1, 11),
(701, '/food/cha1.jpg', 'Bánh xèo vàng giòn, nhân tôm thịt.', 'Bánh xèo 88', 65000, 30, 't', 'Giảm 10%', 'Món chính', 1, 11),
(702, '/food/cha1.jpg', 'Bánh xèo vàng giòn, nhân tôm thịt.', 'Bánh xèo 89', 60000, 60, 'f', 'Giảm 15%', 'Tráng miệng', 1, 11),
(703, '/food/cha1.jpg', 'Bánh xèo vàng giòn, nhân tôm thịt.', 'Bánh xèo 90', 25000, 25, 't', 'Giảm 15%', 'Món chính', 1, 11),
(704, '/food/cha1.jpg', 'Bánh xèo vàng giòn, nhân tôm thịt.', 'Bánh xèo 91', 45000, 40, 'f', 'Giảm 15%', 'Món chính', 1, 11),
(705, '/food/cha1.jpg', 'Bánh xèo vàng giòn, nhân tôm thịt.', 'Bánh xèo 92', 45000, 40, 't', 'Giảm 10%', 'Khai vị', 1, 11),
(706, '/food/cha1.jpg', 'Bánh xèo vàng giòn, nhân tôm thịt.', 'Bánh xèo 93', 50000, 50, 't', 'Giảm 10%', 'Khai vị', 1, 11),
(707, '/food/cha1.jpg', 'Bánh xèo vàng giòn, nhân tôm thịt.', 'Bánh xèo 94', 40000, 50, 't', 'Giảm 10%', 'Khai vị', 1, 11),
(708, '/food/cha1.jpg', 'Bánh xèo vàng giòn, nhân tôm thịt.', 'Bánh xèo 95', 90000, 40, 't', 'Giảm 10%', 'Khai vị', 1, 11),
(709, '/food/cha1.jpg', 'Bánh xèo vàng giòn, nhân tôm thịt.', 'Bánh xèo 96', 40000, 75, 't', 'Giảm 10%', 'Khai vị', 1, 11),
(710, '/food/cha1.jpg', 'Bánh xèo vàng giòn, nhân tôm thịt.', 'Bánh xèo 97', 90000, 20, 't', 'Giảm 10%', 'Món chính', 1, 11),
(711, '/food/cha1.jpg', 'Bánh xèo vàng giòn, nhân tôm thịt.', 'Bánh xèo 98', 50000, 40, 'f', 'Giảm 15%', 'Món chính', 1, 11),
(712, '/food/cha1.jpg', 'Bánh xèo vàng giòn, nhân tôm thịt.', 'Bánh xèo 99', 80000, 75, 't', 'Giảm 5%', 'Tráng miệng', 1, 11),
(713, '/food/bo1.jpg', 'Lẩu Thái chua cay, hải sản tươi ngon.', 'Lẩu Thái 01', 50000, 20, 'f', 'Giảm 15%', 'Món chính', 3, 11),
(714, '/food/bo1.jpg', 'Lẩu Thái chua cay, hải sản tươi ngon.', 'Lẩu Thái 02', 60000, 45, 't', 'Giảm 10%', 'Khai vị', 3, 11),
(715, '/food/bo1.jpg', 'Lẩu Thái chua cay, hải sản tươi ngon.', 'Lẩu Thái 03', 75000, 60, 'f', 'Giảm 15%', 'Món chính', 3, 11),
(716, '/food/bo1.jpg', 'Lẩu Thái chua cay, hải sản tươi ngon.', 'Lẩu Thái 04', 20000, 35, 't', 'Giảm 10%', 'Món chính', 3, 11),
(717, '/food/bo1.jpg', 'Lẩu Thái chua cay, hải sản tươi ngon.', 'Lẩu Thái 05', 25000, 70, 't', 'Giảm 10%', 'Món chính', 3, 11),
(718, '/food/bo1.jpg', 'Lẩu Thái chua cay, hải sản tươi ngon.', 'Lẩu Thái 06', 20000, 35, 't', 'Giảm 10%', 'Khai vị', 3, 11),
(719, '/food/bo1.jpg', 'Lẩu Thái chua cay, hải sản tươi ngon.', 'Lẩu Thái 07', 95000, 30, 'f', 'Giảm 10%', 'Tráng miệng', 3, 11),
(720, '/food/bo1.jpg', 'Lẩu Thái chua cay, hải sản tươi ngon.', 'Lẩu Thái 08', 75000, 60, 't', 'Giảm 10%', 'Khai vị', 3, 11),
(721, '/food/bo1.jpg', 'Lẩu Thái chua cay, hải sản tươi ngon.', 'Lẩu Thái 09', 45000, 50, 't', 'Giảm 10%', 'Khai vị', 3, 11),
(722, '/food/bo1.jpg', 'Lẩu Thái chua cay, hải sản tươi ngon.', 'Lẩu Thái 10', 30000, 50, 't', 'Giảm 10%', 'Món chính', 3, 11),
(723, '/food/bo1.jpg', 'Lẩu Thái chua cay, hải sản tươi ngon.', 'Lẩu Thái 11', 85000, 55, 't', 'Giảm 10%', 'Món chính', 3, 11),
(724, '/food/bo1.jpg', 'Lẩu Thái chua cay, hải sản tươi ngon.', 'Lẩu Thái 12', 70000, 55, 't', 'Giảm 10%', 'Món chính', 3, 11),
(725, '/food/bo1.jpg', 'Lẩu Thái chua cay, hải sản tươi ngon.', 'Lẩu Thái 13', 70000, 50, 't', 'Giảm 10%', 'Món chính', 3, 11),
(726, '/food/bo1.jpg', 'Lẩu Thái chua cay, hải sản tươi ngon.', 'Lẩu Thái 14', 70000, 35, 't', 'Giảm 10%', 'Món chính', 3, 11),
(727, '/food/bo1.jpg', 'Lẩu Thái chua cay, hải sản tươi ngon.', 'Lẩu Thái 15', 45000, 65, 't', 'Giảm 10%', 'Khai vị', 3, 11),
(728, '/food/bo1.jpg', 'Lẩu Thái chua cay, hải sản tươi ngon.', 'Lẩu Thái 16', 95000, 75, 'f', 'Giảm 15%', 'Tráng miệng', 3, 11),
(729, '/food/bo1.jpg', 'Lẩu Thái chua cay, hải sản tươi ngon.', 'Lẩu Thái 17', 60000, 35, 't', 'Giảm 10%', 'Khai vị', 3, 11),
(730, '/food/bo1.jpg', 'Lẩu Thái chua cay, hải sản tươi ngon.', 'Lẩu Thái 18', 20000, 65, 't', 'Giảm 5%', 'Tráng miệng', 3, 11),
(731, '/food/bo1.jpg', 'Lẩu Thái chua cay, hải sản tươi ngon.', 'Lẩu Thái 19', 45000, 50, 't', 'Giảm 15%', 'Món chính', 3, 11),
(732, '/food/bo1.jpg', 'Lẩu Thái chua cay, hải sản tươi ngon.', 'Lẩu Thái 20', 45000, 70, 'f', 'Giảm 15%', 'Món chính', 3, 11),
(733, '/food/bo1.jpg', 'Lẩu Thái chua cay, hải sản tươi ngon.', 'Lẩu Thái 21', 70000, 60, 't', 'Giảm 10%', 'Khai vị', 3, 11),
(734, '/food/bo1.jpg', 'Lẩu Thái chua cay, hải sản tươi ngon.', 'Lẩu Thái 22', 25000, 35, 'f', 'Giảm 15%', 'Món chính', 3, 11),
(735, '/food/bo1.jpg', 'Lẩu Thái chua cay, hải sản tươi ngon.', 'Lẩu Thái 23', 35000, 50, 't', 'Giảm 10%', 'Khai vị', 3, 11),
(736, '/food/bo1.jpg', 'Lẩu Thái chua cay, hải sản tươi ngon.', 'Lẩu Thái 24', 30000, 50, 'f', 'Giảm 5%', 'Khai vị', 3, 11),
(737, '/food/bo1.jpg', 'Lẩu Thái chua cay, hải sản tươi ngon.', 'Lẩu Thái 25', 20000, 40, 't', 'Giảm 5%', 'Tráng miệng', 3, 11),
(738, '/food/bo1.jpg', 'Lẩu Thái chua cay, hải sản tươi ngon.', 'Lẩu Thái 26', 95000, 70, 'f', 'Giảm 15%', 'Món chính', 3, 11),
(739, '/food/bo1.jpg', 'Lẩu Thái chua cay, hải sản tươi ngon.', 'Lẩu Thái 27', 20000, 50, 't', 'Giảm 10%', 'Khai vị', 3, 11),
(740, '/food/bo1.jpg', 'Lẩu Thái chua cay, hải sản tươi ngon.', 'Lẩu Thái 28', 75000, 35, 't', 'Giảm 10%', 'Khai vị', 3, 11),
(741, '/food/bo1.jpg', 'Lẩu Thái chua cay, hải sản tươi ngon.', 'Lẩu Thái 29', 65000, 45, 't', 'Giảm 10%', 'Món chính', 3, 11),
(742, '/food/bo1.jpg', 'Lẩu Thái chua cay, hải sản tươi ngon.', 'Lẩu Thái 30', 45000, 75, 't', 'Giảm 10%', 'Món chính', 3, 11),
(743, '/food/bo1.jpg', 'Lẩu Thái chua cay, hải sản tươi ngon.', 'Lẩu Thái 31', 35000, 65, 'f', 'Giảm 15%', 'Món chính', 3, 11),
(744, '/food/bo1.jpg', 'Lẩu Thái chua cay, hải sản tươi ngon.', 'Lẩu Thái 32', 80000, 30, 't', 'Giảm 15%', 'Món chính', 3, 11),
(745, '/food/bo1.jpg', 'Lẩu Thái chua cay, hải sản tươi ngon.', 'Lẩu Thái 33', 80000, 70, 'f', 'Giảm 15%', 'Món chính', 3, 11),
(746, '/food/bo1.jpg', 'Lẩu Thái chua cay, hải sản tươi ngon.', 'Lẩu Thái 34', 65000, 55, 'f', 'Giảm 5%', 'Khai vị', 3, 11),
(747, '/food/bo1.jpg', 'Lẩu Thái chua cay, hải sản tươi ngon.', 'Lẩu Thái 35', 95000, 55, 't', 'Giảm 10%', 'Khai vị', 3, 11),
(748, '/food/bo1.jpg', 'Lẩu Thái chua cay, hải sản tươi ngon.', 'Lẩu Thái 36', 20000, 30, 't', 'Giảm 10%', 'Khai vị', 3, 11),
(749, '/food/bo1.jpg', 'Lẩu Thái chua cay, hải sản tươi ngon.', 'Lẩu Thái 37', 35000, 70, 'f', 'Giảm 10%', 'Tráng miệng', 3, 11),
(750, '/food/bo1.jpg', 'Lẩu Thái chua cay, hải sản tươi ngon.', 'Lẩu Thái 38', 35000, 65, 't', 'Giảm 10%', 'Món chính', 3, 11),
(751, '/food/bo1.jpg', 'Lẩu Thái chua cay, hải sản tươi ngon.', 'Lẩu Thái 39', 55000, 55, 't', 'Giảm 10%', 'Khai vị', 3, 11),
(752, '/food/bo1.jpg', 'Lẩu Thái chua cay, hải sản tươi ngon.', 'Lẩu Thái 40', 50000, 75, 't', 'Giảm 10%', 'Món chính', 3, 11),
(753, '/food/bo1.jpg', 'Lẩu Thái chua cay, hải sản tươi ngon.', 'Lẩu Thái 41', 25000, 45, 'f', 'Giảm 15%', 'Món chính', 3, 11),
(754, '/food/bo1.jpg', 'Lẩu Thái chua cay, hải sản tươi ngon.', 'Lẩu Thái 42', 90000, 70, 'f', 'Giảm 15%', 'Tráng miệng', 3, 11),
(755, '/food/bo1.jpg', 'Lẩu Thái chua cay, hải sản tươi ngon.', 'Lẩu Thái 43', 85000, 20, 't', 'Giảm 5%', 'Tráng miệng', 3, 11),
(756, '/food/bo1.jpg', 'Lẩu Thái chua cay, hải sản tươi ngon.', 'Lẩu Thái 44', 35000, 25, 't', 'Giảm 10%', 'Khai vị', 3, 11),
(757, '/food/bo1.jpg', 'Lẩu Thái chua cay, hải sản tươi ngon.', 'Lẩu Thái 45', 60000, 65, 't', 'Giảm 10%', 'Món chính', 3, 11),
(758, '/food/bo1.jpg', 'Lẩu Thái chua cay, hải sản tươi ngon.', 'Lẩu Thái 46', 95000, 45, 'f', 'Giảm 15%', 'Món chính', 3, 11),
(759, '/food/bo1.jpg', 'Lẩu Thái chua cay, hải sản tươi ngon.', 'Lẩu Thái 47', 35000, 40, 't', 'Giảm 5%', 'Khai vị', 3, 11),
(760, '/food/bo1.jpg', 'Lẩu Thái chua cay, hải sản tươi ngon.', 'Lẩu Thái 48', 75000, 20, 't', 'Giảm 5%', 'Tráng miệng', 3, 11),
(761, '/food/bo1.jpg', 'Lẩu Thái chua cay, hải sản tươi ngon.', 'Lẩu Thái 49', 95000, 45, 't', 'Giảm 15%', 'Món chính', 3, 11),
(762, '/food/bo1.jpg', 'Lẩu Thái chua cay, hải sản tươi ngon.', 'Lẩu Thái 50', 75000, 70, 't', 'Giảm 10%', 'Món chính', 3, 11),
(763, '/food/bo1.jpg', 'Lẩu Thái chua cay, hải sản tươi ngon.', 'Lẩu Thái 51', 90000, 40, 't', 'Giảm 10%', 'Món chính', 3, 11),
(764, '/food/bo1.jpg', 'Lẩu Thái chua cay, hải sản tươi ngon.', 'Lẩu Thái 52', 90000, 30, 't', 'Giảm 15%', 'Món chính', 3, 11),
(765, '/food/bo1.jpg', 'Lẩu Thái chua cay, hải sản tươi ngon.', 'Lẩu Thái 53', 65000, 75, 't', 'Giảm 10%', 'Khai vị', 3, 11),
(766, '/food/bo1.jpg', 'Lẩu Thái chua cay, hải sản tươi ngon.', 'Lẩu Thái 54', 40000, 25, 't', 'Giảm 10%', 'Món chính', 3, 11),
(767, '/food/bo1.jpg', 'Lẩu Thái chua cay, hải sản tươi ngon.', 'Lẩu Thái 55', 55000, 20, 't', 'Giảm 10%', 'Khai vị', 3, 11),
(768, '/food/bo1.jpg', 'Lẩu Thái chua cay, hải sản tươi ngon.', 'Lẩu Thái 56', 95000, 35, 't', 'Giảm 10%', 'Món chính', 3, 11),
(769, '/food/bo1.jpg', 'Lẩu Thái chua cay, hải sản tươi ngon.', 'Lẩu Thái 57', 20000, 75, 't', 'Giảm 10%', 'Khai vị', 3, 11),
(770, '/food/bo1.jpg', 'Lẩu Thái chua cay, hải sản tươi ngon.', 'Lẩu Thái 58', 50000, 35, 't', 'Giảm 10%', 'Khai vị', 3, 11),
(771, '/food/bo1.jpg', 'Lẩu Thái chua cay, hải sản tươi ngon.', 'Lẩu Thái 59', 60000, 30, 'f', 'Giảm 15%', 'Món chính', 3, 11),
(772, '/food/bo1.jpg', 'Lẩu Thái chua cay, hải sản tươi ngon.', 'Lẩu Thái 60', 80000, 25, 't', 'Giảm 5%', 'Tráng miệng', 3, 11),
(773, '/food/bo1.jpg', 'Lẩu Thái chua cay, hải sản tươi ngon.', 'Lẩu Thái 61', 95000, 20, 't', 'Giảm 10%', 'Khai vị', 3, 11),
(774, '/food/bo1.jpg', 'Lẩu Thái chua cay, hải sản tươi ngon.', 'Lẩu Thái 62', 80000, 25, 'f', 'Giảm 15%', 'Món chính', 3, 11),
(775, '/food/bo1.jpg', 'Lẩu Thái chua cay, hải sản tươi ngon.', 'Lẩu Thái 63', 70000, 45, 'f', 'Giảm 15%', 'Món chính', 3, 11),
(776, '/food/bo1.jpg', 'Lẩu Thái chua cay, hải sản tươi ngon.', 'Lẩu Thái 64', 90000, 55, 'f', 'Giảm 15%', 'Món chính', 3, 11),
(777, '/food/bo1.jpg', 'Lẩu Thái chua cay, hải sản tươi ngon.', 'Lẩu Thái 65', 80000, 50, 'f', 'Giảm 15%', 'Tráng miệng', 3, 11),
(778, '/food/bo1.jpg', 'Lẩu Thái chua cay, hải sản tươi ngon.', 'Lẩu Thái 66', 40000, 70, 't', 'Giảm 10%', 'Khai vị', 3, 11),
(779, '/food/bo1.jpg', 'Lẩu Thái chua cay, hải sản tươi ngon.', 'Lẩu Thái 67', 95000, 75, 'f', 'Giảm 15%', 'Món chính', 3, 11),
(780, '/food/bo1.jpg', 'Lẩu Thái chua cay, hải sản tươi ngon.', 'Lẩu Thái 68', 50000, 65, 't', 'Giảm 15%', 'Món chính', 3, 11),
(781, '/food/bo1.jpg', 'Lẩu Thái chua cay, hải sản tươi ngon.', 'Lẩu Thái 69', 70000, 65, 't', 'Giảm 10%', 'Khai vị', 3, 11),
(782, '/food/bo1.jpg', 'Lẩu Thái chua cay, hải sản tươi ngon.', 'Lẩu Thái 70', 70000, 60, 't', 'Giảm 10%', 'Khai vị', 3, 11),
(783, '/food/bo1.jpg', 'Lẩu Thái chua cay, hải sản tươi ngon.', 'Lẩu Thái 71', 50000, 75, 't', 'Giảm 5%', 'Tráng miệng', 3, 11),
(784, '/food/bo1.jpg', 'Lẩu Thái chua cay, hải sản tươi ngon.', 'Lẩu Thái 72', 75000, 45, 't', 'Giảm 10%', 'Khai vị', 3, 11),
(785, '/food/bo1.jpg', 'Lẩu Thái chua cay, hải sản tươi ngon.', 'Lẩu Thái 73', 90000, 35, 't', 'Giảm 15%', 'Món chính', 3, 11),
(786, '/food/bo1.jpg', 'Lẩu Thái chua cay, hải sản tươi ngon.', 'Lẩu Thái 74', 80000, 75, 't', 'Giảm 5%', 'Tráng miệng', 3, 11),
(787, '/food/bo1.jpg', 'Lẩu Thái chua cay, hải sản tươi ngon.', 'Lẩu Thái 75', 70000, 25, 't', 'Giảm 10%', 'Khai vị', 3, 11),
(788, '/food/bo1.jpg', 'Lẩu Thái chua cay, hải sản tươi ngon.', 'Lẩu Thái 76', 50000, 35, 't', 'Giảm 10%', 'Món chính', 3, 11),
(789, '/food/bo1.jpg', 'Lẩu Thái chua cay, hải sản tươi ngon.', 'Lẩu Thái 77', 60000, 60, 'f', 'Giảm 15%', 'Món chính', 3, 11),
(790, '/food/bo1.jpg', 'Lẩu Thái chua cay, hải sản tươi ngon.', 'Lẩu Thái 78', 45000, 40, 't', 'Giảm 10%', 'Khai vị', 3, 11),
(791, '/food/bo1.jpg', 'Lẩu Thái chua cay, hải sản tươi ngon.', 'Lẩu Thái 79', 65000, 40, 't', 'Giảm 10%', 'Món chính', 3, 11),
(792, '/food/bo1.jpg', 'Lẩu Thái chua cay, hải sản tươi ngon.', 'Lẩu Thái 80', 95000, 45, 't', 'Giảm 5%', 'Tráng miệng', 3, 11),
(793, '/food/bo1.jpg', 'Lẩu Thái chua cay, hải sản tươi ngon.', 'Lẩu Thái 81', 40000, 55, 't', 'Giảm 10%', 'Khai vị', 3, 11),
(794, '/food/bo1.jpg', 'Lẩu Thái chua cay, hải sản tươi ngon.', 'Lẩu Thái 82', 75000, 70, 'f', 'Giảm 15%', 'Tráng miệng', 3, 11),
(795, '/food/bo1.jpg', 'Lẩu Thái chua cay, hải sản tươi ngon.', 'Lẩu Thái 83', 25000, 55, 'f', 'Giảm 5%', 'Khai vị', 3, 11),
(796, '/food/bo1.jpg', 'Lẩu Thái chua cay, hải sản tươi ngon.', 'Lẩu Thái 84', 35000, 55, 'f', 'Giảm 15%', 'Món chính', 3, 11),
(797, '/food/bo1.jpg', 'Lẩu Thái chua cay, hải sản tươi ngon.', 'Lẩu Thái 85', 80000, 55, 't', 'Giảm 10%', 'Khai vị', 3, 11),
(798, '/food/bo1.jpg', 'Lẩu Thái chua cay, hải sản tươi ngon.', 'Lẩu Thái 86', 65000, 35, 't', 'Giảm 10%', 'Khai vị', 3, 11),
(799, '/food/bo1.jpg', 'Lẩu Thái chua cay, hải sản tươi ngon.', 'Lẩu Thái 87', 95000, 60, 't', 'Giảm 10%', 'Khai vị', 3, 11),
(800, '/food/bo1.jpg', 'Lẩu Thái chua cay, hải sản tươi ngon.', 'Lẩu Thái 88', 60000, 40, 't', 'Giảm 20%', 'Món chính', 3, 11),
(801, '/food/bo1.jpg', 'Lẩu Thái chua cay, hải sản tươi ngon.', 'Lẩu Thái 89', 45000, 60, 'f', 'Giảm 30%', 'Tráng miệng', 3, 11),
(802, '/food/bo1.jpg', 'Lẩu Thái chua cay, hải sản tươi ngon.', 'Lẩu Thái 90', 35000, 45, 't', 'Giảm 10%', 'Khai vị', 3, 11),
(803, '/food/bo1.jpg', 'Lẩu Thái chua cay, hải sản tươi ngon.', 'Lẩu Thái 91', 60000, 70, 't', 'Giảm 10%', 'Khai vị', 3, 11),
(804, '/food/bo1.jpg', 'Lẩu Thái chua cay, hải sản tươi ngon.', 'Lẩu Thái 92', 40000, 55, 't', 'Giảm 5%', 'Tráng miệng', 3, 11),
(805, '/food/bo1.jpg', 'Lẩu Thái chua cay, hải sản tươi ngon.', 'Lẩu Thái 93', 35000, 30, 't', 'Giảm 10%', 'Món chính', 3, 11),
(806, '/food/bo1.jpg', 'Lẩu Thái chua cay, hải sản tươi ngon.', 'Lẩu Thái 94', 35000, 45, 'f', 'Giảm 15%', 'Món chính', 3, 11),
(807, '/food/bo1.jpg', 'Lẩu Thái chua cay, hải sản tươi ngon.', 'Lẩu Thái 95', 80000, 45, 't', 'Giảm 5%', 'Tráng miệng', 3, 11),
(808, '/food/bo1.jpg', 'Lẩu Thái chua cay, hải sản tươi ngon.', 'Lẩu Thái 96', 55000, 40, 't', 'Giảm 10%', 'Món chính', 3, 11),
(809, '/food/bo1.jpg', 'Lẩu Thái chua cay, hải sản tươi ngon.', 'Lẩu Thái 97', 45000, 30, 't', 'Giảm 10%', 'Món chính', 3, 11),
(810, '/food/bo1.jpg', 'Lẩu Thái chua cay, hải sản tươi ngon.', 'Lẩu Thái 98', 25000, 75, 't', 'Giảm 5%', 'Tráng miệng', 3, 11),
(811, '/food/bo1.jpg', 'Lẩu Thái chua cay, hải sản tươi ngon.', 'Lẩu Thái 99', 85000, 40, 'f', 'Giảm 5%', 'Khai vị', 3, 11),
(812, '/food/cha1.jpg', 'Chả giò giòn tan, nhân thịt heo băm và miến.', 'Chả giò 01', 75000, 40, 't', 'Giảm 10%', 'Khai vị', 2, 11),
(813, '/food/cha1.jpg', 'Chả giò giòn tan, nhân thịt heo băm và miến.', 'Chả giò 02', 25000, 50, 'f', 'Giảm 15%', 'Món chính', 2, 11),
(814, '/food/cha1.jpg', 'Chả giò giòn tan, nhân thịt heo băm và miến.', 'Chả giò 03', 40000, 35, 't', 'Giảm 10%', 'Khai vị', 2, 11),
(815, '/food/cha1.jpg', 'Chả giò giòn tan, nhân thịt heo băm và miến.', 'Chả giò 04', 35000, 30, 't', 'Giảm 5%', 'Tráng miệng', 2, 11),
(816, '/food/cha1.jpg', 'Chả giò giòn tan, nhân thịt heo băm và miến.', 'Chả giò 05', 40000, 65, 'f', 'Giảm 5%', 'Khai vị', 2, 11),
(817, '/food/cha1.jpg', 'Chả giò giòn tan, nhân thịt heo băm và miến.', 'Chả giò 06', 75000, 45, 'f', 'Giảm 15%', 'Món chính', 2, 11),
(818, '/food/cha1.jpg', 'Chả giò giòn tan, nhân thịt heo băm và miến.', 'Chả giò 07', 20000, 25, 't', 'Giảm 10%', 'Món chính', 2, 11),
(819, '/food/cha1.jpg', 'Chả giò giòn tan, nhân thịt heo băm và miến.', 'Chả giò 08', 90000, 65, 't', 'Giảm 10%', 'Khai vị', 2, 11),
(820, '/food/cha1.jpg', 'Chả giò giòn tan, nhân thịt heo băm và miến.', 'Chả giò 09', 80000, 70, 't', 'Giảm 15%', 'Món chính', 2, 11),
(821, '/food/cha1.jpg', 'Chả giò giòn tan, nhân thịt heo băm và miến.', 'Chả giò 10', 85000, 60, 'f', 'Giảm 15%', 'Món chính', 2, 11),
(822, '/food/cha1.jpg', 'Chả giò giòn tan, nhân thịt heo băm và miến.', 'Chả giò 11', 90000, 30, 'f', 'Giảm 15%', 'Tráng miệng', 2, 11),
(823, '/food/cha1.jpg', 'Chả giò giòn tan, nhân thịt heo băm và miến.', 'Chả giò 12', 90000, 50, 't', 'Giảm 5%', 'Khai vị', 2, 11),
(824, '/food/cha1.jpg', 'Chả giò giòn tan, nhân thịt heo băm và miến.', 'Chả giò 13', 55000, 35, 't', 'Giảm 5%', 'Tráng miệng', 2, 11),
(825, '/food/cha1.jpg', 'Chả giò giòn tan, nhân thịt heo băm và miến.', 'Chả giò 14', 85000, 20, 'f', 'Giảm 10%', 'Tráng miệng', 2, 11),
(826, '/food/cha1.jpg', 'Chả giò giòn tan, nhân thịt heo băm và miến.', 'Chả giò 15', 65000, 40, 'f', 'Giảm 10%', 'Tráng miệng', 2, 11),
(827, '/food/cha1.jpg', 'Chả giò giòn tan, nhân thịt heo băm và miến.', 'Chả giò 16', 25000, 40, 't', 'Giảm 5%', 'Tráng miệng', 2, 11),
(828, '/food/cha1.jpg', 'Chả giò giòn tan, nhân thịt heo băm và miến.', 'Chả giò 17', 30000, 60, 't', 'Giảm 10%', 'Món chính', 2, 11),
(829, '/food/cha1.jpg', 'Chả giò giòn tan, nhân thịt heo băm và miến.', 'Chả giò 18', 40000, 50, 't', 'Giảm 10%', 'Khai vị', 2, 11),
(830, '/food/cha1.jpg', 'Chả giò giòn tan, nhân thịt heo băm và miến.', 'Chả giò 19', 35000, 20, 't', 'Giảm 10%', 'Món chính', 2, 11),
(831, '/food/cha1.jpg', 'Chả giò giòn tan, nhân thịt heo băm và miến.', 'Chả giò 20', 40000, 35, 't', 'Giảm 5%', 'Tráng miệng', 2, 11),
(832, '/food/cha1.jpg', 'Chả giò giòn tan, nhân thịt heo băm và miến.', 'Chả giò 21', 65000, 25, 't', 'Giảm 5%', 'Khai vị', 2, 11),
(833, '/food/cha1.jpg', 'Chả giò giòn tan, nhân thịt heo băm và miến.', 'Chả giò 22', 40000, 50, 't', 'Giảm 5%', 'Tráng miệng', 2, 11),
(834, '/food/cha1.jpg', 'Chả giò giòn tan, nhân thịt heo băm và miến.', 'Chả giò 23', 85000, 40, 't', 'Giảm 20%', 'Món chính', 2, 11),
(835, '/food/cha1.jpg', 'Chả giò giòn tan, nhân thịt heo băm và miến.', 'Chả giò 24', 90000, 75, 't', 'Giảm 5%', 'Tráng miệng', 2, 11),
(836, '/food/cha1.jpg', 'Chả giò giòn tan, nhân thịt heo băm và miến.', 'Chả giò 25', 35000, 45, 't', 'Giảm 5%', 'Tráng miệng', 2, 11),
(837, '/food/cha1.jpg', 'Chả giò giòn tan, nhân thịt heo băm và miến.', 'Chả giò 26', 50000, 65, 'f', 'Giảm 15%', 'Món chính', 2, 11),
(838, '/food/cha1.jpg', 'Chả giò giòn tan, nhân thịt heo băm và miến.', 'Chả giò 27', 60000, 30, 't', 'Giảm 10%', 'Khai vị', 2, 11),
(839, '/food/cha1.jpg', 'Chả giò giòn tan, nhân thịt heo băm và miến.', 'Chả giò 28', 45000, 20, 'f', 'Giảm 5%', 'Khai vị', 2, 11),
(840, '/food/cha1.jpg', 'Chả giò giòn tan, nhân thịt heo băm và miến.', 'Chả giò 29', 25000, 65, 't', 'Giảm 15%', 'Món chính', 2, 11),
(841, '/food/cha1.jpg', 'Chả giò giòn tan, nhân thịt heo băm và miến.', 'Chả giò 30', 60000, 60, 'f', 'Giảm 15%', 'Món chính', 2, 11),
(842, '/food/cha1.jpg', 'Chả giò giòn tan, nhân thịt heo băm và miến.', 'Chả giò 31', 50000, 75, 't', 'Giảm 5%', 'Tráng miệng', 2, 11),
(843, '/food/cha1.jpg', 'Chả giò giòn tan, nhân thịt heo băm và miến.', 'Chả giò 32', 35000, 55, 'f', 'Giảm 15%', 'Tráng miệng', 2, 11),
(844, '/food/cha1.jpg', 'Chả giò giòn tan, nhân thịt heo băm và miến.', 'Chả giò 33', 60000, 40, 't', 'Giảm 10%', 'Khai vị', 2, 11),
(845, '/food/cha1.jpg', 'Chả giò giòn tan, nhân thịt heo băm và miến.', 'Chả giò 34', 85000, 60, 'f', 'Giảm 15%', 'Tráng miệng', 2, 11),
(846, '/food/cha1.jpg', 'Chả giò giòn tan, nhân thịt heo băm và miến.', 'Chả giò 35', 25000, 70, 't', 'Giảm 5%', 'Tráng miệng', 2, 11),
(847, '/food/cha1.jpg', 'Chả giò giòn tan, nhân thịt heo băm và miến.', 'Chả giò 36', 75000, 30, 'f', 'Giảm 10%', 'Tráng miệng', 2, 11),
(848, '/food/cha1.jpg', 'Chả giò giòn tan, nhân thịt heo băm và miến.', 'Chả giò 37', 60000, 20, 'f', 'Giảm 15%', 'Món chính', 2, 11),
(849, '/food/cha1.jpg', 'Chả giò giòn tan, nhân thịt heo băm và miến.', 'Chả giò 38', 80000, 20, 'f', 'Giảm 5%', 'Khai vị', 2, 11),
(850, '/food/cha1.jpg', 'Chả giò giòn tan, nhân thịt heo băm và miến.', 'Chả giò 39', 50000, 70, 't', 'Giảm 10%', 'Món chính', 2, 11),
(851, '/food/cha1.jpg', 'Chả giò giòn tan, nhân thịt heo băm và miến.', 'Chả giò 40', 45000, 60, 'f', 'Giảm 15%', 'Món chính', 2, 11),
(852, '/food/cha1.jpg', 'Chả giò giòn tan, nhân thịt heo băm và miến.', 'Chả giò 41', 20000, 45, 't', 'Giảm 10%', 'Món chính', 2, 11),
(853, '/food/cha1.jpg', 'Chả giò giòn tan, nhân thịt heo băm và miến.', 'Chả giò 42', 45000, 65, 't', 'Giảm 5%', 'Khai vị', 2, 11),
(854, '/food/cha1.jpg', 'Chả giò giòn tan, nhân thịt heo băm và miến.', 'Chả giò 43', 60000, 60, 't', 'Giảm 10%', 'Khai vị', 2, 11),
(855, '/food/cha1.jpg', 'Chả giò giòn tan, nhân thịt heo băm và miến.', 'Chả giò 44', 85000, 70, 't', 'Giảm 10%', 'Món chính', 2, 11),
(856, '/food/cha1.jpg', 'Chả giò giòn tan, nhân thịt heo băm và miến.', 'Chả giò 45', 35000, 70, 't', 'Giảm 10%', 'Khai vị', 2, 11),
(857, '/food/cha1.jpg', 'Chả giò giòn tan, nhân thịt heo băm và miến.', 'Chả giò 46', 60000, 20, 't', 'Giảm 10%', 'Món chính', 2, 11),
(858, '/food/cha1.jpg', 'Chả giò giòn tan, nhân thịt heo băm và miến.', 'Chả giò 47', 25000, 40, 'f', 'Giảm 15%', 'Món chính', 2, 11),
(859, '/food/cha1.jpg', 'Chả giò giòn tan, nhân thịt heo băm và miến.', 'Chả giò 48', 85000, 65, 'f', 'Giảm 10%', 'Tráng miệng', 2, 11),
(860, '/food/cha1.jpg', 'Chả giò giòn tan, nhân thịt heo băm và miến.', 'Chả giò 49', 30000, 40, 't', 'Giảm 10%', 'Món chính', 2, 11),
(861, '/food/cha1.jpg', 'Chả giò giòn tan, nhân thịt heo băm và miến.', 'Chả giò 50', 65000, 75, 't', 'Giảm 10%', 'Món chính', 2, 11),
(862, '/food/cha1.jpg', 'Chả giò giòn tan, nhân thịt heo băm và miến.', 'Chả giò 51', 60000, 75, 't', 'Giảm 5%', 'Tráng miệng', 2, 11),
(863, '/food/cha1.jpg', 'Chả giò giòn tan, nhân thịt heo băm và miến.', 'Chả giò 52', 85000, 35, 'f', 'Giảm 15%', 'Món chính', 2, 11),
(864, '/food/cha1.jpg', 'Chả giò giòn tan, nhân thịt heo băm và miến.', 'Chả giò 53', 20000, 45, 't', 'Giảm 10%', 'Khai vị', 2, 11),
(865, '/food/cha1.jpg', 'Chả giò giòn tan, nhân thịt heo băm và miến.', 'Chả giò 54', 80000, 30, 'f', 'Giảm 15%', 'Tráng miệng', 2, 11),
(866, '/food/cha1.jpg', 'Chả giò giòn tan, nhân thịt heo băm và miến.', 'Chả giò 55', 20000, 65, 't', 'Giảm 10%', 'Món chính', 2, 11),
(867, '/food/cha1.jpg', 'Chả giò giòn tan, nhân thịt heo băm và miến.', 'Chả giò 56', 95000, 25, 't', 'Giảm 15%', 'Món chính', 2, 11),
(868, '/food/cha1.jpg', 'Chả giò giòn tan, nhân thịt heo băm và miến.', 'Chả giò 57', 65000, 70, 'f', 'Giảm 15%', 'Tráng miệng', 2, 11),
(869, '/food/cha1.jpg', 'Chả giò giòn tan, nhân thịt heo băm và miến.', 'Chả giò 58', 35000, 25, 'f', 'Giảm 15%', 'Món chính', 2, 11),
(870, '/food/cha1.jpg', 'Chả giò giòn tan, nhân thịt heo băm và miến.', 'Chả giò 59', 65000, 35, 't', 'Giảm 10%', 'Món chính', 2, 11),
(871, '/food/cha1.jpg', 'Chả giò giòn tan, nhân thịt heo băm và miến.', 'Chả giò 60', 20000, 50, 't', 'Giảm 10%', 'Món chính', 2, 11),
(872, '/food/cha1.jpg', 'Chả giò giòn tan, nhân thịt heo băm và miến.', 'Chả giò 61', 55000, 45, 't', 'Giảm 5%', 'Khai vị', 2, 11),
(873, '/food/cha1.jpg', 'Chả giò giòn tan, nhân thịt heo băm và miến.', 'Chả giò 62', 75000, 55, 't', 'Giảm 15%', 'Món chính', 2, 11),
(874, '/food/cha1.jpg', 'Chả giò giòn tan, nhân thịt heo băm và miến.', 'Chả giò 63', 65000, 75, 't', 'Giảm 10%', 'Món chính', 2, 11),
(875, '/food/cha1.jpg', 'Chả giò giòn tan, nhân thịt heo băm và miến.', 'Chả giò 64', 35000, 70, 'f', 'Giảm 15%', 'Món chính', 2, 11),
(876, '/food/cha1.jpg', 'Chả giò giòn tan, nhân thịt heo băm và miến.', 'Chả giò 65', 80000, 25, 'f', 'Giảm 30%', 'Tráng miệng', 2, 11),
(877, '/food/cha1.jpg', 'Chả giò giòn tan, nhân thịt heo băm và miến.', 'Chả giò 66', 50000, 30, 'f', 'Giảm 15%', 'Món chính', 2, 11),
(878, '/food/cha1.jpg', 'Chả giò giòn tan, nhân thịt heo băm và miến.', 'Chả giò 67', 75000, 45, 't', 'Giảm 10%', 'Khai vị', 2, 11),
(879, '/food/cha1.jpg', 'Chả giò giòn tan, nhân thịt heo băm và miến.', 'Chả giò 68', 65000, 40, 'f', 'Giảm 15%', 'Món chính', 2, 11),
(880, '/food/cha1.jpg', 'Chả giò giòn tan, nhân thịt heo băm và miến.', 'Chả giò 69', 70000, 25, 'f', 'Giảm 15%', 'Món chính', 2, 11),
(881, '/food/cha1.jpg', 'Chả giò giòn tan, nhân thịt heo băm và miến.', 'Chả giò 70', 90000, 50, 't', 'Giảm 10%', 'Món chính', 2, 11),
(882, '/food/cha1.jpg', 'Chả giò giòn tan, nhân thịt heo băm và miến.', 'Chả giò 71', 40000, 35, 't', 'Giảm 10%', 'Món chính', 2, 11),
(883, '/food/cha1.jpg', 'Chả giò giòn tan, nhân thịt heo băm và miến.', 'Chả giò 72', 30000, 50, 't', 'Giảm 10%', 'Khai vị', 2, 11),
(884, '/food/cha1.jpg', 'Chả giò giòn tan, nhân thịt heo băm và miến.', 'Chả giò 73', 40000, 20, 'f', 'Giảm 15%', 'Món chính', 2, 11),
(885, '/food/cha1.jpg', 'Chả giò giòn tan, nhân thịt heo băm và miến.', 'Chả giò 74', 95000, 30, 't', 'Giảm 15%', 'Món chính', 2, 11),
(886, '/food/cha1.jpg', 'Chả giò giòn tan, nhân thịt heo băm và miến.', 'Chả giò 75', 20000, 35, 't', 'Giảm 20%', 'Món chính', 2, 11),
(887, '/food/cha1.jpg', 'Chả giò giòn tan, nhân thịt heo băm và miến.', 'Chả giò 76', 90000, 30, 't', 'Giảm 10%', 'Món chính', 2, 11),
(888, '/food/cha1.jpg', 'Chả giò giòn tan, nhân thịt heo băm và miến.', 'Chả giò 77', 55000, 20, 't', 'Giảm 10%', 'Món chính', 2, 11),
(889, '/food/cha1.jpg', 'Chả giò giòn tan, nhân thịt heo băm và miến.', 'Chả giò 78', 75000, 55, 't', 'Giảm 10%', 'Món chính', 2, 11),
(890, '/food/cha1.jpg', 'Chả giò giòn tan, nhân thịt heo băm và miến.', 'Chả giò 79', 75000, 40, 'f', 'Giảm 15%', 'Tráng miệng', 2, 11),
(891, '/food/cha1.jpg', 'Chả giò giòn tan, nhân thịt heo băm và miến.', 'Chả giò 80', 45000, 75, 't', 'Giảm 10%', 'Món chính', 2, 11),
(892, '/food/cha1.jpg', 'Chả giò giòn tan, nhân thịt heo băm và miến.', 'Chả giò 81', 75000, 55, 't', 'Giảm 10%', 'Khai vị', 2, 11),
(893, '/food/cha1.jpg', 'Chả giò giòn tan, nhân thịt heo băm và miến.', 'Chả giò 82', 50000, 75, 'f', 'Giảm 10%', 'Tráng miệng', 2, 11),
(894, '/food/cha1.jpg', 'Chả giò giòn tan, nhân thịt heo băm và miến.', 'Chả giò 83', 95000, 25, 't', 'Giảm 10%', 'Khai vị', 2, 11),
(895, '/food/cha1.jpg', 'Chả giò giòn tan, nhân thịt heo băm và miến.', 'Chả giò 84', 70000, 75, 't', 'Giảm 5%', 'Tráng miệng', 2, 11),
(896, '/food/cha1.jpg', 'Chả giò giòn tan, nhân thịt heo băm và miến.', 'Chả giò 85', 30000, 50, 'f', 'Giảm 10%', 'Tráng miệng', 2, 11),
(897, '/food/cha1.jpg', 'Chả giò giòn tan, nhân thịt heo băm và miến.', 'Chả giò 86', 35000, 55, 'f', 'Giảm 5%', 'Khai vị', 2, 11),
(898, '/food/cha1.jpg', 'Chả giò giòn tan, nhân thịt heo băm và miến.', 'Chả giò 87', 40000, 25, 'f', 'Giảm 5%', 'Khai vị', 2, 11),
(899, '/food/cha1.jpg', 'Chả giò giòn tan, nhân thịt heo băm và miến.', 'Chả giò 88', 40000, 65, 't', 'Giảm 10%', 'Món chính', 2, 11),
(900, '/food/cha1.jpg', 'Chả giò giòn tan, nhân thịt heo băm và miến.', 'Chả giò 89', 35000, 70, 'f', 'Giảm 5%', 'Khai vị', 2, 11),
(901, '/food/cha1.jpg', 'Chả giò giòn tan, nhân thịt heo băm và miến.', 'Chả giò 90', 65000, 50, 't', 'Giảm 10%', 'Khai vị', 2, 11),
(902, '/food/cha1.jpg', 'Chả giò giòn tan, nhân thịt heo băm và miến.', 'Chả giò 91', 75000, 35, 't', 'Giảm 15%', 'Món chính', 2, 11),
(903, '/food/cha1.jpg', 'Chả giò giòn tan, nhân thịt heo băm và miến.', 'Chả giò 92', 50000, 35, 't', 'Giảm 10%', 'Khai vị', 2, 11),
(904, '/food/cha1.jpg', 'Chả giò giòn tan, nhân thịt heo băm và miến.', 'Chả giò 93', 50000, 55, 't', 'Giảm 5%', 'Tráng miệng', 2, 11),
(905, '/food/cha1.jpg', 'Chả giò giòn tan, nhân thịt heo băm và miến.', 'Chả giò 94', 40000, 75, 't', 'Giảm 20%', 'Món chính', 2, 11),
(906, '/food/cha1.jpg', 'Chả giò giòn tan, nhân thịt heo băm và miến.', 'Chả giò 95', 20000, 30, 't', 'Giảm 10%', 'Khai vị', 2, 11),
(907, '/food/cha1.jpg', 'Chả giò giòn tan, nhân thịt heo băm và miến.', 'Chả giò 96', 90000, 50, 't', 'Giảm 10%', 'Món chính', 2, 11),
(908, '/food/cha1.jpg', 'Chả giò giòn tan, nhân thịt heo băm và miến.', 'Chả giò 97', 95000, 40, 'f', 'Giảm 15%', 'Tráng miệng', 2, 11),
(909, '/food/cha1.jpg', 'Chả giò giòn tan, nhân thịt heo băm và miến.', 'Chả giò 98', 90000, 35, 't', 'Giảm 5%', 'Tráng miệng', 2, 11),
(910, '/food/cha1.jpg', 'Chả giò giòn tan, nhân thịt heo băm và miến.', 'Chả giò 99', 45000, 50, 't', 'Giảm 10%', 'Món chính', 2, 11),
(911, '/food/bo1.jpg', 'Bò kho thơm lừng, ăn kèm bánh mì giòn rụm.', 'Bò kho 01', 85000, 45, 'f', 'Giảm 15%', 'Tráng miệng', 1, 11),
(912, '/food/bo1.jpg', 'Bò kho thơm lừng, ăn kèm bánh mì giòn rụm.', 'Bò kho 02', 75000, 60, 'f', 'Giảm 5%', 'Khai vị', 1, 11),
(913, '/food/bo1.jpg', 'Bò kho thơm lừng, ăn kèm bánh mì giòn rụm.', 'Bò kho 03', 40000, 25, 'f', 'Giảm 10%', 'Tráng miệng', 1, 11),
(914, '/food/bo1.jpg', 'Bò kho thơm lừng, ăn kèm bánh mì giòn rụm.', 'Bò kho 04', 30000, 40, 't', 'Giảm 10%', 'Khai vị', 1, 11),
(915, '/food/bo1.jpg', 'Bò kho thơm lừng, ăn kèm bánh mì giòn rụm.', 'Bò kho 05', 85000, 25, 'f', 'Giảm 15%', 'Món chính', 1, 11),
(916, '/food/bo1.jpg', 'Bò kho thơm lừng, ăn kèm bánh mì giòn rụm.', 'Bò kho 06', 55000, 70, 't', 'Giảm 10%', 'Khai vị', 1, 11),
(917, '/food/bo1.jpg', 'Bò kho thơm lừng, ăn kèm bánh mì giòn rụm.', 'Bò kho 07', 60000, 55, 't', 'Giảm 5%', 'Tráng miệng', 1, 11),
(918, '/food/bo1.jpg', 'Bò kho thơm lừng, ăn kèm bánh mì giòn rụm.', 'Bò kho 08', 90000, 20, 't', 'Giảm 10%', 'Khai vị', 1, 11),
(919, '/food/bo1.jpg', 'Bò kho thơm lừng, ăn kèm bánh mì giòn rụm.', 'Bò kho 09', 95000, 35, 't', 'Giảm 10%', 'Khai vị', 1, 11),
(920, '/food/bo1.jpg', 'Bò kho thơm lừng, ăn kèm bánh mì giòn rụm.', 'Bò kho 10', 70000, 60, 't', 'Giảm 5%', 'Tráng miệng', 1, 11),
(921, '/food/bo1.jpg', 'Bò kho thơm lừng, ăn kèm bánh mì giòn rụm.', 'Bò kho 11', 80000, 65, 't', 'Giảm 10%', 'Khai vị', 1, 11),
(922, '/food/bo1.jpg', 'Bò kho thơm lừng, ăn kèm bánh mì giòn rụm.', 'Bò kho 12', 20000, 40, 'f', 'Giảm 15%', 'Món chính', 1, 11),
(923, '/food/bo1.jpg', 'Bò kho thơm lừng, ăn kèm bánh mì giòn rụm.', 'Bò kho 13', 20000, 55, 'f', 'Giảm 10%', 'Tráng miệng', 1, 11),
(924, '/food/bo1.jpg', 'Bò kho thơm lừng, ăn kèm bánh mì giòn rụm.', 'Bò kho 14', 80000, 75, 'f', 'Giảm 5%', 'Khai vị', 1, 11),
(925, '/food/bo1.jpg', 'Bò kho thơm lừng, ăn kèm bánh mì giòn rụm.', 'Bò kho 15', 75000, 20, 'f', 'Giảm 5%', 'Khai vị', 1, 11),
(926, '/food/bo1.jpg', 'Bò kho thơm lừng, ăn kèm bánh mì giòn rụm.', 'Bò kho 16', 80000, 40, 't', 'Giảm 10%', 'Khai vị', 1, 11),
(927, '/food/bo1.jpg', 'Bò kho thơm lừng, ăn kèm bánh mì giòn rụm.', 'Bò kho 17', 90000, 20, 't', 'Giảm 10%', 'Khai vị', 1, 11),
(928, '/food/bo1.jpg', 'Bò kho thơm lừng, ăn kèm bánh mì giòn rụm.', 'Bò kho 18', 85000, 55, 't', 'Giảm 20%', 'Món chính', 1, 11),
(929, '/food/bo1.jpg', 'Bò kho thơm lừng, ăn kèm bánh mì giòn rụm.', 'Bò kho 19', 80000, 75, 'f', 'Giảm 15%', 'Món chính', 1, 11),
(930, '/food/bo1.jpg', 'Bò kho thơm lừng, ăn kèm bánh mì giòn rụm.', 'Bò kho 20', 55000, 70, 't', 'Giảm 10%', 'Khai vị', 1, 11),
(931, '/food/bo1.jpg', 'Bò kho thơm lừng, ăn kèm bánh mì giòn rụm.', 'Bò kho 21', 45000, 70, 't', 'Giảm 5%', 'Tráng miệng', 1, 11),
(932, '/food/bo1.jpg', 'Bò kho thơm lừng, ăn kèm bánh mì giòn rụm.', 'Bò kho 22', 50000, 50, 't', 'Giảm 5%', 'Tráng miệng', 1, 11),
(933, '/food/bo1.jpg', 'Bò kho thơm lừng, ăn kèm bánh mì giòn rụm.', 'Bò kho 23', 20000, 65, 't', 'Giảm 10%', 'Món chính', 1, 11),
(934, '/food/bo1.jpg', 'Bò kho thơm lừng, ăn kèm bánh mì giòn rụm.', 'Bò kho 24', 45000, 70, 't', 'Giảm 10%', 'Khai vị', 1, 11),
(935, '/food/bo1.jpg', 'Bò kho thơm lừng, ăn kèm bánh mì giòn rụm.', 'Bò kho 25', 55000, 70, 't', 'Giảm 15%', 'Món chính', 1, 11),
(936, '/food/bo1.jpg', 'Bò kho thơm lừng, ăn kèm bánh mì giòn rụm.', 'Bò kho 26', 25000, 25, 't', 'Giảm 10%', 'Khai vị', 1, 11),
(937, '/food/bo1.jpg', 'Bò kho thơm lừng, ăn kèm bánh mì giòn rụm.', 'Bò kho 27', 60000, 60, 'f', 'Giảm 15%', 'Món chính', 1, 11),
(938, '/food/bo1.jpg', 'Bò kho thơm lừng, ăn kèm bánh mì giòn rụm.', 'Bò kho 28', 30000, 70, 't', 'Giảm 10%', 'Khai vị', 1, 11),
(939, '/food/bo1.jpg', 'Bò kho thơm lừng, ăn kèm bánh mì giòn rụm.', 'Bò kho 29', 35000, 45, 't', 'Giảm 10%', 'Khai vị', 1, 11),
(940, '/food/bo1.jpg', 'Bò kho thơm lừng, ăn kèm bánh mì giòn rụm.', 'Bò kho 30', 60000, 35, 't', 'Giảm 10%', 'Khai vị', 1, 11),
(941, '/food/bo1.jpg', 'Bò kho thơm lừng, ăn kèm bánh mì giòn rụm.', 'Bò kho 31', 60000, 20, 'f', 'Giảm 10%', 'Tráng miệng', 1, 11),
(942, '/food/bo1.jpg', 'Bò kho thơm lừng, ăn kèm bánh mì giòn rụm.', 'Bò kho 32', 55000, 75, 't', 'Giảm 5%', 'Tráng miệng', 1, 11),
(943, '/food/bo1.jpg', 'Bò kho thơm lừng, ăn kèm bánh mì giòn rụm.', 'Bò kho 33', 80000, 65, 't', 'Giảm 10%', 'Khai vị', 1, 11),
(944, '/food/bo1.jpg', 'Bò kho thơm lừng, ăn kèm bánh mì giòn rụm.', 'Bò kho 34', 55000, 45, 't', 'Giảm 15%', 'Món chính', 1, 11),
(945, '/food/bo1.jpg', 'Bò kho thơm lừng, ăn kèm bánh mì giòn rụm.', 'Bò kho 35', 35000, 45, 'f', 'Giảm 15%', 'Món chính', 1, 11),
(946, '/food/bo1.jpg', 'Bò kho thơm lừng, ăn kèm bánh mì giòn rụm.', 'Bò kho 36', 20000, 30, 'f', 'Giảm 10%', 'Tráng miệng', 1, 11),
(947, '/food/bo1.jpg', 'Bò kho thơm lừng, ăn kèm bánh mì giòn rụm.', 'Bò kho 37', 60000, 20, 'f', 'Giảm 15%', 'Món chính', 1, 11),
(948, '/food/bo1.jpg', 'Bò kho thơm lừng, ăn kèm bánh mì giòn rụm.', 'Bò kho 38', 65000, 40, 't', 'Giảm 10%', 'Món chính', 1, 11),
(949, '/food/bo1.jpg', 'Bò kho thơm lừng, ăn kèm bánh mì giòn rụm.', 'Bò kho 39', 95000, 75, 'f', 'Giảm 15%', 'Món chính', 1, 11),
(950, '/food/bo1.jpg', 'Bò kho thơm lừng, ăn kèm bánh mì giòn rụm.', 'Bò kho 40', 40000, 55, 't', 'Giảm 10%', 'Khai vị', 1, 11),
(951, '/food/bo1.jpg', 'Bò kho thơm lừng, ăn kèm bánh mì giòn rụm.', 'Bò kho 41', 25000, 75, 't', 'Giảm 10%', 'Khai vị', 1, 11),
(952, '/food/bo1.jpg', 'Bò kho thơm lừng, ăn kèm bánh mì giòn rụm.', 'Bò kho 42', 60000, 50, 'f', 'Giảm 10%', 'Tráng miệng', 1, 11),
(953, '/food/bo1.jpg', 'Bò kho thơm lừng, ăn kèm bánh mì giòn rụm.', 'Bò kho 43', 90000, 55, 't', 'Giảm 10%', 'Khai vị', 1, 11),
(954, '/food/bo1.jpg', 'Bò kho thơm lừng, ăn kèm bánh mì giòn rụm.', 'Bò kho 44', 70000, 70, 't', 'Giảm 10%', 'Món chính', 1, 11),
(955, '/food/bo1.jpg', 'Bò kho thơm lừng, ăn kèm bánh mì giòn rụm.', 'Bò kho 45', 70000, 75, 'f', 'Giảm 15%', 'Tráng miệng', 1, 11),
(956, '/food/bo1.jpg', 'Bò kho thơm lừng, ăn kèm bánh mì giòn rụm.', 'Bò kho 46', 80000, 55, 'f', 'Giảm 15%', 'Món chính', 1, 11),
(957, '/food/bo1.jpg', 'Bò kho thơm lừng, ăn kèm bánh mì giòn rụm.', 'Bò kho 47', 70000, 30, 't', 'Giảm 20%', 'Món chính', 1, 11),
(958, '/food/bo1.jpg', 'Bò kho thơm lừng, ăn kèm bánh mì giòn rụm.', 'Bò kho 48', 40000, 50, 't', 'Giảm 10%', 'Khai vị', 1, 11),
(959, '/food/bo1.jpg', 'Bò kho thơm lừng, ăn kèm bánh mì giòn rụm.', 'Bò kho 49', 75000, 50, 't', 'Giảm 5%', 'Khai vị', 1, 11),
(960, '/food/bo1.jpg', 'Bò kho thơm lừng, ăn kèm bánh mì giòn rụm.', 'Bò kho 50', 85000, 70, 't', 'Giảm 15%', 'Món chính', 1, 11),
(961, '/food/bo1.jpg', 'Bò kho thơm lừng, ăn kèm bánh mì giòn rụm.', 'Bò kho 51', 90000, 30, 'f', 'Giảm 15%', 'Món chính', 1, 11),
(962, '/food/bo1.jpg', 'Bò kho thơm lừng, ăn kèm bánh mì giòn rụm.', 'Bò kho 52', 45000, 40, 'f', 'Giảm 5%', 'Khai vị', 1, 11),
(963, '/food/bo1.jpg', 'Bò kho thơm lừng, ăn kèm bánh mì giòn rụm.', 'Bò kho 53', 80000, 60, 't', 'Giảm 15%', 'Món chính', 1, 11),
(964, '/food/bo1.jpg', 'Bò kho thơm lừng, ăn kèm bánh mì giòn rụm.', 'Bò kho 54', 35000, 40, 't', 'Giảm 10%', 'Khai vị', 1, 11),
(965, '/food/bo1.jpg', 'Bò kho thơm lừng, ăn kèm bánh mì giòn rụm.', 'Bò kho 55', 55000, 75, 'f', 'Giảm 5%', 'Khai vị', 1, 11),
(966, '/food/bo1.jpg', 'Bò kho thơm lừng, ăn kèm bánh mì giòn rụm.', 'Bò kho 56', 30000, 60, 'f', 'Giảm 10%', 'Tráng miệng', 1, 11),
(967, '/food/bo1.jpg', 'Bò kho thơm lừng, ăn kèm bánh mì giòn rụm.', 'Bò kho 57', 85000, 35, 'f', 'Giảm 5%', 'Khai vị', 1, 11),
(968, '/food/bo1.jpg', 'Bò kho thơm lừng, ăn kèm bánh mì giòn rụm.', 'Bò kho 58', 50000, 45, 't', 'Giảm 5%', 'Tráng miệng', 1, 11),
(969, '/food/bo1.jpg', 'Bò kho thơm lừng, ăn kèm bánh mì giòn rụm.', 'Bò kho 59', 35000, 30, 't', 'Giảm 10%', 'Món chính', 1, 11),
(970, '/food/bo1.jpg', 'Bò kho thơm lừng, ăn kèm bánh mì giòn rụm.', 'Bò kho 60', 75000, 60, 't', 'Giảm 5%', 'Tráng miệng', 1, 11),
(971, '/food/bo1.jpg', 'Bò kho thơm lừng, ăn kèm bánh mì giòn rụm.', 'Bò kho 61', 90000, 55, 't', 'Giảm 10%', 'Món chính', 1, 11),
(972, '/food/bo1.jpg', 'Bò kho thơm lừng, ăn kèm bánh mì giòn rụm.', 'Bò kho 62', 55000, 40, 'f', 'Giảm 15%', 'Món chính', 1, 11),
(973, '/food/bo1.jpg', 'Bò kho thơm lừng, ăn kèm bánh mì giòn rụm.', 'Bò kho 63', 40000, 50, 't', 'Giảm 10%', 'Khai vị', 1, 11),
(974, '/food/bo1.jpg', 'Bò kho thơm lừng, ăn kèm bánh mì giòn rụm.', 'Bò kho 64', 80000, 60, 'f', 'Giảm 15%', 'Món chính', 1, 11),
(975, '/food/bo1.jpg', 'Bò kho thơm lừng, ăn kèm bánh mì giòn rụm.', 'Bò kho 65', 35000, 35, 't', 'Giảm 10%', 'Khai vị', 1, 11),
(976, '/food/bo1.jpg', 'Bò kho thơm lừng, ăn kèm bánh mì giòn rụm.', 'Bò kho 66', 35000, 35, 't', 'Giảm 10%', 'Khai vị', 1, 11),
(977, '/food/bo1.jpg', 'Bò kho thơm lừng, ăn kèm bánh mì giòn rụm.', 'Bò kho 67', 50000, 45, 'f', 'Giảm 30%', 'Tráng miệng', 1, 11),
(978, '/food/bo1.jpg', 'Bò kho thơm lừng, ăn kèm bánh mì giòn rụm.', 'Bò kho 68', 40000, 60, 'f', 'Giảm 15%', 'Món chính', 1, 11),
(979, '/food/bo1.jpg', 'Bò kho thơm lừng, ăn kèm bánh mì giòn rụm.', 'Bò kho 69', 95000, 50, 't', 'Giảm 10%', 'Khai vị', 1, 11),
(980, '/food/bo1.jpg', 'Bò kho thơm lừng, ăn kèm bánh mì giòn rụm.', 'Bò kho 70', 25000, 60, 'f', 'Giảm 15%', 'Món chính', 1, 11),
(981, '/food/bo1.jpg', 'Bò kho thơm lừng, ăn kèm bánh mì giòn rụm.', 'Bò kho 71', 60000, 75, 't', 'Giảm 10%', 'Món chính', 1, 11),
(982, '/food/bo1.jpg', 'Bò kho thơm lừng, ăn kèm bánh mì giòn rụm.', 'Bò kho 72', 55000, 30, 't', 'Giảm 10%', 'Món chính', 1, 11),
(983, '/food/bo1.jpg', 'Bò kho thơm lừng, ăn kèm bánh mì giòn rụm.', 'Bò kho 73', 50000, 20, 'f', 'Giảm 15%', 'Món chính', 1, 11),
(984, '/food/bo1.jpg', 'Bò kho thơm lừng, ăn kèm bánh mì giòn rụm.', 'Bò kho 74', 40000, 70, 't', 'Giảm 10%', 'Khai vị', 1, 11),
(985, '/food/bo1.jpg', 'Bò kho thơm lừng, ăn kèm bánh mì giòn rụm.', 'Bò kho 75', 45000, 25, 't', 'Giảm 10%', 'Khai vị', 1, 11),
(986, '/food/bo1.jpg', 'Bò kho thơm lừng, ăn kèm bánh mì giòn rụm.', 'Bò kho 76', 45000, 45, 't', 'Giảm 10%', 'Khai vị', 1, 11),
(987, '/food/bo1.jpg', 'Bò kho thơm lừng, ăn kèm bánh mì giòn rụm.', 'Bò kho 77', 45000, 35, 'f', 'Giảm 15%', 'Món chính', 1, 11),
(988, '/food/bo1.jpg', 'Bò kho thơm lừng, ăn kèm bánh mì giòn rụm.', 'Bò kho 78', 75000, 45, 'f', 'Giảm 15%', 'Món chính', 1, 11),
(989, '/food/bo1.jpg', 'Bò kho thơm lừng, ăn kèm bánh mì giòn rụm.', 'Bò kho 79', 25000, 25, 'f', 'Giảm 30%', 'Tráng miệng', 1, 11),
(990, '/food/bo1.jpg', 'Bò kho thơm lừng, ăn kèm bánh mì giòn rụm.', 'Bò kho 80', 40000, 20, 't', 'Giảm 10%', 'Món chính', 1, 11),
(991, '/food/bo1.jpg', 'Bò kho thơm lừng, ăn kèm bánh mì giòn rụm.', 'Bò kho 81', 65000, 75, 't', 'Giảm 10%', 'Khai vị', 1, 11),
(992, '/food/bo1.jpg', 'Bò kho thơm lừng, ăn kèm bánh mì giòn rụm.', 'Bò kho 82', 70000, 20, 't', 'Giảm 10%', 'Khai vị', 1, 11),
(993, '/food/bo1.jpg', 'Bò kho thơm lừng, ăn kèm bánh mì giòn rụm.', 'Bò kho 83', 40000, 75, 't', 'Giảm 20%', 'Món chính', 1, 11),
(994, '/food/bo1.jpg', 'Bò kho thơm lừng, ăn kèm bánh mì giòn rụm.', 'Bò kho 84', 55000, 55, 'f', 'Giảm 15%', 'Món chính', 1, 11),
(995, '/food/bo1.jpg', 'Bò kho thơm lừng, ăn kèm bánh mì giòn rụm.', 'Bò kho 85', 45000, 25, 't', 'Giảm 10%', 'Món chính', 1, 11),
(996, '/food/bo1.jpg', 'Bò kho thơm lừng, ăn kèm bánh mì giòn rụm.', 'Bò kho 86', 30000, 50, 't', 'Giảm 10%', 'Khai vị', 1, 11),
(997, '/food/bo1.jpg', 'Bò kho thơm lừng, ăn kèm bánh mì giòn rụm.', 'Bò kho 87', 85000, 60, 't', 'Giảm 5%', 'Tráng miệng', 1, 11),
(998, '/food/bo1.jpg', 'Bò kho thơm lừng, ăn kèm bánh mì giòn rụm.', 'Bò kho 88', 90000, 25, 'f', 'Giảm 15%', 'Món chính', 1, 11),
(999, '/food/bo1.jpg', 'Bò kho thơm lừng, ăn kèm bánh mì giòn rụm.', 'Bò kho 89', 20000, 30, 't', 'Giảm 10%', 'Khai vị', 1, 11),
(1000, '/food/bo1.jpg', 'Bò kho thơm lừng, ăn kèm bánh mì giòn rụm.', 'Bò kho 90', 50000, 65, 't', 'Giảm 10%', 'Khai vị', 1, 11);

INSERT INTO "public"."food" ("food_id", "thumbnail", "description", "name_food", "price", "inventory", "featured", "promotion", "kind", "eatery_id", "category_id") VALUES
(1001, '/food/bo1.jpg', 'Bò kho thơm lừng, ăn kèm bánh mì giòn rụm.', 'Bò kho 91', 95000, 35, 't', 'Giảm 10%', 'Món chính', 1, 11),
(1002, '/food/bo1.jpg', 'Bò kho thơm lừng, ăn kèm bánh mì giòn rụm.', 'Bò kho 92', 90000, 50, 't', 'Giảm 10%', 'Khai vị', 1, 11),
(1003, '/food/bo1.jpg', 'Bò kho thơm lừng, ăn kèm bánh mì giòn rụm.', 'Bò kho 93', 25000, 30, 't', 'Giảm 10%', 'Khai vị', 1, 11),
(1004, '/food/bo1.jpg', 'Bò kho thơm lừng, ăn kèm bánh mì giòn rụm.', 'Bò kho 94', 65000, 35, 't', 'Giảm 10%', 'Món chính', 1, 11),
(1005, '/food/bo1.jpg', 'Bò kho thơm lừng, ăn kèm bánh mì giòn rụm.', 'Bò kho 95', 75000, 45, 'f', 'Giảm 10%', 'Tráng miệng', 1, 11),
(1006, '/food/bo1.jpg', 'Bò kho thơm lừng, ăn kèm bánh mì giòn rụm.', 'Bò kho 96', 35000, 30, 't', 'Giảm 10%', 'Món chính', 1, 11),
(1007, '/food/bo1.jpg', 'Bò kho thơm lừng, ăn kèm bánh mì giòn rụm.', 'Bò kho 97', 45000, 45, 't', 'Giảm 5%', 'Tráng miệng', 1, 11),
(1008, '/food/bo1.jpg', 'Bò kho thơm lừng, ăn kèm bánh mì giòn rụm.', 'Bò kho 98', 60000, 20, 't', 'Giảm 10%', 'Khai vị', 1, 11),
(1009, '/food/bo1.jpg', 'Bò kho thơm lừng, ăn kèm bánh mì giòn rụm.', 'Bò kho 99', 75000, 45, 'f', 'Giảm 15%', 'Món chính', 1, 11),
(1010, '/food/ga1.jpg', 'Bánh chuối nướng, chan nước cốt dừa.', 'Bánh chuối nướng 01', 20000, 30, 'f', 'Giảm 15%', 'Món chính', 3, 5),
(1011, '/food/ga1.jpg', 'Bánh chuối nướng, chan nước cốt dừa.', 'Bánh chuối nướng 02', 40000, 40, 't', 'Giảm 10%', 'Món chính', 3, 5),
(1012, '/food/ga1.jpg', 'Bánh chuối nướng, chan nước cốt dừa.', 'Bánh chuối nướng 03', 75000, 20, 't', 'Giảm 15%', 'Món chính', 3, 5),
(1013, '/food/ga1.jpg', 'Bánh chuối nướng, chan nước cốt dừa.', 'Bánh chuối nướng 04', 70000, 30, 't', 'Giảm 10%', 'Món chính', 3, 5),
(1014, '/food/ga1.jpg', 'Bánh chuối nướng, chan nước cốt dừa.', 'Bánh chuối nướng 05', 80000, 55, 't', 'Giảm 10%', 'Khai vị', 3, 5),
(1015, '/food/ga1.jpg', 'Bánh chuối nướng, chan nước cốt dừa.', 'Bánh chuối nướng 06', 90000, 40, 't', 'Giảm 10%', 'Khai vị', 3, 5),
(1016, '/food/ga1.jpg', 'Bánh chuối nướng, chan nước cốt dừa.', 'Bánh chuối nướng 07', 30000, 25, 'f', 'Giảm 15%', 'Món chính', 3, 5),
(1017, '/food/ga1.jpg', 'Bánh chuối nướng, chan nước cốt dừa.', 'Bánh chuối nướng 08', 55000, 55, 'f', 'Giảm 15%', 'Tráng miệng', 3, 5),
(1018, '/food/ga1.jpg', 'Bánh chuối nướng, chan nước cốt dừa.', 'Bánh chuối nướng 09', 50000, 30, 'f', 'Giảm 10%', 'Tráng miệng', 3, 5),
(1019, '/food/ga1.jpg', 'Bánh chuối nướng, chan nước cốt dừa.', 'Bánh chuối nướng 10', 80000, 65, 't', 'Giảm 10%', 'Khai vị', 3, 5),
(1020, '/food/ga1.jpg', 'Bánh chuối nướng, chan nước cốt dừa.', 'Bánh chuối nướng 11', 25000, 25, 't', 'Giảm 10%', 'Khai vị', 3, 5),
(1021, '/food/ga1.jpg', 'Bánh chuối nướng, chan nước cốt dừa.', 'Bánh chuối nướng 12', 40000, 25, 't', 'Giảm 20%', 'Món chính', 3, 5),
(1022, '/food/ga1.jpg', 'Bánh chuối nướng, chan nước cốt dừa.', 'Bánh chuối nướng 13', 60000, 70, 't', 'Giảm 5%', 'Tráng miệng', 3, 5),
(1023, '/food/ga1.jpg', 'Bánh chuối nướng, chan nước cốt dừa.', 'Bánh chuối nướng 14', 90000, 25, 't', 'Giảm 10%', 'Món chính', 3, 5),
(1024, '/food/ga1.jpg', 'Bánh chuối nướng, chan nước cốt dừa.', 'Bánh chuối nướng 15', 80000, 70, 't', 'Giảm 10%', 'Khai vị', 3, 5),
(1025, '/food/ga1.jpg', 'Bánh chuối nướng, chan nước cốt dừa.', 'Bánh chuối nướng 16', 35000, 35, 't', 'Giảm 10%', 'Món chính', 3, 5),
(1026, '/food/ga1.jpg', 'Bánh chuối nướng, chan nước cốt dừa.', 'Bánh chuối nướng 17', 30000, 30, 't', 'Giảm 10%', 'Món chính', 3, 5),
(1027, '/food/ga1.jpg', 'Bánh chuối nướng, chan nước cốt dừa.', 'Bánh chuối nướng 18', 95000, 70, 't', 'Giảm 10%', 'Khai vị', 3, 5),
(1028, '/food/ga1.jpg', 'Bánh chuối nướng, chan nước cốt dừa.', 'Bánh chuối nướng 19', 70000, 35, 't', 'Giảm 10%', 'Khai vị', 3, 5),
(1029, '/food/ga1.jpg', 'Bánh chuối nướng, chan nước cốt dừa.', 'Bánh chuối nướng 20', 25000, 30, 't', 'Giảm 15%', 'Món chính', 3, 5),
(1030, '/food/ga1.jpg', 'Bánh chuối nướng, chan nước cốt dừa.', 'Bánh chuối nướng 21', 25000, 45, 't', 'Giảm 10%', 'Món chính', 3, 5),
(1031, '/food/ga1.jpg', 'Bánh chuối nướng, chan nước cốt dừa.', 'Bánh chuối nướng 22', 50000, 55, 'f', 'Giảm 15%', 'Món chính', 3, 5),
(1032, '/food/ga1.jpg', 'Bánh chuối nướng, chan nước cốt dừa.', 'Bánh chuối nướng 23', 90000, 50, 't', 'Giảm 5%', 'Tráng miệng', 3, 5),
(1033, '/food/ga1.jpg', 'Bánh chuối nướng, chan nước cốt dừa.', 'Bánh chuối nướng 24', 65000, 30, 'f', 'Giảm 15%', 'Tráng miệng', 3, 5),
(1034, '/food/ga1.jpg', 'Bánh chuối nướng, chan nước cốt dừa.', 'Bánh chuối nướng 25', 55000, 75, 't', 'Giảm 10%', 'Món chính', 3, 5),
(1035, '/food/ga1.jpg', 'Bánh chuối nướng, chan nước cốt dừa.', 'Bánh chuối nướng 26', 75000, 30, 'f', 'Giảm 15%', 'Tráng miệng', 3, 5),
(1036, '/food/ga1.jpg', 'Bánh chuối nướng, chan nước cốt dừa.', 'Bánh chuối nướng 27', 85000, 30, 't', 'Giảm 10%', 'Món chính', 3, 5),
(1037, '/food/ga1.jpg', 'Bánh chuối nướng, chan nước cốt dừa.', 'Bánh chuối nướng 28', 70000, 35, 'f', 'Giảm 15%', 'Món chính', 3, 5),
(1038, '/food/ga1.jpg', 'Bánh chuối nướng, chan nước cốt dừa.', 'Bánh chuối nướng 29', 40000, 50, 't', 'Giảm 10%', 'Khai vị', 3, 5),
(1039, '/food/ga1.jpg', 'Bánh chuối nướng, chan nước cốt dừa.', 'Bánh chuối nướng 30', 80000, 60, 't', 'Giảm 10%', 'Món chính', 3, 5),
(1040, '/food/ga1.jpg', 'Bánh chuối nướng, chan nước cốt dừa.', 'Bánh chuối nướng 31', 45000, 45, 't', 'Giảm 10%', 'Khai vị', 3, 5),
(1041, '/food/ga1.jpg', 'Bánh chuối nướng, chan nước cốt dừa.', 'Bánh chuối nướng 32', 95000, 60, 't', 'Giảm 10%', 'Khai vị', 3, 5),
(1042, '/food/ga1.jpg', 'Bánh chuối nướng, chan nước cốt dừa.', 'Bánh chuối nướng 33', 75000, 30, 'f', 'Giảm 15%', 'Món chính', 3, 5),
(1043, '/food/ga1.jpg', 'Bánh chuối nướng, chan nước cốt dừa.', 'Bánh chuối nướng 34', 50000, 25, 't', 'Giảm 10%', 'Món chính', 3, 5),
(1044, '/food/ga1.jpg', 'Bánh chuối nướng, chan nước cốt dừa.', 'Bánh chuối nướng 35', 85000, 40, 't', 'Giảm 10%', 'Khai vị', 3, 5),
(1045, '/food/ga1.jpg', 'Bánh chuối nướng, chan nước cốt dừa.', 'Bánh chuối nướng 36', 60000, 45, 't', 'Giảm 10%', 'Món chính', 3, 5),
(1046, '/food/ga1.jpg', 'Bánh chuối nướng, chan nước cốt dừa.', 'Bánh chuối nướng 37', 30000, 55, 'f', 'Giảm 15%', 'Món chính', 3, 5),
(1047, '/food/ga1.jpg', 'Bánh chuối nướng, chan nước cốt dừa.', 'Bánh chuối nướng 38', 75000, 35, 't', 'Giảm 15%', 'Món chính', 3, 5),
(1048, '/food/ga1.jpg', 'Bánh chuối nướng, chan nước cốt dừa.', 'Bánh chuối nướng 39', 40000, 20, 't', 'Giảm 10%', 'Khai vị', 3, 5),
(1049, '/food/ga1.jpg', 'Bánh chuối nướng, chan nước cốt dừa.', 'Bánh chuối nướng 40', 20000, 60, 't', 'Giảm 10%', 'Khai vị', 3, 5),
(1050, '/food/ga1.jpg', 'Bánh chuối nướng, chan nước cốt dừa.', 'Bánh chuối nướng 41', 90000, 45, 't', 'Giảm 10%', 'Khai vị', 3, 5),
(1051, '/food/ga1.jpg', 'Bánh chuối nướng, chan nước cốt dừa.', 'Bánh chuối nướng 42', 90000, 40, 't', 'Giảm 10%', 'Món chính', 3, 5),
(1052, '/food/ga1.jpg', 'Bánh chuối nướng, chan nước cốt dừa.', 'Bánh chuối nướng 43', 65000, 30, 'f', 'Giảm 15%', 'Tráng miệng', 3, 5),
(1053, '/food/ga1.jpg', 'Bánh chuối nướng, chan nước cốt dừa.', 'Bánh chuối nướng 44', 55000, 25, 'f', 'Giảm 10%', 'Tráng miệng', 3, 5),
(1054, '/food/ga1.jpg', 'Bánh chuối nướng, chan nước cốt dừa.', 'Bánh chuối nướng 45', 60000, 20, 't', 'Giảm 15%', 'Món chính', 3, 5),
(1055, '/food/ga1.jpg', 'Bánh chuối nướng, chan nước cốt dừa.', 'Bánh chuối nướng 46', 75000, 30, 't', 'Giảm 10%', 'Khai vị', 3, 5),
(1056, '/food/ga1.jpg', 'Bánh chuối nướng, chan nước cốt dừa.', 'Bánh chuối nướng 47', 85000, 65, 't', 'Giảm 10%', 'Khai vị', 3, 5),
(1057, '/food/ga1.jpg', 'Bánh chuối nướng, chan nước cốt dừa.', 'Bánh chuối nướng 48', 50000, 55, 'f', 'Giảm 10%', 'Tráng miệng', 3, 5),
(1058, '/food/ga1.jpg', 'Bánh chuối nướng, chan nước cốt dừa.', 'Bánh chuối nướng 49', 95000, 35, 'f', 'Giảm 10%', 'Tráng miệng', 3, 5),
(1059, '/food/ga1.jpg', 'Bánh chuối nướng, chan nước cốt dừa.', 'Bánh chuối nướng 50', 60000, 20, 't', 'Giảm 10%', 'Khai vị', 3, 5),
(1060, '/food/ga1.jpg', 'Bánh chuối nướng, chan nước cốt dừa.', 'Bánh chuối nướng 51', 75000, 25, 't', 'Giảm 15%', 'Món chính', 3, 5),
(1061, '/food/ga1.jpg', 'Bánh chuối nướng, chan nước cốt dừa.', 'Bánh chuối nướng 52', 85000, 65, 'f', 'Giảm 5%', 'Khai vị', 3, 5),
(1062, '/food/ga1.jpg', 'Bánh chuối nướng, chan nước cốt dừa.', 'Bánh chuối nướng 53', 20000, 70, 'f', 'Giảm 5%', 'Khai vị', 3, 5),
(1063, '/food/ga1.jpg', 'Bánh chuối nướng, chan nước cốt dừa.', 'Bánh chuối nướng 54', 70000, 60, 'f', 'Giảm 15%', 'Tráng miệng', 3, 5),
(1064, '/food/ga1.jpg', 'Bánh chuối nướng, chan nước cốt dừa.', 'Bánh chuối nướng 55', 50000, 25, 'f', 'Giảm 15%', 'Món chính', 3, 5),
(1065, '/food/ga1.jpg', 'Bánh chuối nướng, chan nước cốt dừa.', 'Bánh chuối nướng 56', 40000, 65, 'f', 'Giảm 15%', 'Món chính', 3, 5),
(1066, '/food/ga1.jpg', 'Bánh chuối nướng, chan nước cốt dừa.', 'Bánh chuối nướng 57', 65000, 40, 't', 'Giảm 5%', 'Tráng miệng', 3, 5),
(1067, '/food/ga1.jpg', 'Bánh chuối nướng, chan nước cốt dừa.', 'Bánh chuối nướng 58', 20000, 60, 't', 'Giảm 10%', 'Khai vị', 3, 5),
(1068, '/food/ga1.jpg', 'Bánh chuối nướng, chan nước cốt dừa.', 'Bánh chuối nướng 59', 30000, 40, 't', 'Giảm 10%', 'Khai vị', 3, 5),
(1069, '/food/ga1.jpg', 'Bánh chuối nướng, chan nước cốt dừa.', 'Bánh chuối nướng 60', 65000, 55, 't', 'Giảm 25%', 'Món chính', 3, 5),
(1070, '/food/ga1.jpg', 'Bánh chuối nướng, chan nước cốt dừa.', 'Bánh chuối nướng 61', 90000, 55, 'f', 'Giảm 15%', 'Món chính', 3, 5),
(1071, '/food/ga1.jpg', 'Bánh chuối nướng, chan nước cốt dừa.', 'Bánh chuối nướng 62', 65000, 30, 'f', 'Giảm 15%', 'Món chính', 3, 5),
(1072, '/food/ga1.jpg', 'Bánh chuối nướng, chan nước cốt dừa.', 'Bánh chuối nướng 63', 25000, 75, 'f', 'Giảm 15%', 'Món chính', 3, 5),
(1073, '/food/ga1.jpg', 'Bánh chuối nướng, chan nước cốt dừa.', 'Bánh chuối nướng 64', 40000, 25, 't', 'Giảm 5%', 'Tráng miệng', 3, 5),
(1074, '/food/ga1.jpg', 'Bánh chuối nướng, chan nước cốt dừa.', 'Bánh chuối nướng 65', 25000, 40, 'f', 'Giảm 15%', 'Món chính', 3, 5),
(1075, '/food/ga1.jpg', 'Bánh chuối nướng, chan nước cốt dừa.', 'Bánh chuối nướng 66', 80000, 40, 't', 'Giảm 10%', 'Khai vị', 3, 5),
(1076, '/food/ga1.jpg', 'Bánh chuối nướng, chan nước cốt dừa.', 'Bánh chuối nướng 67', 85000, 65, 'f', 'Giảm 10%', 'Tráng miệng', 3, 5),
(1077, '/food/ga1.jpg', 'Bánh chuối nướng, chan nước cốt dừa.', 'Bánh chuối nướng 68', 30000, 60, 't', 'Giảm 10%', 'Khai vị', 3, 5),
(1078, '/food/ga1.jpg', 'Bánh chuối nướng, chan nước cốt dừa.', 'Bánh chuối nướng 69', 20000, 60, 't', 'Giảm 10%', 'Món chính', 3, 5),
(1079, '/food/ga1.jpg', 'Bánh chuối nướng, chan nước cốt dừa.', 'Bánh chuối nướng 70', 35000, 45, 'f', 'Giảm 15%', 'Món chính', 3, 5),
(1080, '/food/ga1.jpg', 'Bánh chuối nướng, chan nước cốt dừa.', 'Bánh chuối nướng 71', 95000, 60, 't', 'Giảm 10%', 'Khai vị', 3, 5),
(1081, '/food/ga1.jpg', 'Bánh chuối nướng, chan nước cốt dừa.', 'Bánh chuối nướng 72', 75000, 25, 't', 'Giảm 10%', 'Khai vị', 3, 5),
(1082, '/food/ga1.jpg', 'Bánh chuối nướng, chan nước cốt dừa.', 'Bánh chuối nướng 73', 75000, 40, 'f', 'Giảm 15%', 'Món chính', 3, 5),
(1083, '/food/ga1.jpg', 'Bánh chuối nướng, chan nước cốt dừa.', 'Bánh chuối nướng 74', 75000, 30, 'f', 'Giảm 15%', 'Món chính', 3, 5),
(1084, '/food/ga1.jpg', 'Bánh chuối nướng, chan nước cốt dừa.', 'Bánh chuối nướng 75', 80000, 20, 't', 'Giảm 10%', 'Khai vị', 3, 5),
(1085, '/food/ga1.jpg', 'Bánh chuối nướng, chan nước cốt dừa.', 'Bánh chuối nướng 76', 95000, 65, 't', 'Giảm 10%', 'Khai vị', 3, 5),
(1086, '/food/ga1.jpg', 'Bánh chuối nướng, chan nước cốt dừa.', 'Bánh chuối nướng 77', 30000, 60, 'f', 'Giảm 15%', 'Món chính', 3, 5),
(1087, '/food/ga1.jpg', 'Bánh chuối nướng, chan nước cốt dừa.', 'Bánh chuối nướng 78', 45000, 65, 'f', 'Giảm 10%', 'Tráng miệng', 3, 5),
(1088, '/food/ga1.jpg', 'Bánh chuối nướng, chan nước cốt dừa.', 'Bánh chuối nướng 79', 20000, 60, 't', 'Giảm 10%', 'Khai vị', 3, 5),
(1089, '/food/ga1.jpg', 'Bánh chuối nướng, chan nước cốt dừa.', 'Bánh chuối nướng 80', 50000, 65, 'f', 'Giảm 5%', 'Khai vị', 3, 5),
(1090, '/food/ga1.jpg', 'Bánh chuối nướng, chan nước cốt dừa.', 'Bánh chuối nướng 81', 55000, 45, 'f', 'Giảm 15%', 'Món chính', 3, 5),
(1091, '/food/ga1.jpg', 'Bánh chuối nướng, chan nước cốt dừa.', 'Bánh chuối nướng 82', 70000, 45, 'f', 'Giảm 15%', 'Tráng miệng', 3, 5),
(1092, '/food/ga1.jpg', 'Bánh chuối nướng, chan nước cốt dừa.', 'Bánh chuối nướng 83', 70000, 75, 'f', 'Giảm 5%', 'Khai vị', 3, 5),
(1093, '/food/ga1.jpg', 'Bánh chuối nướng, chan nước cốt dừa.', 'Bánh chuối nướng 84', 65000, 30, 't', 'Giảm 10%', 'Khai vị', 3, 5),
(1094, '/food/ga1.jpg', 'Bánh chuối nướng, chan nước cốt dừa.', 'Bánh chuối nướng 85', 90000, 25, 't', 'Giảm 10%', 'Khai vị', 3, 5),
(1095, '/food/ga1.jpg', 'Bánh chuối nướng, chan nước cốt dừa.', 'Bánh chuối nướng 86', 50000, 20, 't', 'Giảm 10%', 'Khai vị', 3, 5),
(1096, '/food/ga1.jpg', 'Bánh chuối nướng, chan nước cốt dừa.', 'Bánh chuối nướng 87', 25000, 35, 't', 'Giảm 20%', 'Món chính', 3, 5),
(1097, '/food/ga1.jpg', 'Bánh chuối nướng, chan nước cốt dừa.', 'Bánh chuối nướng 88', 25000, 40, 'f', 'Giảm 15%', 'Món chính', 3, 5),
(1098, '/food/ga1.jpg', 'Bánh chuối nướng, chan nước cốt dừa.', 'Bánh chuối nướng 89', 60000, 75, 'f', 'Giảm 15%', 'Món chính', 3, 5),
(1099, '/food/ga1.jpg', 'Bánh chuối nướng, chan nước cốt dừa.', 'Bánh chuối nướng 90', 75000, 40, 't', 'Giảm 5%', 'Tráng miệng', 3, 5),
(1100, '/food/ga1.jpg', 'Bánh chuối nướng, chan nước cốt dừa.', 'Bánh chuối nướng 91', 55000, 45, 't', 'Giảm 10%', 'Khai vị', 3, 5),
(1101, '/food/ga1.jpg', 'Bánh chuối nướng, chan nước cốt dừa.', 'Bánh chuối nướng 92', 45000, 70, 't', 'Giảm 10%', 'Món chính', 3, 5),
(1102, '/food/ga1.jpg', 'Bánh chuối nướng, chan nước cốt dừa.', 'Bánh chuối nướng 93', 85000, 70, 'f', 'Giảm 10%', 'Tráng miệng', 3, 5),
(1103, '/food/ga1.jpg', 'Bánh chuối nướng, chan nước cốt dừa.', 'Bánh chuối nướng 94', 55000, 75, 't', 'Giảm 5%', 'Khai vị', 3, 5),
(1104, '/food/ga1.jpg', 'Bánh chuối nướng, chan nước cốt dừa.', 'Bánh chuối nướng 95', 20000, 55, 't', 'Giảm 20%', 'Món chính', 3, 5),
(1105, '/food/ga1.jpg', 'Bánh chuối nướng, chan nước cốt dừa.', 'Bánh chuối nướng 96', 40000, 25, 't', 'Giảm 10%', 'Món chính', 3, 5),
(1106, '/food/ga1.jpg', 'Bánh chuối nướng, chan nước cốt dừa.', 'Bánh chuối nướng 97', 45000, 60, 't', 'Giảm 10%', 'Khai vị', 3, 5),
(1107, '/food/ga1.jpg', 'Bánh chuối nướng, chan nước cốt dừa.', 'Bánh chuối nướng 98', 25000, 30, 'f', 'Giảm 15%', 'Món chính', 3, 5),
(1108, '/food/ga1.jpg', 'Bánh chuối nướng, chan nước cốt dừa.', 'Bánh chuối nướng 99', 90000, 40, 't', 'Giảm 10%', 'Khai vị', 3, 5),
(1109, '/food/lau1.jpg', 'Cơm tấm sườn bì chả, nước mắm pha đậm đà.', 'Cơm tấm 01', 90000, 45, 'f', 'Giảm 10%', 'Tráng miệng', 3, 11),
(1110, '/food/lau1.jpg', 'Cơm tấm sườn bì chả, nước mắm pha đậm đà.', 'Cơm tấm 02', 75000, 35, 't', 'Giảm 10%', 'Khai vị', 3, 11),
(1111, '/food/lau1.jpg', 'Cơm tấm sườn bì chả, nước mắm pha đậm đà.', 'Cơm tấm 03', 55000, 35, 't', 'Giảm 10%', 'Khai vị', 3, 11),
(1112, '/food/lau1.jpg', 'Cơm tấm sườn bì chả, nước mắm pha đậm đà.', 'Cơm tấm 04', 70000, 35, 'f', 'Giảm 15%', 'Món chính', 3, 11),
(1113, '/food/lau1.jpg', 'Cơm tấm sườn bì chả, nước mắm pha đậm đà.', 'Cơm tấm 05', 50000, 40, 'f', 'Giảm 10%', 'Tráng miệng', 3, 11),
(1114, '/food/lau1.jpg', 'Cơm tấm sườn bì chả, nước mắm pha đậm đà.', 'Cơm tấm 06', 75000, 25, 'f', 'Giảm 15%', 'Tráng miệng', 3, 11),
(1115, '/food/lau1.jpg', 'Cơm tấm sườn bì chả, nước mắm pha đậm đà.', 'Cơm tấm 07', 40000, 55, 'f', 'Giảm 10%', 'Khai vị', 3, 11),
(1116, '/food/lau1.jpg', 'Cơm tấm sườn bì chả, nước mắm pha đậm đà.', 'Cơm tấm 08', 55000, 65, 't', 'Giảm 10%', 'Món chính', 3, 11),
(1117, '/food/lau1.jpg', 'Cơm tấm sườn bì chả, nước mắm pha đậm đà.', 'Cơm tấm 09', 80000, 70, 't', 'Giảm 10%', 'Món chính', 3, 11),
(1118, '/food/lau1.jpg', 'Cơm tấm sườn bì chả, nước mắm pha đậm đà.', 'Cơm tấm 10', 30000, 35, 'f', 'Giảm 15%', 'Món chính', 3, 11),
(1119, '/food/lau1.jpg', 'Cơm tấm sườn bì chả, nước mắm pha đậm đà.', 'Cơm tấm 11', 75000, 45, 't', 'Giảm 15%', 'Món chính', 3, 11),
(1120, '/food/lau1.jpg', 'Cơm tấm sườn bì chả, nước mắm pha đậm đà.', 'Cơm tấm 12', 35000, 50, 't', 'Giảm 10%', 'Món chính', 3, 11),
(1121, '/food/lau1.jpg', 'Cơm tấm sườn bì chả, nước mắm pha đậm đà.', 'Cơm tấm 13', 80000, 65, 't', 'Giảm 10%', 'Món chính', 3, 11),
(1122, '/food/lau1.jpg', 'Cơm tấm sườn bì chả, nước mắm pha đậm đà.', 'Cơm tấm 14', 50000, 25, 'f', 'Giảm 5%', 'Khai vị', 3, 11),
(1123, '/food/lau1.jpg', 'Cơm tấm sườn bì chả, nước mắm pha đậm đà.', 'Cơm tấm 15', 25000, 55, 'f', 'Giảm 15%', 'Món chính', 3, 11),
(1124, '/food/lau1.jpg', 'Cơm tấm sườn bì chả, nước mắm pha đậm đà.', 'Cơm tấm 16', 95000, 25, 't', 'Giảm 10%', 'Món chính', 3, 11),
(1125, '/food/lau1.jpg', 'Cơm tấm sườn bì chả, nước mắm pha đậm đà.', 'Cơm tấm 17', 65000, 55, 'f', 'Giảm 5%', 'Khai vị', 3, 11),
(1126, '/food/lau1.jpg', 'Cơm tấm sườn bì chả, nước mắm pha đậm đà.', 'Cơm tấm 18', 55000, 30, 't', 'Giảm 10%', 'Món chính', 3, 11),
(1127, '/food/lau1.jpg', 'Cơm tấm sườn bì chả, nước mắm pha đậm đà.', 'Cơm tấm 19', 30000, 40, 'f', 'Giảm 15%', 'Món chính', 3, 11),
(1128, '/food/lau1.jpg', 'Cơm tấm sườn bì chả, nước mắm pha đậm đà.', 'Cơm tấm 20', 30000, 75, 'f', 'Giảm 15%', 'Món chính', 3, 11),
(1129, '/food/lau1.jpg', 'Cơm tấm sườn bì chả, nước mắm pha đậm đà.', 'Cơm tấm 21', 70000, 65, 't', 'Giảm 10%', 'Khai vị', 3, 11),
(1130, '/food/lau1.jpg', 'Cơm tấm sườn bì chả, nước mắm pha đậm đà.', 'Cơm tấm 22', 90000, 40, 'f', 'Giảm 10%', 'Tráng miệng', 3, 11),
(1131, '/food/lau1.jpg', 'Cơm tấm sườn bì chả, nước mắm pha đậm đà.', 'Cơm tấm 23', 35000, 65, 't', 'Giảm 10%', 'Món chính', 3, 11),
(1132, '/food/lau1.jpg', 'Cơm tấm sườn bì chả, nước mắm pha đậm đà.', 'Cơm tấm 24', 20000, 45, 'f', 'Giảm 15%', 'Món chính', 3, 11),
(1133, '/food/lau1.jpg', 'Cơm tấm sườn bì chả, nước mắm pha đậm đà.', 'Cơm tấm 25', 25000, 75, 't', 'Giảm 10%', 'Món chính', 3, 11),
(1134, '/food/lau1.jpg', 'Cơm tấm sườn bì chả, nước mắm pha đậm đà.', 'Cơm tấm 26', 95000, 50, 't', 'Giảm 10%', 'Khai vị', 3, 11),
(1135, '/food/lau1.jpg', 'Cơm tấm sườn bì chả, nước mắm pha đậm đà.', 'Cơm tấm 27', 50000, 40, 't', 'Giảm 25%', 'Món chính', 3, 11),
(1136, '/food/lau1.jpg', 'Cơm tấm sườn bì chả, nước mắm pha đậm đà.', 'Cơm tấm 28', 90000, 50, 'f', 'Giảm 5%', 'Khai vị', 3, 11),
(1137, '/food/lau1.jpg', 'Cơm tấm sườn bì chả, nước mắm pha đậm đà.', 'Cơm tấm 29', 90000, 65, 'f', 'Giảm 10%', 'Tráng miệng', 3, 11),
(1138, '/food/lau1.jpg', 'Cơm tấm sườn bì chả, nước mắm pha đậm đà.', 'Cơm tấm 30', 95000, 30, 't', 'Giảm 10%', 'Món chính', 3, 11),
(1139, '/food/lau1.jpg', 'Cơm tấm sườn bì chả, nước mắm pha đậm đà.', 'Cơm tấm 31', 50000, 35, 't', 'Giảm 10%', 'Món chính', 3, 11),
(1140, '/food/lau1.jpg', 'Cơm tấm sườn bì chả, nước mắm pha đậm đà.', 'Cơm tấm 32', 25000, 50, 't', 'Giảm 10%', 'Khai vị', 3, 11),
(1141, '/food/lau1.jpg', 'Cơm tấm sườn bì chả, nước mắm pha đậm đà.', 'Cơm tấm 33', 80000, 70, 't', 'Giảm 10%', 'Món chính', 3, 11),
(1142, '/food/lau1.jpg', 'Cơm tấm sườn bì chả, nước mắm pha đậm đà.', 'Cơm tấm 34', 95000, 20, 't', 'Giảm 10%', 'Khai vị', 3, 11),
(1143, '/food/lau1.jpg', 'Cơm tấm sườn bì chả, nước mắm pha đậm đà.', 'Cơm tấm 35', 90000, 20, 't', 'Giảm 10%', 'Khai vị', 3, 11),
(1144, '/food/lau1.jpg', 'Cơm tấm sườn bì chả, nước mắm pha đậm đà.', 'Cơm tấm 36', 95000, 45, 'f', 'Giảm 15%', 'Món chính', 3, 11),
(1145, '/food/lau1.jpg', 'Cơm tấm sườn bì chả, nước mắm pha đậm đà.', 'Cơm tấm 37', 95000, 75, 't', 'Giảm 20%', 'Món chính', 3, 11),
(1146, '/food/lau1.jpg', 'Cơm tấm sườn bì chả, nước mắm pha đậm đà.', 'Cơm tấm 38', 55000, 60, 't', 'Giảm 10%', 'Khai vị', 3, 11),
(1147, '/food/lau1.jpg', 'Cơm tấm sườn bì chả, nước mắm pha đậm đà.', 'Cơm tấm 39', 65000, 60, 't', 'Giảm 10%', 'Khai vị', 3, 11),
(1148, '/food/lau1.jpg', 'Cơm tấm sườn bì chả, nước mắm pha đậm đà.', 'Cơm tấm 40', 85000, 50, 'f', 'Giảm 15%', 'Món chính', 3, 11),
(1149, '/food/lau1.jpg', 'Cơm tấm sườn bì chả, nước mắm pha đậm đà.', 'Cơm tấm 41', 45000, 30, 'f', 'Giảm 15%', 'Tráng miệng', 3, 11),
(1150, '/food/lau1.jpg', 'Cơm tấm sườn bì chả, nước mắm pha đậm đà.', 'Cơm tấm 42', 20000, 30, 'f', 'Giảm 15%', 'Tráng miệng', 3, 11),
(1151, '/food/lau1.jpg', 'Cơm tấm sườn bì chả, nước mắm pha đậm đà.', 'Cơm tấm 43', 95000, 35, 't', 'Giảm 10%', 'Món chính', 3, 11),
(1152, '/food/lau1.jpg', 'Cơm tấm sườn bì chả, nước mắm pha đậm đà.', 'Cơm tấm 44', 90000, 45, 't', 'Giảm 5%', 'Tráng miệng', 3, 11),
(1153, '/food/lau1.jpg', 'Cơm tấm sườn bì chả, nước mắm pha đậm đà.', 'Cơm tấm 45', 25000, 25, 'f', 'Giảm 15%', 'Món chính', 3, 11),
(1154, '/food/lau1.jpg', 'Cơm tấm sườn bì chả, nước mắm pha đậm đà.', 'Cơm tấm 46', 50000, 50, 'f', 'Giảm 15%', 'Tráng miệng', 3, 11),
(1155, '/food/lau1.jpg', 'Cơm tấm sườn bì chả, nước mắm pha đậm đà.', 'Cơm tấm 47', 95000, 25, 't', 'Giảm 15%', 'Món chính', 3, 11),
(1156, '/food/lau1.jpg', 'Cơm tấm sườn bì chả, nước mắm pha đậm đà.', 'Cơm tấm 48', 20000, 40, 't', 'Giảm 10%', 'Món chính', 3, 11),
(1157, '/food/lau1.jpg', 'Cơm tấm sườn bì chả, nước mắm pha đậm đà.', 'Cơm tấm 49', 25000, 45, 't', 'Giảm 10%', 'Khai vị', 3, 11),
(1158, '/food/lau1.jpg', 'Cơm tấm sườn bì chả, nước mắm pha đậm đà.', 'Cơm tấm 50', 35000, 40, 't', 'Giảm 10%', 'Món chính', 3, 11),
(1159, '/food/lau1.jpg', 'Cơm tấm sườn bì chả, nước mắm pha đậm đà.', 'Cơm tấm 51', 25000, 25, 't', 'Giảm 10%', 'Khai vị', 3, 11),
(1160, '/food/lau1.jpg', 'Cơm tấm sườn bì chả, nước mắm pha đậm đà.', 'Cơm tấm 52', 75000, 45, 't', 'Giảm 15%', 'Món chính', 3, 11),
(1161, '/food/lau1.jpg', 'Cơm tấm sườn bì chả, nước mắm pha đậm đà.', 'Cơm tấm 53', 25000, 35, 't', 'Giảm 10%', 'Món chính', 3, 11),
(1162, '/food/lau1.jpg', 'Cơm tấm sườn bì chả, nước mắm pha đậm đà.', 'Cơm tấm 54', 45000, 25, 't', 'Giảm 5%', 'Khai vị', 3, 11),
(1163, '/food/lau1.jpg', 'Cơm tấm sườn bì chả, nước mắm pha đậm đà.', 'Cơm tấm 55', 40000, 45, 'f', 'Giảm 15%', 'Món chính', 3, 11),
(1164, '/food/lau1.jpg', 'Cơm tấm sườn bì chả, nước mắm pha đậm đà.', 'Cơm tấm 56', 90000, 70, 't', 'Giảm 10%', 'Món chính', 3, 11),
(1165, '/food/lau1.jpg', 'Cơm tấm sườn bì chả, nước mắm pha đậm đà.', 'Cơm tấm 57', 70000, 25, 'f', 'Giảm 15%', 'Món chính', 3, 11),
(1166, '/food/lau1.jpg', 'Cơm tấm sườn bì chả, nước mắm pha đậm đà.', 'Cơm tấm 58', 70000, 25, 't', 'Giảm 10%', 'Món chính', 3, 11),
(1167, '/food/lau1.jpg', 'Cơm tấm sườn bì chả, nước mắm pha đậm đà.', 'Cơm tấm 59', 50000, 30, 'f', 'Giảm 15%', 'Món chính', 3, 11),
(1168, '/food/lau1.jpg', 'Cơm tấm sườn bì chả, nước mắm pha đậm đà.', 'Cơm tấm 60', 90000, 65, 't', 'Giảm 5%', 'Tráng miệng', 3, 11),
(1169, '/food/lau1.jpg', 'Cơm tấm sườn bì chả, nước mắm pha đậm đà.', 'Cơm tấm 61', 80000, 40, 'f', 'Giảm 15%', 'Món chính', 3, 11),
(1170, '/food/lau1.jpg', 'Cơm tấm sườn bì chả, nước mắm pha đậm đà.', 'Cơm tấm 62', 50000, 50, 't', 'Giảm 10%', 'Món chính', 3, 11),
(1171, '/food/lau1.jpg', 'Cơm tấm sườn bì chả, nước mắm pha đậm đà.', 'Cơm tấm 63', 80000, 20, 'f', 'Giảm 15%', 'Món chính', 3, 11),
(1172, '/food/lau1.jpg', 'Cơm tấm sườn bì chả, nước mắm pha đậm đà.', 'Cơm tấm 64', 85000, 65, 'f', 'Giảm 15%', 'Món chính', 3, 11),
(1173, '/food/lau1.jpg', 'Cơm tấm sườn bì chả, nước mắm pha đậm đà.', 'Cơm tấm 65', 55000, 25, 'f', 'Giảm 5%', 'Khai vị', 3, 11),
(1174, '/food/lau1.jpg', 'Cơm tấm sườn bì chả, nước mắm pha đậm đà.', 'Cơm tấm 66', 50000, 65, 't', 'Giảm 10%', 'Khai vị', 3, 11),
(1175, '/food/lau1.jpg', 'Cơm tấm sườn bì chả, nước mắm pha đậm đà.', 'Cơm tấm 67', 30000, 25, 't', 'Giảm 10%', 'Món chính', 3, 11),
(1176, '/food/lau1.jpg', 'Cơm tấm sườn bì chả, nước mắm pha đậm đà.', 'Cơm tấm 68', 20000, 30, 't', 'Giảm 10%', 'Món chính', 3, 11),
(1177, '/food/lau1.jpg', 'Cơm tấm sườn bì chả, nước mắm pha đậm đà.', 'Cơm tấm 69', 55000, 20, 'f', 'Giảm 15%', 'Món chính', 3, 11),
(1178, '/food/lau1.jpg', 'Cơm tấm sườn bì chả, nước mắm pha đậm đà.', 'Cơm tấm 70', 30000, 75, 't', 'Giảm 15%', 'Món chính', 3, 11),
(1179, '/food/lau1.jpg', 'Cơm tấm sườn bì chả, nước mắm pha đậm đà.', 'Cơm tấm 71', 60000, 50, 't', 'Giảm 10%', 'Khai vị', 3, 11),
(1180, '/food/lau1.jpg', 'Cơm tấm sườn bì chả, nước mắm pha đậm đà.', 'Cơm tấm 72', 55000, 30, 't', 'Giảm 10%', 'Khai vị', 3, 11),
(1181, '/food/lau1.jpg', 'Cơm tấm sườn bì chả, nước mắm pha đậm đà.', 'Cơm tấm 73', 60000, 30, 't', 'Giảm 10%', 'Khai vị', 3, 11),
(1182, '/food/lau1.jpg', 'Cơm tấm sườn bì chả, nước mắm pha đậm đà.', 'Cơm tấm 74', 60000, 65, 'f', 'Giảm 15%', 'Món chính', 3, 11),
(1183, '/food/lau1.jpg', 'Cơm tấm sườn bì chả, nước mắm pha đậm đà.', 'Cơm tấm 75', 55000, 50, 'f', 'Giảm 15%', 'Món chính', 3, 11),
(1184, '/food/lau1.jpg', 'Cơm tấm sườn bì chả, nước mắm pha đậm đà.', 'Cơm tấm 76', 30000, 70, 't', 'Giảm 10%', 'Khai vị', 3, 11),
(1185, '/food/lau1.jpg', 'Cơm tấm sườn bì chả, nước mắm pha đậm đà.', 'Cơm tấm 77', 95000, 75, 'f', 'Giảm 5%', 'Khai vị', 3, 11),
(1186, '/food/lau1.jpg', 'Cơm tấm sườn bì chả, nước mắm pha đậm đà.', 'Cơm tấm 78', 65000, 35, 't', 'Giảm 15%', 'Món chính', 3, 11),
(1187, '/food/lau1.jpg', 'Cơm tấm sườn bì chả, nước mắm pha đậm đà.', 'Cơm tấm 79', 45000, 65, 't', 'Giảm 10%', 'Món chính', 3, 11),
(1188, '/food/lau1.jpg', 'Cơm tấm sườn bì chả, nước mắm pha đậm đà.', 'Cơm tấm 80', 70000, 50, 't', 'Giảm 5%', 'Tráng miệng', 3, 11),
(1189, '/food/lau1.jpg', 'Cơm tấm sườn bì chả, nước mắm pha đậm đà.', 'Cơm tấm 81', 70000, 75, 'f', 'Giảm 10%', 'Tráng miệng', 3, 11),
(1190, '/food/lau1.jpg', 'Cơm tấm sườn bì chả, nước mắm pha đậm đà.', 'Cơm tấm 82', 85000, 30, 'f', 'Giảm 10%', 'Tráng miệng', 3, 11),
(1191, '/food/lau1.jpg', 'Cơm tấm sườn bì chả, nước mắm pha đậm đà.', 'Cơm tấm 83', 30000, 45, 't', 'Giảm 5%', 'Tráng miệng', 3, 11),
(1192, '/food/lau1.jpg', 'Cơm tấm sườn bì chả, nước mắm pha đậm đà.', 'Cơm tấm 84', 25000, 45, 't', 'Giảm 10%', 'Khai vị', 3, 11),
(1193, '/food/lau1.jpg', 'Cơm tấm sườn bì chả, nước mắm pha đậm đà.', 'Cơm tấm 85', 95000, 45, 'f', 'Giảm 15%', 'Món chính', 3, 11),
(1194, '/food/lau1.jpg', 'Cơm tấm sườn bì chả, nước mắm pha đậm đà.', 'Cơm tấm 86', 20000, 45, 'f', 'Giảm 15%', 'Món chính', 3, 11),
(1195, '/food/lau1.jpg', 'Cơm tấm sườn bì chả, nước mắm pha đậm đà.', 'Cơm tấm 87', 90000, 40, 't', 'Giảm 10%', 'Khai vị', 3, 11),
(1196, '/food/lau1.jpg', 'Cơm tấm sườn bì chả, nước mắm pha đậm đà.', 'Cơm tấm 88', 70000, 45, 't', 'Giảm 15%', 'Món chính', 3, 11),
(1197, '/food/lau1.jpg', 'Cơm tấm sườn bì chả, nước mắm pha đậm đà.', 'Cơm tấm 89', 70000, 70, 'f', 'Giảm 15%', 'Món chính', 3, 11),
(1198, '/food/lau1.jpg', 'Cơm tấm sườn bì chả, nước mắm pha đậm đà.', 'Cơm tấm 90', 30000, 70, 't', 'Giảm 5%', 'Tráng miệng', 3, 11),
(1199, '/food/lau1.jpg', 'Cơm tấm sườn bì chả, nước mắm pha đậm đà.', 'Cơm tấm 91', 90000, 40, 't', 'Giảm 10%', 'Món chính', 3, 11),
(1200, '/food/lau1.jpg', 'Cơm tấm sườn bì chả, nước mắm pha đậm đà.', 'Cơm tấm 92', 50000, 55, 't', 'Giảm 10%', 'Món chính', 3, 11),
(1201, '/food/lau1.jpg', 'Cơm tấm sườn bì chả, nước mắm pha đậm đà.', 'Cơm tấm 93', 20000, 60, 'f', 'Giảm 15%', 'Tráng miệng', 3, 11),
(1202, '/food/lau1.jpg', 'Cơm tấm sườn bì chả, nước mắm pha đậm đà.', 'Cơm tấm 94', 65000, 55, 't', 'Giảm 10%', 'Món chính', 3, 11),
(1203, '/food/lau1.jpg', 'Cơm tấm sườn bì chả, nước mắm pha đậm đà.', 'Cơm tấm 95', 75000, 40, 't', 'Giảm 10%', 'Khai vị', 3, 11),
(1204, '/food/lau1.jpg', 'Cơm tấm sườn bì chả, nước mắm pha đậm đà.', 'Cơm tấm 96', 65000, 20, 't', 'Giảm 10%', 'Khai vị', 3, 11),
(1205, '/food/lau1.jpg', 'Cơm tấm sườn bì chả, nước mắm pha đậm đà.', 'Cơm tấm 97', 35000, 35, 't', 'Giảm 10%', 'Khai vị', 3, 11),
(1206, '/food/lau1.jpg', 'Cơm tấm sườn bì chả, nước mắm pha đậm đà.', 'Cơm tấm 98', 25000, 30, 't', 'Giảm 10%', 'Món chính', 3, 11),
(1207, '/food/lau1.jpg', 'Cơm tấm sườn bì chả, nước mắm pha đậm đà.', 'Cơm tấm 99', 25000, 75, 't', 'Giảm 10%', 'Khai vị', 3, 11),
(1208, '/food/ga1.jpg', 'Nem rán giòn rụm, nhân thịt băm và miến.', 'Nem rán 01', 25000, 60, 't', 'Giảm 5%', 'Khai vị', 3, 11),
(1209, '/food/ga1.jpg', 'Nem rán giòn rụm, nhân thịt băm và miến.', 'Nem rán 02', 45000, 50, 't', 'Giảm 20%', 'Món chính', 3, 11),
(1210, '/food/ga1.jpg', 'Nem rán giòn rụm, nhân thịt băm và miến.', 'Nem rán 03', 40000, 50, 't', 'Giảm 20%', 'Món chính', 3, 11),
(1211, '/food/ga1.jpg', 'Nem rán giòn rụm, nhân thịt băm và miến.', 'Nem rán 04', 20000, 55, 't', 'Giảm 5%', 'Tráng miệng', 3, 11),
(1212, '/food/ga1.jpg', 'Nem rán giòn rụm, nhân thịt băm và miến.', 'Nem rán 05', 30000, 35, 'f', 'Giảm 30%', 'Tráng miệng', 3, 11),
(1213, '/food/ga1.jpg', 'Nem rán giòn rụm, nhân thịt băm và miến.', 'Nem rán 06', 95000, 75, 't', 'Giảm 10%', 'Khai vị', 3, 11),
(1214, '/food/ga1.jpg', 'Nem rán giòn rụm, nhân thịt băm và miến.', 'Nem rán 07', 85000, 25, 'f', 'Giảm 5%', 'Khai vị', 3, 11),
(1215, '/food/ga1.jpg', 'Nem rán giòn rụm, nhân thịt băm và miến.', 'Nem rán 08', 35000, 40, 't', 'Giảm 10%', 'Khai vị', 3, 11),
(1216, '/food/ga1.jpg', 'Nem rán giòn rụm, nhân thịt băm và miến.', 'Nem rán 09', 95000, 70, 'f', 'Giảm 15%', 'Món chính', 3, 11),
(1217, '/food/ga1.jpg', 'Nem rán giòn rụm, nhân thịt băm và miến.', 'Nem rán 10', 55000, 20, 'f', 'Giảm 15%', 'Món chính', 3, 11),
(1218, '/food/ga1.jpg', 'Nem rán giòn rụm, nhân thịt băm và miến.', 'Nem rán 11', 80000, 35, 't', 'Giảm 10%', 'Món chính', 3, 11),
(1219, '/food/ga1.jpg', 'Nem rán giòn rụm, nhân thịt băm và miến.', 'Nem rán 12', 30000, 70, 'f', 'Giảm 5%', 'Khai vị', 3, 11),
(1220, '/food/ga1.jpg', 'Nem rán giòn rụm, nhân thịt băm và miến.', 'Nem rán 13', 50000, 75, 'f', 'Giảm 15%', 'Món chính', 3, 11),
(1221, '/food/ga1.jpg', 'Nem rán giòn rụm, nhân thịt băm và miến.', 'Nem rán 14', 60000, 20, 't', 'Giảm 5%', 'Tráng miệng', 3, 11),
(1222, '/food/ga1.jpg', 'Nem rán giòn rụm, nhân thịt băm và miến.', 'Nem rán 15', 45000, 50, 't', 'Giảm 10%', 'Khai vị', 3, 11),
(1223, '/food/ga1.jpg', 'Nem rán giòn rụm, nhân thịt băm và miến.', 'Nem rán 16', 70000, 50, 'f', 'Giảm 10%', 'Tráng miệng', 3, 11),
(1224, '/food/ga1.jpg', 'Nem rán giòn rụm, nhân thịt băm và miến.', 'Nem rán 17', 70000, 40, 't', 'Giảm 5%', 'Tráng miệng', 3, 11),
(1225, '/food/ga1.jpg', 'Nem rán giòn rụm, nhân thịt băm và miến.', 'Nem rán 18', 25000, 65, 't', 'Giảm 10%', 'Món chính', 3, 11),
(1226, '/food/ga1.jpg', 'Nem rán giòn rụm, nhân thịt băm và miến.', 'Nem rán 19', 25000, 40, 'f', 'Giảm 15%', 'Món chính', 3, 11),
(1227, '/food/ga1.jpg', 'Nem rán giòn rụm, nhân thịt băm và miến.', 'Nem rán 20', 55000, 35, 't', 'Giảm 10%', 'Khai vị', 3, 11),
(1228, '/food/ga1.jpg', 'Nem rán giòn rụm, nhân thịt băm và miến.', 'Nem rán 21', 40000, 25, 't', 'Giảm 10%', 'Khai vị', 3, 11),
(1229, '/food/ga1.jpg', 'Nem rán giòn rụm, nhân thịt băm và miến.', 'Nem rán 22', 40000, 40, 'f', 'Giảm 5%', 'Khai vị', 3, 11),
(1230, '/food/ga1.jpg', 'Nem rán giòn rụm, nhân thịt băm và miến.', 'Nem rán 23', 40000, 45, 'f', 'Giảm 10%', 'Tráng miệng', 3, 11),
(1231, '/food/ga1.jpg', 'Nem rán giòn rụm, nhân thịt băm và miến.', 'Nem rán 24', 45000, 50, 't', 'Giảm 15%', 'Món chính', 3, 11),
(1232, '/food/ga1.jpg', 'Nem rán giòn rụm, nhân thịt băm và miến.', 'Nem rán 25', 35000, 30, 't', 'Giảm 10%', 'Món chính', 3, 11),
(1233, '/food/ga1.jpg', 'Nem rán giòn rụm, nhân thịt băm và miến.', 'Nem rán 26', 90000, 20, 't', 'Giảm 5%', 'Tráng miệng', 3, 11),
(1234, '/food/ga1.jpg', 'Nem rán giòn rụm, nhân thịt băm và miến.', 'Nem rán 27', 50000, 55, 't', 'Giảm 15%', 'Món chính', 3, 11),
(1235, '/food/ga1.jpg', 'Nem rán giòn rụm, nhân thịt băm và miến.', 'Nem rán 28', 80000, 75, 't', 'Giảm 10%', 'Món chính', 3, 11),
(1236, '/food/ga1.jpg', 'Nem rán giòn rụm, nhân thịt băm và miến.', 'Nem rán 29', 85000, 60, 't', 'Giảm 5%', 'Tráng miệng', 3, 11),
(1237, '/food/ga1.jpg', 'Nem rán giòn rụm, nhân thịt băm và miến.', 'Nem rán 30', 25000, 45, 't', 'Giảm 5%', 'Tráng miệng', 3, 11),
(1238, '/food/ga1.jpg', 'Nem rán giòn rụm, nhân thịt băm và miến.', 'Nem rán 31', 90000, 60, 'f', 'Giảm 5%', 'Khai vị', 3, 11),
(1239, '/food/ga1.jpg', 'Nem rán giòn rụm, nhân thịt băm và miến.', 'Nem rán 32', 90000, 60, 'f', 'Giảm 15%', 'Món chính', 3, 11),
(1240, '/food/ga1.jpg', 'Nem rán giòn rụm, nhân thịt băm và miến.', 'Nem rán 33', 65000, 35, 't', 'Giảm 10%', 'Khai vị', 3, 11),
(1241, '/food/ga1.jpg', 'Nem rán giòn rụm, nhân thịt băm và miến.', 'Nem rán 34', 70000, 50, 't', 'Giảm 10%', 'Khai vị', 3, 11),
(1242, '/food/ga1.jpg', 'Nem rán giòn rụm, nhân thịt băm và miến.', 'Nem rán 35', 85000, 20, 't', 'Giảm 10%', 'Khai vị', 3, 11),
(1243, '/food/ga1.jpg', 'Nem rán giòn rụm, nhân thịt băm và miến.', 'Nem rán 36', 40000, 75, 't', 'Giảm 10%', 'Món chính', 3, 11),
(1244, '/food/ga1.jpg', 'Nem rán giòn rụm, nhân thịt băm và miến.', 'Nem rán 37', 55000, 60, 't', 'Giảm 10%', 'Món chính', 3, 11),
(1245, '/food/ga1.jpg', 'Nem rán giòn rụm, nhân thịt băm và miến.', 'Nem rán 38', 95000, 40, 't', 'Giảm 10%', 'Khai vị', 3, 11),
(1246, '/food/ga1.jpg', 'Nem rán giòn rụm, nhân thịt băm và miến.', 'Nem rán 39', 90000, 65, 't', 'Giảm 10%', 'Khai vị', 3, 11),
(1247, '/food/ga1.jpg', 'Nem rán giòn rụm, nhân thịt băm và miến.', 'Nem rán 40', 90000, 45, 't', 'Giảm 5%', 'Tráng miệng', 3, 11),
(1248, '/food/ga1.jpg', 'Nem rán giòn rụm, nhân thịt băm và miến.', 'Nem rán 41', 50000, 60, 't', 'Giảm 10%', 'Món chính', 3, 11),
(1249, '/food/ga1.jpg', 'Nem rán giòn rụm, nhân thịt băm và miến.', 'Nem rán 42', 65000, 25, 'f', 'Giảm 5%', 'Khai vị', 3, 11),
(1250, '/food/ga1.jpg', 'Nem rán giòn rụm, nhân thịt băm và miến.', 'Nem rán 43', 30000, 25, 't', 'Giảm 20%', 'Món chính', 3, 11),
(1251, '/food/ga1.jpg', 'Nem rán giòn rụm, nhân thịt băm và miến.', 'Nem rán 44', 65000, 45, 't', 'Giảm 5%', 'Tráng miệng', 3, 11),
(1252, '/food/ga1.jpg', 'Nem rán giòn rụm, nhân thịt băm và miến.', 'Nem rán 45', 70000, 65, 't', 'Giảm 10%', 'Khai vị', 3, 11),
(1253, '/food/ga1.jpg', 'Nem rán giòn rụm, nhân thịt băm và miến.', 'Nem rán 46', 60000, 25, 't', 'Giảm 10%', 'Khai vị', 3, 11),
(1254, '/food/ga1.jpg', 'Nem rán giòn rụm, nhân thịt băm và miến.', 'Nem rán 47', 30000, 65, 'f', 'Giảm 15%', 'Món chính', 3, 11),
(1255, '/food/ga1.jpg', 'Nem rán giòn rụm, nhân thịt băm và miến.', 'Nem rán 48', 50000, 55, 't', 'Giảm 5%', 'Tráng miệng', 3, 11),
(1256, '/food/ga1.jpg', 'Nem rán giòn rụm, nhân thịt băm và miến.', 'Nem rán 49', 25000, 60, 'f', 'Giảm 10%', 'Tráng miệng', 3, 11),
(1257, '/food/ga1.jpg', 'Nem rán giòn rụm, nhân thịt băm và miến.', 'Nem rán 50', 25000, 75, 't', 'Giảm 10%', 'Món chính', 3, 11),
(1258, '/food/ga1.jpg', 'Nem rán giòn rụm, nhân thịt băm và miến.', 'Nem rán 51', 90000, 25, 'f', 'Giảm 15%', 'Món chính', 3, 11),
(1259, '/food/ga1.jpg', 'Nem rán giòn rụm, nhân thịt băm và miến.', 'Nem rán 52', 35000, 60, 't', 'Giảm 10%', 'Khai vị', 3, 11),
(1260, '/food/ga1.jpg', 'Nem rán giòn rụm, nhân thịt băm và miến.', 'Nem rán 53', 80000, 75, 't', 'Giảm 10%', 'Khai vị', 3, 11),
(1261, '/food/ga1.jpg', 'Nem rán giòn rụm, nhân thịt băm và miến.', 'Nem rán 54', 65000, 55, 't', 'Giảm 5%', 'Tráng miệng', 3, 11),
(1262, '/food/ga1.jpg', 'Nem rán giòn rụm, nhân thịt băm và miến.', 'Nem rán 55', 50000, 30, 'f', 'Giảm 5%', 'Khai vị', 3, 11),
(1263, '/food/ga1.jpg', 'Nem rán giòn rụm, nhân thịt băm và miến.', 'Nem rán 56', 45000, 60, 'f', 'Giảm 15%', 'Tráng miệng', 3, 11),
(1264, '/food/ga1.jpg', 'Nem rán giòn rụm, nhân thịt băm và miến.', 'Nem rán 57', 85000, 40, 't', 'Giảm 10%', 'Khai vị', 3, 11),
(1265, '/food/ga1.jpg', 'Nem rán giòn rụm, nhân thịt băm và miến.', 'Nem rán 58', 50000, 35, 'f', 'Giảm 15%', 'Món chính', 3, 11),
(1266, '/food/ga1.jpg', 'Nem rán giòn rụm, nhân thịt băm và miến.', 'Nem rán 59', 95000, 30, 't', 'Giảm 5%', 'Khai vị', 3, 11),
(1267, '/food/ga1.jpg', 'Nem rán giòn rụm, nhân thịt băm và miến.', 'Nem rán 60', 45000, 70, 't', 'Giảm 10%', 'Món chính', 3, 11),
(1268, '/food/ga1.jpg', 'Nem rán giòn rụm, nhân thịt băm và miến.', 'Nem rán 61', 40000, 25, 't', 'Giảm 10%', 'Món chính', 3, 11),
(1269, '/food/ga1.jpg', 'Nem rán giòn rụm, nhân thịt băm và miến.', 'Nem rán 62', 85000, 20, 't', 'Giảm 10%', 'Món chính', 3, 11),
(1270, '/food/ga1.jpg', 'Nem rán giòn rụm, nhân thịt băm và miến.', 'Nem rán 63', 40000, 60, 'f', 'Giảm 15%', 'Món chính', 3, 11),
(1271, '/food/ga1.jpg', 'Nem rán giòn rụm, nhân thịt băm và miến.', 'Nem rán 64', 60000, 35, 'f', 'Giảm 15%', 'Món chính', 3, 11),
(1272, '/food/ga1.jpg', 'Nem rán giòn rụm, nhân thịt băm và miến.', 'Nem rán 65', 70000, 40, 't', 'Giảm 15%', 'Món chính', 3, 11),
(1273, '/food/ga1.jpg', 'Nem rán giòn rụm, nhân thịt băm và miến.', 'Nem rán 66', 70000, 75, 't', 'Giảm 5%', 'Tráng miệng', 3, 11),
(1274, '/food/ga1.jpg', 'Nem rán giòn rụm, nhân thịt băm và miến.', 'Nem rán 67', 50000, 60, 't', 'Giảm 10%', 'Món chính', 3, 11),
(1275, '/food/ga1.jpg', 'Nem rán giòn rụm, nhân thịt băm và miến.', 'Nem rán 68', 35000, 25, 't', 'Giảm 10%', 'Khai vị', 3, 11),
(1276, '/food/ga1.jpg', 'Nem rán giòn rụm, nhân thịt băm và miến.', 'Nem rán 69', 80000, 55, 'f', 'Giảm 15%', 'Món chính', 3, 11),
(1277, '/food/ga1.jpg', 'Nem rán giòn rụm, nhân thịt băm và miến.', 'Nem rán 70', 25000, 70, 't', 'Giảm 10%', 'Món chính', 3, 11),
(1278, '/food/ga1.jpg', 'Nem rán giòn rụm, nhân thịt băm và miến.', 'Nem rán 71', 40000, 50, 't', 'Giảm 5%', 'Tráng miệng', 3, 11),
(1279, '/food/ga1.jpg', 'Nem rán giòn rụm, nhân thịt băm và miến.', 'Nem rán 72', 35000, 45, 't', 'Giảm 25%', 'Món chính', 3, 11),
(1280, '/food/ga1.jpg', 'Nem rán giòn rụm, nhân thịt băm và miến.', 'Nem rán 73', 55000, 65, 't', 'Giảm 25%', 'Món chính', 3, 11),
(1281, '/food/ga1.jpg', 'Nem rán giòn rụm, nhân thịt băm và miến.', 'Nem rán 74', 80000, 20, 'f', 'Giảm 15%', 'Món chính', 3, 11),
(1282, '/food/ga1.jpg', 'Nem rán giòn rụm, nhân thịt băm và miến.', 'Nem rán 75', 90000, 25, 't', 'Giảm 5%', 'Tráng miệng', 3, 11),
(1283, '/food/ga1.jpg', 'Nem rán giòn rụm, nhân thịt băm và miến.', 'Nem rán 76', 50000, 25, 't', 'Giảm 10%', 'Món chính', 3, 11),
(1284, '/food/ga1.jpg', 'Nem rán giòn rụm, nhân thịt băm và miến.', 'Nem rán 77', 75000, 55, 'f', 'Giảm 10%', 'Tráng miệng', 3, 11),
(1285, '/food/ga1.jpg', 'Nem rán giòn rụm, nhân thịt băm và miến.', 'Nem rán 78', 90000, 30, 't', 'Giảm 5%', 'Tráng miệng', 3, 11),
(1286, '/food/ga1.jpg', 'Nem rán giòn rụm, nhân thịt băm và miến.', 'Nem rán 79', 55000, 45, 'f', 'Giảm 5%', 'Khai vị', 3, 11),
(1287, '/food/ga1.jpg', 'Nem rán giòn rụm, nhân thịt băm và miến.', 'Nem rán 80', 80000, 35, 't', 'Giảm 5%', 'Tráng miệng', 3, 11),
(1288, '/food/ga1.jpg', 'Nem rán giòn rụm, nhân thịt băm và miến.', 'Nem rán 81', 40000, 45, 't', 'Giảm 5%', 'Tráng miệng', 3, 11),
(1289, '/food/ga1.jpg', 'Nem rán giòn rụm, nhân thịt băm và miến.', 'Nem rán 82', 65000, 65, 't', 'Giảm 5%', 'Tráng miệng', 3, 11),
(1290, '/food/ga1.jpg', 'Nem rán giòn rụm, nhân thịt băm và miến.', 'Nem rán 83', 50000, 20, 'f', 'Giảm 5%', 'Khai vị', 3, 11),
(1291, '/food/ga1.jpg', 'Nem rán giòn rụm, nhân thịt băm và miến.', 'Nem rán 84', 60000, 20, 't', 'Giảm 10%', 'Khai vị', 3, 11),
(1292, '/food/ga1.jpg', 'Nem rán giòn rụm, nhân thịt băm và miến.', 'Nem rán 85', 50000, 25, 't', 'Giảm 10%', 'Món chính', 3, 11),
(1293, '/food/ga1.jpg', 'Nem rán giòn rụm, nhân thịt băm và miến.', 'Nem rán 86', 35000, 40, 't', 'Giảm 15%', 'Món chính', 3, 11),
(1294, '/food/ga1.jpg', 'Nem rán giòn rụm, nhân thịt băm và miến.', 'Nem rán 87', 70000, 50, 't', 'Giảm 10%', 'Khai vị', 3, 11),
(1295, '/food/ga1.jpg', 'Nem rán giòn rụm, nhân thịt băm và miến.', 'Nem rán 88', 30000, 20, 'f', 'Giảm 10%', 'Tráng miệng', 3, 11),
(1296, '/food/ga1.jpg', 'Nem rán giòn rụm, nhân thịt băm và miến.', 'Nem rán 89', 55000, 75, 'f', 'Giảm 15%', 'Món chính', 3, 11),
(1297, '/food/ga1.jpg', 'Nem rán giòn rụm, nhân thịt băm và miến.', 'Nem rán 90', 60000, 35, 't', 'Giảm 15%', 'Món chính', 3, 11),
(1298, '/food/ga1.jpg', 'Nem rán giòn rụm, nhân thịt băm và miến.', 'Nem rán 91', 65000, 45, 't', 'Giảm 5%', 'Tráng miệng', 3, 11),
(1299, '/food/ga1.jpg', 'Nem rán giòn rụm, nhân thịt băm và miến.', 'Nem rán 92', 80000, 65, 'f', 'Giảm 15%', 'Món chính', 3, 11),
(1300, '/food/ga1.jpg', 'Nem rán giòn rụm, nhân thịt băm và miến.', 'Nem rán 93', 70000, 35, 'f', 'Giảm 15%', 'Tráng miệng', 3, 11),
(1301, '/food/ga1.jpg', 'Nem rán giòn rụm, nhân thịt băm và miến.', 'Nem rán 94', 50000, 50, 't', 'Giảm 10%', 'Món chính', 3, 11),
(1302, '/food/ga1.jpg', 'Nem rán giòn rụm, nhân thịt băm và miến.', 'Nem rán 95', 30000, 50, 't', 'Giảm 10%', 'Món chính', 3, 11),
(1303, '/food/ga1.jpg', 'Nem rán giòn rụm, nhân thịt băm và miến.', 'Nem rán 96', 75000, 75, 't', 'Giảm 10%', 'Khai vị', 3, 11),
(1304, '/food/ga1.jpg', 'Nem rán giòn rụm, nhân thịt băm và miến.', 'Nem rán 97', 30000, 50, 't', 'Giảm 10%', 'Món chính', 3, 11),
(1305, '/food/ga1.jpg', 'Nem rán giòn rụm, nhân thịt băm và miến.', 'Nem rán 98', 80000, 30, 'f', 'Giảm 10%', 'Tráng miệng', 3, 11),
(1306, '/food/ga1.jpg', 'Nem rán giòn rụm, nhân thịt băm và miến.', 'Nem rán 99', 20000, 25, 'f', 'Giảm 10%', 'Tráng miệng', 3, 11),
(1307, '/food/lau1.jpg', 'Rau câu dừa mát lạnh, thích hợp tráng miệng.', 'Rau câu dừa 01', 55000, 55, 't', 'Giảm 10%', 'Khai vị', 2, 7),
(1308, '/food/lau1.jpg', 'Rau câu dừa mát lạnh, thích hợp tráng miệng.', 'Rau câu dừa 02', 60000, 45, 'f', 'Giảm 10%', 'Tráng miệng', 2, 7),
(1309, '/food/lau1.jpg', 'Rau câu dừa mát lạnh, thích hợp tráng miệng.', 'Rau câu dừa 03', 45000, 65, 'f', 'Giảm 15%', 'Món chính', 2, 7),
(1310, '/food/lau1.jpg', 'Rau câu dừa mát lạnh, thích hợp tráng miệng.', 'Rau câu dừa 04', 85000, 65, 't', 'Giảm 10%', 'Món chính', 2, 7),
(1311, '/food/lau1.jpg', 'Rau câu dừa mát lạnh, thích hợp tráng miệng.', 'Rau câu dừa 05', 30000, 50, 't', 'Giảm 15%', 'Món chính', 2, 7),
(1312, '/food/lau1.jpg', 'Rau câu dừa mát lạnh, thích hợp tráng miệng.', 'Rau câu dừa 06', 35000, 25, 't', 'Giảm 5%', 'Tráng miệng', 2, 7),
(1313, '/food/lau1.jpg', 'Rau câu dừa mát lạnh, thích hợp tráng miệng.', 'Rau câu dừa 07', 95000, 60, 'f', 'Giảm 15%', 'Món chính', 2, 7),
(1314, '/food/lau1.jpg', 'Rau câu dừa mát lạnh, thích hợp tráng miệng.', 'Rau câu dừa 08', 65000, 35, 't', 'Giảm 10%', 'Khai vị', 2, 7),
(1315, '/food/lau1.jpg', 'Rau câu dừa mát lạnh, thích hợp tráng miệng.', 'Rau câu dừa 09', 90000, 40, 'f', 'Giảm 5%', 'Khai vị', 2, 7),
(1316, '/food/lau1.jpg', 'Rau câu dừa mát lạnh, thích hợp tráng miệng.', 'Rau câu dừa 10', 45000, 40, 't', 'Giảm 10%', 'Khai vị', 2, 7),
(1317, '/food/lau1.jpg', 'Rau câu dừa mát lạnh, thích hợp tráng miệng.', 'Rau câu dừa 11', 50000, 45, 'f', 'Giảm 10%', 'Tráng miệng', 2, 7),
(1318, '/food/lau1.jpg', 'Rau câu dừa mát lạnh, thích hợp tráng miệng.', 'Rau câu dừa 12', 70000, 65, 't', 'Giảm 10%', 'Món chính', 2, 7),
(1319, '/food/lau1.jpg', 'Rau câu dừa mát lạnh, thích hợp tráng miệng.', 'Rau câu dừa 13', 95000, 40, 'f', 'Giảm 10%', 'Tráng miệng', 2, 7),
(1320, '/food/lau1.jpg', 'Rau câu dừa mát lạnh, thích hợp tráng miệng.', 'Rau câu dừa 14', 95000, 75, 't', 'Giảm 10%', 'Khai vị', 2, 7),
(1321, '/food/lau1.jpg', 'Rau câu dừa mát lạnh, thích hợp tráng miệng.', 'Rau câu dừa 15', 80000, 45, 't', 'Giảm 10%', 'Món chính', 2, 7),
(1322, '/food/lau1.jpg', 'Rau câu dừa mát lạnh, thích hợp tráng miệng.', 'Rau câu dừa 16', 85000, 70, 't', 'Giảm 15%', 'Món chính', 2, 7),
(1323, '/food/lau1.jpg', 'Rau câu dừa mát lạnh, thích hợp tráng miệng.', 'Rau câu dừa 17', 25000, 60, 'f', 'Giảm 15%', 'Món chính', 2, 7),
(1324, '/food/lau1.jpg', 'Rau câu dừa mát lạnh, thích hợp tráng miệng.', 'Rau câu dừa 18', 45000, 35, 't', 'Giảm 10%', 'Khai vị', 2, 7),
(1325, '/food/lau1.jpg', 'Rau câu dừa mát lạnh, thích hợp tráng miệng.', 'Rau câu dừa 19', 30000, 65, 't', 'Giảm 10%', 'Món chính', 2, 7),
(1326, '/food/lau1.jpg', 'Rau câu dừa mát lạnh, thích hợp tráng miệng.', 'Rau câu dừa 20', 45000, 70, 't', 'Giảm 10%', 'Món chính', 2, 7),
(1327, '/food/lau1.jpg', 'Rau câu dừa mát lạnh, thích hợp tráng miệng.', 'Rau câu dừa 21', 80000, 60, 'f', 'Giảm 15%', 'Món chính', 2, 7),
(1328, '/food/lau1.jpg', 'Rau câu dừa mát lạnh, thích hợp tráng miệng.', 'Rau câu dừa 22', 90000, 40, 'f', 'Giảm 15%', 'Tráng miệng', 2, 7),
(1329, '/food/lau1.jpg', 'Rau câu dừa mát lạnh, thích hợp tráng miệng.', 'Rau câu dừa 23', 65000, 25, 't', 'Giảm 15%', 'Món chính', 2, 7),
(1330, '/food/lau1.jpg', 'Rau câu dừa mát lạnh, thích hợp tráng miệng.', 'Rau câu dừa 24', 45000, 35, 't', 'Giảm 5%', 'Tráng miệng', 2, 7),
(1331, '/food/lau1.jpg', 'Rau câu dừa mát lạnh, thích hợp tráng miệng.', 'Rau câu dừa 25', 55000, 25, 'f', 'Giảm 10%', 'Tráng miệng', 2, 7),
(1332, '/food/lau1.jpg', 'Rau câu dừa mát lạnh, thích hợp tráng miệng.', 'Rau câu dừa 26', 70000, 25, 't', 'Giảm 10%', 'Món chính', 2, 7),
(1333, '/food/lau1.jpg', 'Rau câu dừa mát lạnh, thích hợp tráng miệng.', 'Rau câu dừa 27', 25000, 35, 'f', 'Giảm 10%', 'Tráng miệng', 2, 7),
(1334, '/food/lau1.jpg', 'Rau câu dừa mát lạnh, thích hợp tráng miệng.', 'Rau câu dừa 28', 80000, 45, 't', 'Giảm 15%', 'Món chính', 2, 7),
(1335, '/food/lau1.jpg', 'Rau câu dừa mát lạnh, thích hợp tráng miệng.', 'Rau câu dừa 29', 75000, 45, 'f', 'Giảm 15%', 'Món chính', 2, 7),
(1336, '/food/lau1.jpg', 'Rau câu dừa mát lạnh, thích hợp tráng miệng.', 'Rau câu dừa 30', 90000, 50, 't', 'Giảm 5%', 'Tráng miệng', 2, 7),
(1337, '/food/lau1.jpg', 'Rau câu dừa mát lạnh, thích hợp tráng miệng.', 'Rau câu dừa 31', 60000, 35, 't', 'Giảm 10%', 'Khai vị', 2, 7),
(1338, '/food/lau1.jpg', 'Rau câu dừa mát lạnh, thích hợp tráng miệng.', 'Rau câu dừa 32', 95000, 70, 't', 'Giảm 10%', 'Khai vị', 2, 7),
(1339, '/food/lau1.jpg', 'Rau câu dừa mát lạnh, thích hợp tráng miệng.', 'Rau câu dừa 33', 45000, 45, 'f', 'Giảm 15%', 'Món chính', 2, 7),
(1340, '/food/lau1.jpg', 'Rau câu dừa mát lạnh, thích hợp tráng miệng.', 'Rau câu dừa 34', 40000, 25, 't', 'Giảm 10%', 'Khai vị', 2, 7),
(1341, '/food/lau1.jpg', 'Rau câu dừa mát lạnh, thích hợp tráng miệng.', 'Rau câu dừa 35', 65000, 65, 'f', 'Giảm 10%', 'Khai vị', 2, 7),
(1342, '/food/lau1.jpg', 'Rau câu dừa mát lạnh, thích hợp tráng miệng.', 'Rau câu dừa 36', 40000, 35, 'f', 'Giảm 10%', 'Tráng miệng', 2, 7),
(1343, '/food/lau1.jpg', 'Rau câu dừa mát lạnh, thích hợp tráng miệng.', 'Rau câu dừa 37', 50000, 35, 't', 'Giảm 10%', 'Món chính', 2, 7),
(1344, '/food/lau1.jpg', 'Rau câu dừa mát lạnh, thích hợp tráng miệng.', 'Rau câu dừa 38', 40000, 45, 't', 'Giảm 10%', 'Khai vị', 2, 7),
(1345, '/food/lau1.jpg', 'Rau câu dừa mát lạnh, thích hợp tráng miệng.', 'Rau câu dừa 39', 40000, 75, 't', 'Giảm 5%', 'Tráng miệng', 2, 7),
(1346, '/food/lau1.jpg', 'Rau câu dừa mát lạnh, thích hợp tráng miệng.', 'Rau câu dừa 40', 25000, 45, 't', 'Giảm 5%', 'Tráng miệng', 2, 7),
(1347, '/food/lau1.jpg', 'Rau câu dừa mát lạnh, thích hợp tráng miệng.', 'Rau câu dừa 41', 20000, 50, 't', 'Giảm 10%', 'Món chính', 2, 7),
(1348, '/food/lau1.jpg', 'Rau câu dừa mát lạnh, thích hợp tráng miệng.', 'Rau câu dừa 42', 40000, 70, 'f', 'Giảm 15%', 'Tráng miệng', 2, 7),
(1349, '/food/lau1.jpg', 'Rau câu dừa mát lạnh, thích hợp tráng miệng.', 'Rau câu dừa 43', 55000, 70, 't', 'Giảm 10%', 'Món chính', 2, 7),
(1350, '/food/lau1.jpg', 'Rau câu dừa mát lạnh, thích hợp tráng miệng.', 'Rau câu dừa 44', 60000, 25, 't', 'Giảm 10%', 'Khai vị', 2, 7),
(1351, '/food/lau1.jpg', 'Rau câu dừa mát lạnh, thích hợp tráng miệng.', 'Rau câu dừa 45', 85000, 70, 'f', 'Giảm 15%', 'Món chính', 2, 7),
(1352, '/food/lau1.jpg', 'Rau câu dừa mát lạnh, thích hợp tráng miệng.', 'Rau câu dừa 46', 55000, 75, 'f', 'Giảm 10%', 'Tráng miệng', 2, 7),
(1353, '/food/lau1.jpg', 'Rau câu dừa mát lạnh, thích hợp tráng miệng.', 'Rau câu dừa 47', 45000, 70, 'f', 'Giảm 10%', 'Tráng miệng', 2, 7),
(1354, '/food/lau1.jpg', 'Rau câu dừa mát lạnh, thích hợp tráng miệng.', 'Rau câu dừa 48', 30000, 60, 'f', 'Giảm 15%', 'Món chính', 2, 7),
(1355, '/food/lau1.jpg', 'Rau câu dừa mát lạnh, thích hợp tráng miệng.', 'Rau câu dừa 49', 55000, 75, 't', 'Giảm 10%', 'Khai vị', 2, 7),
(1356, '/food/lau1.jpg', 'Rau câu dừa mát lạnh, thích hợp tráng miệng.', 'Rau câu dừa 50', 20000, 45, 'f', 'Giảm 10%', 'Tráng miệng', 2, 7),
(1357, '/food/lau1.jpg', 'Rau câu dừa mát lạnh, thích hợp tráng miệng.', 'Rau câu dừa 51', 25000, 40, 'f', 'Giảm 15%', 'Tráng miệng', 2, 7),
(1358, '/food/lau1.jpg', 'Rau câu dừa mát lạnh, thích hợp tráng miệng.', 'Rau câu dừa 52', 75000, 60, 't', 'Giảm 5%', 'Tráng miệng', 2, 7),
(1359, '/food/lau1.jpg', 'Rau câu dừa mát lạnh, thích hợp tráng miệng.', 'Rau câu dừa 53', 60000, 75, 'f', 'Giảm 5%', 'Khai vị', 2, 7),
(1360, '/food/lau1.jpg', 'Rau câu dừa mát lạnh, thích hợp tráng miệng.', 'Rau câu dừa 54', 25000, 70, 'f', 'Giảm 15%', 'Tráng miệng', 2, 7),
(1361, '/food/lau1.jpg', 'Rau câu dừa mát lạnh, thích hợp tráng miệng.', 'Rau câu dừa 55', 85000, 75, 't', 'Giảm 10%', 'Món chính', 2, 7),
(1362, '/food/lau1.jpg', 'Rau câu dừa mát lạnh, thích hợp tráng miệng.', 'Rau câu dừa 56', 35000, 55, 't', 'Giảm 10%', 'Món chính', 2, 7),
(1363, '/food/lau1.jpg', 'Rau câu dừa mát lạnh, thích hợp tráng miệng.', 'Rau câu dừa 57', 80000, 35, 'f', 'Giảm 15%', 'Món chính', 2, 7),
(1364, '/food/lau1.jpg', 'Rau câu dừa mát lạnh, thích hợp tráng miệng.', 'Rau câu dừa 58', 40000, 30, 't', 'Giảm 10%', 'Khai vị', 2, 7),
(1365, '/food/lau1.jpg', 'Rau câu dừa mát lạnh, thích hợp tráng miệng.', 'Rau câu dừa 59', 70000, 40, 't', 'Giảm 10%', 'Món chính', 2, 7),
(1366, '/food/lau1.jpg', 'Rau câu dừa mát lạnh, thích hợp tráng miệng.', 'Rau câu dừa 60', 45000, 40, 't', 'Giảm 25%', 'Món chính', 2, 7),
(1367, '/food/lau1.jpg', 'Rau câu dừa mát lạnh, thích hợp tráng miệng.', 'Rau câu dừa 61', 85000, 20, 'f', 'Giảm 15%', 'Món chính', 2, 7),
(1368, '/food/lau1.jpg', 'Rau câu dừa mát lạnh, thích hợp tráng miệng.', 'Rau câu dừa 62', 25000, 40, 'f', 'Giảm 15%', 'Món chính', 2, 7),
(1369, '/food/lau1.jpg', 'Rau câu dừa mát lạnh, thích hợp tráng miệng.', 'Rau câu dừa 63', 90000, 60, 't', 'Giảm 5%', 'Tráng miệng', 2, 7),
(1370, '/food/lau1.jpg', 'Rau câu dừa mát lạnh, thích hợp tráng miệng.', 'Rau câu dừa 64', 65000, 75, 'f', 'Giảm 15%', 'Món chính', 2, 7),
(1371, '/food/lau1.jpg', 'Rau câu dừa mát lạnh, thích hợp tráng miệng.', 'Rau câu dừa 65', 95000, 65, 't', 'Giảm 10%', 'Khai vị', 2, 7),
(1372, '/food/lau1.jpg', 'Rau câu dừa mát lạnh, thích hợp tráng miệng.', 'Rau câu dừa 66', 80000, 65, 't', 'Giảm 10%', 'Món chính', 2, 7),
(1373, '/food/lau1.jpg', 'Rau câu dừa mát lạnh, thích hợp tráng miệng.', 'Rau câu dừa 67', 55000, 50, 'f', 'Giảm 10%', 'Tráng miệng', 2, 7),
(1374, '/food/lau1.jpg', 'Rau câu dừa mát lạnh, thích hợp tráng miệng.', 'Rau câu dừa 68', 30000, 50, 't', 'Giảm 10%', 'Khai vị', 2, 7),
(1375, '/food/lau1.jpg', 'Rau câu dừa mát lạnh, thích hợp tráng miệng.', 'Rau câu dừa 69', 60000, 55, 't', 'Giảm 10%', 'Khai vị', 2, 7),
(1376, '/food/lau1.jpg', 'Rau câu dừa mát lạnh, thích hợp tráng miệng.', 'Rau câu dừa 70', 95000, 35, 'f', 'Giảm 15%', 'Món chính', 2, 7),
(1377, '/food/lau1.jpg', 'Rau câu dừa mát lạnh, thích hợp tráng miệng.', 'Rau câu dừa 71', 95000, 50, 't', 'Giảm 10%', 'Món chính', 2, 7),
(1378, '/food/lau1.jpg', 'Rau câu dừa mát lạnh, thích hợp tráng miệng.', 'Rau câu dừa 72', 25000, 35, 'f', 'Giảm 15%', 'Tráng miệng', 2, 7),
(1379, '/food/lau1.jpg', 'Rau câu dừa mát lạnh, thích hợp tráng miệng.', 'Rau câu dừa 73', 65000, 50, 't', 'Giảm 10%', 'Món chính', 2, 7),
(1380, '/food/lau1.jpg', 'Rau câu dừa mát lạnh, thích hợp tráng miệng.', 'Rau câu dừa 74', 50000, 40, 'f', 'Giảm 15%', 'Tráng miệng', 2, 7),
(1381, '/food/lau1.jpg', 'Rau câu dừa mát lạnh, thích hợp tráng miệng.', 'Rau câu dừa 75', 80000, 30, 't', 'Giảm 10%', 'Khai vị', 2, 7),
(1382, '/food/lau1.jpg', 'Rau câu dừa mát lạnh, thích hợp tráng miệng.', 'Rau câu dừa 76', 90000, 75, 'f', 'Giảm 30%', 'Tráng miệng', 2, 7),
(1383, '/food/lau1.jpg', 'Rau câu dừa mát lạnh, thích hợp tráng miệng.', 'Rau câu dừa 77', 65000, 45, 'f', 'Giảm 5%', 'Khai vị', 2, 7),
(1384, '/food/lau1.jpg', 'Rau câu dừa mát lạnh, thích hợp tráng miệng.', 'Rau câu dừa 78', 95000, 20, 't', 'Giảm 10%', 'Khai vị', 2, 7),
(1385, '/food/lau1.jpg', 'Rau câu dừa mát lạnh, thích hợp tráng miệng.', 'Rau câu dừa 79', 50000, 25, 't', 'Giảm 10%', 'Món chính', 2, 7),
(1386, '/food/lau1.jpg', 'Rau câu dừa mát lạnh, thích hợp tráng miệng.', 'Rau câu dừa 80', 95000, 55, 'f', 'Giảm 15%', 'Tráng miệng', 2, 7),
(1387, '/food/lau1.jpg', 'Rau câu dừa mát lạnh, thích hợp tráng miệng.', 'Rau câu dừa 81', 85000, 70, 't', 'Giảm 10%', 'Món chính', 2, 7),
(1388, '/food/lau1.jpg', 'Rau câu dừa mát lạnh, thích hợp tráng miệng.', 'Rau câu dừa 82', 95000, 20, 't', 'Giảm 10%', 'Món chính', 2, 7),
(1389, '/food/lau1.jpg', 'Rau câu dừa mát lạnh, thích hợp tráng miệng.', 'Rau câu dừa 83', 55000, 55, 't', 'Giảm 10%', 'Món chính', 2, 7),
(1390, '/food/lau1.jpg', 'Rau câu dừa mát lạnh, thích hợp tráng miệng.', 'Rau câu dừa 84', 45000, 60, 't', 'Giảm 10%', 'Khai vị', 2, 7),
(1391, '/food/lau1.jpg', 'Rau câu dừa mát lạnh, thích hợp tráng miệng.', 'Rau câu dừa 85', 40000, 65, 't', 'Giảm 10%', 'Món chính', 2, 7),
(1392, '/food/lau1.jpg', 'Rau câu dừa mát lạnh, thích hợp tráng miệng.', 'Rau câu dừa 86', 55000, 45, 'f', 'Giảm 15%', 'Tráng miệng', 2, 7),
(1393, '/food/lau1.jpg', 'Rau câu dừa mát lạnh, thích hợp tráng miệng.', 'Rau câu dừa 87', 55000, 75, 't', 'Giảm 10%', 'Khai vị', 2, 7),
(1394, '/food/lau1.jpg', 'Rau câu dừa mát lạnh, thích hợp tráng miệng.', 'Rau câu dừa 88', 70000, 20, 't', 'Giảm 10%', 'Món chính', 2, 7),
(1395, '/food/lau1.jpg', 'Rau câu dừa mát lạnh, thích hợp tráng miệng.', 'Rau câu dừa 89', 30000, 50, 't', 'Giảm 10%', 'Món chính', 2, 7),
(1396, '/food/lau1.jpg', 'Rau câu dừa mát lạnh, thích hợp tráng miệng.', 'Rau câu dừa 90', 55000, 60, 't', 'Giảm 5%', 'Tráng miệng', 2, 7),
(1397, '/food/lau1.jpg', 'Rau câu dừa mát lạnh, thích hợp tráng miệng.', 'Rau câu dừa 91', 80000, 55, 'f', 'Giảm 15%', 'Món chính', 2, 7),
(1398, '/food/lau1.jpg', 'Rau câu dừa mát lạnh, thích hợp tráng miệng.', 'Rau câu dừa 92', 80000, 75, 't', 'Giảm 10%', 'Món chính', 2, 7),
(1399, '/food/lau1.jpg', 'Rau câu dừa mát lạnh, thích hợp tráng miệng.', 'Rau câu dừa 93', 25000, 55, 't', 'Giảm 10%', 'Khai vị', 2, 7),
(1400, '/food/lau1.jpg', 'Rau câu dừa mát lạnh, thích hợp tráng miệng.', 'Rau câu dừa 94', 25000, 75, 't', 'Giảm 10%', 'Món chính', 2, 7),
(1401, '/food/lau1.jpg', 'Rau câu dừa mát lạnh, thích hợp tráng miệng.', 'Rau câu dừa 95', 90000, 65, 't', 'Giảm 5%', 'Tráng miệng', 2, 7),
(1402, '/food/lau1.jpg', 'Rau câu dừa mát lạnh, thích hợp tráng miệng.', 'Rau câu dừa 96', 30000, 70, 't', 'Giảm 10%', 'Món chính', 2, 7),
(1403, '/food/lau1.jpg', 'Rau câu dừa mát lạnh, thích hợp tráng miệng.', 'Rau câu dừa 97', 45000, 70, 't', 'Giảm 10%', 'Khai vị', 2, 7),
(1404, '/food/lau1.jpg', 'Rau câu dừa mát lạnh, thích hợp tráng miệng.', 'Rau câu dừa 98', 30000, 60, 't', 'Giảm 10%', 'Món chính', 2, 7),
(1405, '/food/lau1.jpg', 'Rau câu dừa mát lạnh, thích hợp tráng miệng.', 'Rau câu dừa 99', 80000, 55, 't', 'Giảm 10%', 'Món chính', 2, 7),
(1406, '/food/ga1.jpg', 'Bún bò Huế cay nồng, đầy đủ thịt bò và chả cua.', 'Bún bò Huế 01', 50000, 20, 't', 'Giảm 10%', 'Khai vị', 2, 10),
(1407, '/food/ga1.jpg', 'Bún bò Huế cay nồng, đầy đủ thịt bò và chả cua.', 'Bún bò Huế 02', 45000, 20, 'f', 'Giảm 15%', 'Món chính', 2, 10),
(1408, '/food/ga1.jpg', 'Bún bò Huế cay nồng, đầy đủ thịt bò và chả cua.', 'Bún bò Huế 03', 75000, 60, 't', 'Giảm 10%', 'Món chính', 2, 10),
(1409, '/food/ga1.jpg', 'Bún bò Huế cay nồng, đầy đủ thịt bò và chả cua.', 'Bún bò Huế 04', 30000, 30, 'f', 'Giảm 15%', 'Món chính', 2, 10),
(1410, '/food/ga1.jpg', 'Bún bò Huế cay nồng, đầy đủ thịt bò và chả cua.', 'Bún bò Huế 05', 65000, 60, 't', 'Giảm 10%', 'Món chính', 2, 10),
(1411, '/food/ga1.jpg', 'Bún bò Huế cay nồng, đầy đủ thịt bò và chả cua.', 'Bún bò Huế 06', 95000, 70, 'f', 'Giảm 10%', 'Tráng miệng', 2, 10),
(1412, '/food/ga1.jpg', 'Bún bò Huế cay nồng, đầy đủ thịt bò và chả cua.', 'Bún bò Huế 07', 60000, 20, 't', 'Giảm 10%', 'Món chính', 2, 10),
(1413, '/food/ga1.jpg', 'Bún bò Huế cay nồng, đầy đủ thịt bò và chả cua.', 'Bún bò Huế 08', 90000, 25, 't', 'Giảm 10%', 'Khai vị', 2, 10),
(1414, '/food/ga1.jpg', 'Bún bò Huế cay nồng, đầy đủ thịt bò và chả cua.', 'Bún bò Huế 09', 65000, 70, 'f', 'Giảm 15%', 'Tráng miệng', 2, 10),
(1415, '/food/ga1.jpg', 'Bún bò Huế cay nồng, đầy đủ thịt bò và chả cua.', 'Bún bò Huế 10', 60000, 50, 't', 'Giảm 15%', 'Món chính', 2, 10),
(1416, '/food/ga1.jpg', 'Bún bò Huế cay nồng, đầy đủ thịt bò và chả cua.', 'Bún bò Huế 11', 40000, 50, 'f', 'Giảm 15%', 'Món chính', 2, 10),
(1417, '/food/ga1.jpg', 'Bún bò Huế cay nồng, đầy đủ thịt bò và chả cua.', 'Bún bò Huế 12', 95000, 65, 't', 'Giảm 15%', 'Món chính', 2, 10),
(1418, '/food/ga1.jpg', 'Bún bò Huế cay nồng, đầy đủ thịt bò và chả cua.', 'Bún bò Huế 13', 95000, 50, 'f', 'Giảm 15%', 'Tráng miệng', 2, 10),
(1419, '/food/ga1.jpg', 'Bún bò Huế cay nồng, đầy đủ thịt bò và chả cua.', 'Bún bò Huế 14', 80000, 65, 'f', 'Giảm 5%', 'Khai vị', 2, 10),
(1420, '/food/ga1.jpg', 'Bún bò Huế cay nồng, đầy đủ thịt bò và chả cua.', 'Bún bò Huế 15', 90000, 50, 't', 'Giảm 10%', 'Món chính', 2, 10),
(1421, '/food/ga1.jpg', 'Bún bò Huế cay nồng, đầy đủ thịt bò và chả cua.', 'Bún bò Huế 16', 95000, 70, 't', 'Giảm 10%', 'Khai vị', 2, 10),
(1422, '/food/ga1.jpg', 'Bún bò Huế cay nồng, đầy đủ thịt bò và chả cua.', 'Bún bò Huế 17', 20000, 55, 't', 'Giảm 10%', 'Khai vị', 2, 10),
(1423, '/food/ga1.jpg', 'Bún bò Huế cay nồng, đầy đủ thịt bò và chả cua.', 'Bún bò Huế 18', 45000, 30, 'f', 'Giảm 15%', 'Tráng miệng', 2, 10),
(1424, '/food/ga1.jpg', 'Bún bò Huế cay nồng, đầy đủ thịt bò và chả cua.', 'Bún bò Huế 19', 50000, 45, 't', 'Giảm 10%', 'Khai vị', 2, 10),
(1425, '/food/ga1.jpg', 'Bún bò Huế cay nồng, đầy đủ thịt bò và chả cua.', 'Bún bò Huế 20', 25000, 45, 't', 'Giảm 15%', 'Món chính', 2, 10),
(1426, '/food/ga1.jpg', 'Bún bò Huế cay nồng, đầy đủ thịt bò và chả cua.', 'Bún bò Huế 21', 75000, 65, 't', 'Giảm 10%', 'Món chính', 2, 10),
(1427, '/food/ga1.jpg', 'Bún bò Huế cay nồng, đầy đủ thịt bò và chả cua.', 'Bún bò Huế 22', 40000, 70, 'f', 'Giảm 5%', 'Khai vị', 2, 10),
(1428, '/food/ga1.jpg', 'Bún bò Huế cay nồng, đầy đủ thịt bò và chả cua.', 'Bún bò Huế 23', 90000, 35, 't', 'Giảm 10%', 'Khai vị', 2, 10),
(1429, '/food/ga1.jpg', 'Bún bò Huế cay nồng, đầy đủ thịt bò và chả cua.', 'Bún bò Huế 24', 55000, 60, 't', 'Giảm 10%', 'Món chính', 2, 10),
(1430, '/food/ga1.jpg', 'Bún bò Huế cay nồng, đầy đủ thịt bò và chả cua.', 'Bún bò Huế 25', 90000, 25, 't', 'Giảm 10%', 'Món chính', 2, 10),
(1431, '/food/ga1.jpg', 'Bún bò Huế cay nồng, đầy đủ thịt bò và chả cua.', 'Bún bò Huế 26', 65000, 35, 'f', 'Giảm 15%', 'Món chính', 2, 10),
(1432, '/food/ga1.jpg', 'Bún bò Huế cay nồng, đầy đủ thịt bò và chả cua.', 'Bún bò Huế 27', 75000, 60, 't', 'Giảm 10%', 'Khai vị', 2, 10),
(1433, '/food/ga1.jpg', 'Bún bò Huế cay nồng, đầy đủ thịt bò và chả cua.', 'Bún bò Huế 28', 30000, 45, 'f', 'Giảm 5%', 'Khai vị', 2, 10),
(1434, '/food/ga1.jpg', 'Bún bò Huế cay nồng, đầy đủ thịt bò và chả cua.', 'Bún bò Huế 29', 45000, 70, 't', 'Giảm 5%', 'Khai vị', 2, 10),
(1435, '/food/ga1.jpg', 'Bún bò Huế cay nồng, đầy đủ thịt bò và chả cua.', 'Bún bò Huế 30', 90000, 60, 't', 'Giảm 10%', 'Món chính', 2, 10),
(1436, '/food/ga1.jpg', 'Bún bò Huế cay nồng, đầy đủ thịt bò và chả cua.', 'Bún bò Huế 31', 60000, 60, 'f', 'Giảm 15%', 'Tráng miệng', 2, 10),
(1437, '/food/ga1.jpg', 'Bún bò Huế cay nồng, đầy đủ thịt bò và chả cua.', 'Bún bò Huế 32', 60000, 60, 't', 'Giảm 10%', 'Món chính', 2, 10),
(1438, '/food/ga1.jpg', 'Bún bò Huế cay nồng, đầy đủ thịt bò và chả cua.', 'Bún bò Huế 33', 60000, 60, 't', 'Giảm 10%', 'Khai vị', 2, 10),
(1439, '/food/ga1.jpg', 'Bún bò Huế cay nồng, đầy đủ thịt bò và chả cua.', 'Bún bò Huế 34', 90000, 20, 'f', 'Giảm 15%', 'Món chính', 2, 10),
(1440, '/food/ga1.jpg', 'Bún bò Huế cay nồng, đầy đủ thịt bò và chả cua.', 'Bún bò Huế 35', 75000, 40, 'f', 'Giảm 10%', 'Tráng miệng', 2, 10),
(1441, '/food/ga1.jpg', 'Bún bò Huế cay nồng, đầy đủ thịt bò và chả cua.', 'Bún bò Huế 36', 40000, 25, 't', 'Giảm 25%', 'Món chính', 2, 10),
(1442, '/food/ga1.jpg', 'Bún bò Huế cay nồng, đầy đủ thịt bò và chả cua.', 'Bún bò Huế 37', 50000, 40, 't', 'Giảm 5%', 'Tráng miệng', 2, 10),
(1443, '/food/ga1.jpg', 'Bún bò Huế cay nồng, đầy đủ thịt bò và chả cua.', 'Bún bò Huế 38', 40000, 45, 'f', 'Giảm 15%', 'Món chính', 2, 10),
(1444, '/food/ga1.jpg', 'Bún bò Huế cay nồng, đầy đủ thịt bò và chả cua.', 'Bún bò Huế 39', 90000, 55, 't', 'Giảm 20%', 'Món chính', 2, 10),
(1445, '/food/ga1.jpg', 'Bún bò Huế cay nồng, đầy đủ thịt bò và chả cua.', 'Bún bò Huế 40', 20000, 25, 't', 'Giảm 15%', 'Món chính', 2, 10),
(1446, '/food/ga1.jpg', 'Bún bò Huế cay nồng, đầy đủ thịt bò và chả cua.', 'Bún bò Huế 41', 45000, 70, 'f', 'Giảm 15%', 'Món chính', 2, 10),
(1447, '/food/ga1.jpg', 'Bún bò Huế cay nồng, đầy đủ thịt bò và chả cua.', 'Bún bò Huế 42', 20000, 45, 't', 'Giảm 10%', 'Khai vị', 2, 10),
(1448, '/food/ga1.jpg', 'Bún bò Huế cay nồng, đầy đủ thịt bò và chả cua.', 'Bún bò Huế 43', 65000, 35, 't', 'Giảm 5%', 'Tráng miệng', 2, 10),
(1449, '/food/ga1.jpg', 'Bún bò Huế cay nồng, đầy đủ thịt bò và chả cua.', 'Bún bò Huế 44', 70000, 70, 't', 'Giảm 15%', 'Món chính', 2, 10),
(1450, '/food/ga1.jpg', 'Bún bò Huế cay nồng, đầy đủ thịt bò và chả cua.', 'Bún bò Huế 45', 30000, 65, 't', 'Giảm 10%', 'Món chính', 2, 10),
(1451, '/food/ga1.jpg', 'Bún bò Huế cay nồng, đầy đủ thịt bò và chả cua.', 'Bún bò Huế 46', 65000, 20, 'f', 'Giảm 15%', 'Tráng miệng', 2, 10),
(1452, '/food/ga1.jpg', 'Bún bò Huế cay nồng, đầy đủ thịt bò và chả cua.', 'Bún bò Huế 47', 90000, 70, 't', 'Giảm 10%', 'Khai vị', 2, 10),
(1453, '/food/ga1.jpg', 'Bún bò Huế cay nồng, đầy đủ thịt bò và chả cua.', 'Bún bò Huế 48', 25000, 25, 't', 'Giảm 10%', 'Món chính', 2, 10),
(1454, '/food/ga1.jpg', 'Bún bò Huế cay nồng, đầy đủ thịt bò và chả cua.', 'Bún bò Huế 49', 75000, 40, 't', 'Giảm 10%', 'Món chính', 2, 10),
(1455, '/food/ga1.jpg', 'Bún bò Huế cay nồng, đầy đủ thịt bò và chả cua.', 'Bún bò Huế 50', 90000, 45, 't', 'Giảm 10%', 'Món chính', 2, 10),
(1456, '/food/ga1.jpg', 'Bún bò Huế cay nồng, đầy đủ thịt bò và chả cua.', 'Bún bò Huế 51', 80000, 65, 'f', 'Giảm 15%', 'Món chính', 2, 10),
(1457, '/food/ga1.jpg', 'Bún bò Huế cay nồng, đầy đủ thịt bò và chả cua.', 'Bún bò Huế 52', 50000, 65, 't', 'Giảm 10%', 'Khai vị', 2, 10),
(1458, '/food/ga1.jpg', 'Bún bò Huế cay nồng, đầy đủ thịt bò và chả cua.', 'Bún bò Huế 53', 40000, 40, 't', 'Giảm 10%', 'Món chính', 2, 10),
(1459, '/food/ga1.jpg', 'Bún bò Huế cay nồng, đầy đủ thịt bò và chả cua.', 'Bún bò Huế 54', 25000, 30, 't', 'Giảm 10%', 'Khai vị', 2, 10),
(1460, '/food/ga1.jpg', 'Bún bò Huế cay nồng, đầy đủ thịt bò và chả cua.', 'Bún bò Huế 55', 45000, 45, 'f', 'Giảm 30%', 'Tráng miệng', 2, 10),
(1461, '/food/ga1.jpg', 'Bún bò Huế cay nồng, đầy đủ thịt bò và chả cua.', 'Bún bò Huế 56', 50000, 20, 't', 'Giảm 5%', 'Tráng miệng', 2, 10),
(1462, '/food/ga1.jpg', 'Bún bò Huế cay nồng, đầy đủ thịt bò và chả cua.', 'Bún bò Huế 57', 55000, 50, 't', 'Giảm 10%', 'Món chính', 2, 10),
(1463, '/food/ga1.jpg', 'Bún bò Huế cay nồng, đầy đủ thịt bò và chả cua.', 'Bún bò Huế 58', 60000, 45, 'f', 'Giảm 15%', 'Món chính', 2, 10),
(1464, '/food/ga1.jpg', 'Bún bò Huế cay nồng, đầy đủ thịt bò và chả cua.', 'Bún bò Huế 59', 60000, 75, 't', 'Giảm 25%', 'Món chính', 2, 10),
(1465, '/food/ga1.jpg', 'Bún bò Huế cay nồng, đầy đủ thịt bò và chả cua.', 'Bún bò Huế 60', 80000, 70, 'f', 'Giảm 15%', 'Món chính', 2, 10),
(1466, '/food/ga1.jpg', 'Bún bò Huế cay nồng, đầy đủ thịt bò và chả cua.', 'Bún bò Huế 61', 65000, 70, 't', 'Giảm 10%', 'Khai vị', 2, 10),
(1467, '/food/ga1.jpg', 'Bún bò Huế cay nồng, đầy đủ thịt bò và chả cua.', 'Bún bò Huế 62', 75000, 45, 't', 'Giảm 10%', 'Khai vị', 2, 10),
(1468, '/food/ga1.jpg', 'Bún bò Huế cay nồng, đầy đủ thịt bò và chả cua.', 'Bún bò Huế 63', 80000, 35, 'f', 'Giảm 15%', 'Món chính', 2, 10),
(1469, '/food/ga1.jpg', 'Bún bò Huế cay nồng, đầy đủ thịt bò và chả cua.', 'Bún bò Huế 64', 60000, 55, 'f', 'Giảm 15%', 'Món chính', 2, 10),
(1470, '/food/ga1.jpg', 'Bún bò Huế cay nồng, đầy đủ thịt bò và chả cua.', 'Bún bò Huế 65', 60000, 55, 'f', 'Giảm 15%', 'Món chính', 2, 10),
(1471, '/food/ga1.jpg', 'Bún bò Huế cay nồng, đầy đủ thịt bò và chả cua.', 'Bún bò Huế 66', 95000, 60, 't', 'Giảm 10%', 'Khai vị', 2, 10),
(1472, '/food/ga1.jpg', 'Bún bò Huế cay nồng, đầy đủ thịt bò và chả cua.', 'Bún bò Huế 67', 30000, 25, 't', 'Giảm 10%', 'Món chính', 2, 10),
(1473, '/food/ga1.jpg', 'Bún bò Huế cay nồng, đầy đủ thịt bò và chả cua.', 'Bún bò Huế 68', 70000, 30, 't', 'Giảm 10%', 'Món chính', 2, 10),
(1474, '/food/ga1.jpg', 'Bún bò Huế cay nồng, đầy đủ thịt bò và chả cua.', 'Bún bò Huế 69', 80000, 35, 'f', 'Giảm 15%', 'Tráng miệng', 2, 10),
(1475, '/food/ga1.jpg', 'Bún bò Huế cay nồng, đầy đủ thịt bò và chả cua.', 'Bún bò Huế 70', 50000, 20, 'f', 'Giảm 15%', 'Món chính', 2, 10),
(1476, '/food/ga1.jpg', 'Bún bò Huế cay nồng, đầy đủ thịt bò và chả cua.', 'Bún bò Huế 71', 50000, 30, 't', 'Giảm 5%', 'Tráng miệng', 2, 10),
(1477, '/food/ga1.jpg', 'Bún bò Huế cay nồng, đầy đủ thịt bò và chả cua.', 'Bún bò Huế 72', 95000, 35, 'f', 'Giảm 10%', 'Tráng miệng', 2, 10),
(1478, '/food/ga1.jpg', 'Bún bò Huế cay nồng, đầy đủ thịt bò và chả cua.', 'Bún bò Huế 73', 30000, 45, 'f', 'Giảm 10%', 'Khai vị', 2, 10),
(1479, '/food/ga1.jpg', 'Bún bò Huế cay nồng, đầy đủ thịt bò và chả cua.', 'Bún bò Huế 74', 95000, 40, 't', 'Giảm 10%', 'Món chính', 2, 10),
(1480, '/food/ga1.jpg', 'Bún bò Huế cay nồng, đầy đủ thịt bò và chả cua.', 'Bún bò Huế 75', 35000, 55, 't', 'Giảm 10%', 'Món chính', 2, 10),
(1481, '/food/ga1.jpg', 'Bún bò Huế cay nồng, đầy đủ thịt bò và chả cua.', 'Bún bò Huế 76', 75000, 70, 'f', 'Giảm 5%', 'Khai vị', 2, 10),
(1482, '/food/ga1.jpg', 'Bún bò Huế cay nồng, đầy đủ thịt bò và chả cua.', 'Bún bò Huế 77', 25000, 55, 'f', 'Giảm 10%', 'Tráng miệng', 2, 10),
(1483, '/food/ga1.jpg', 'Bún bò Huế cay nồng, đầy đủ thịt bò và chả cua.', 'Bún bò Huế 78', 45000, 45, 'f', 'Giảm 5%', 'Khai vị', 2, 10),
(1484, '/food/ga1.jpg', 'Bún bò Huế cay nồng, đầy đủ thịt bò và chả cua.', 'Bún bò Huế 79', 70000, 30, 't', 'Giảm 10%', 'Khai vị', 2, 10),
(1485, '/food/ga1.jpg', 'Bún bò Huế cay nồng, đầy đủ thịt bò và chả cua.', 'Bún bò Huế 80', 40000, 30, 'f', 'Giảm 15%', 'Món chính', 2, 10),
(1486, '/food/ga1.jpg', 'Bún bò Huế cay nồng, đầy đủ thịt bò và chả cua.', 'Bún bò Huế 81', 20000, 70, 'f', 'Giảm 15%', 'Món chính', 2, 10),
(1487, '/food/ga1.jpg', 'Bún bò Huế cay nồng, đầy đủ thịt bò và chả cua.', 'Bún bò Huế 82', 30000, 35, 't', 'Giảm 10%', 'Khai vị', 2, 10),
(1488, '/food/ga1.jpg', 'Bún bò Huế cay nồng, đầy đủ thịt bò và chả cua.', 'Bún bò Huế 83', 80000, 55, 't', 'Giảm 10%', 'Khai vị', 2, 10),
(1489, '/food/ga1.jpg', 'Bún bò Huế cay nồng, đầy đủ thịt bò và chả cua.', 'Bún bò Huế 84', 35000, 50, 'f', 'Giảm 15%', 'Tráng miệng', 2, 10),
(1490, '/food/ga1.jpg', 'Bún bò Huế cay nồng, đầy đủ thịt bò và chả cua.', 'Bún bò Huế 85', 50000, 75, 't', 'Giảm 10%', 'Món chính', 2, 10),
(1491, '/food/ga1.jpg', 'Bún bò Huế cay nồng, đầy đủ thịt bò và chả cua.', 'Bún bò Huế 86', 60000, 20, 't', 'Giảm 5%', 'Khai vị', 2, 10),
(1492, '/food/ga1.jpg', 'Bún bò Huế cay nồng, đầy đủ thịt bò và chả cua.', 'Bún bò Huế 87', 75000, 70, 'f', 'Giảm 5%', 'Khai vị', 2, 10),
(1493, '/food/ga1.jpg', 'Bún bò Huế cay nồng, đầy đủ thịt bò và chả cua.', 'Bún bò Huế 88', 75000, 20, 'f', 'Giảm 15%', 'Tráng miệng', 2, 10),
(1494, '/food/ga1.jpg', 'Bún bò Huế cay nồng, đầy đủ thịt bò và chả cua.', 'Bún bò Huế 89', 60000, 30, 't', 'Giảm 10%', 'Khai vị', 2, 10),
(1495, '/food/ga1.jpg', 'Bún bò Huế cay nồng, đầy đủ thịt bò và chả cua.', 'Bún bò Huế 90', 85000, 20, 'f', 'Giảm 15%', 'Món chính', 2, 10),
(1496, '/food/ga1.jpg', 'Bún bò Huế cay nồng, đầy đủ thịt bò và chả cua.', 'Bún bò Huế 91', 30000, 70, 't', 'Giảm 10%', 'Món chính', 2, 10),
(1497, '/food/ga1.jpg', 'Bún bò Huế cay nồng, đầy đủ thịt bò và chả cua.', 'Bún bò Huế 92', 25000, 70, 't', 'Giảm 20%', 'Món chính', 2, 10),
(1498, '/food/ga1.jpg', 'Bún bò Huế cay nồng, đầy đủ thịt bò và chả cua.', 'Bún bò Huế 93', 80000, 60, 't', 'Giảm 10%', 'Khai vị', 2, 10),
(1499, '/food/ga1.jpg', 'Bún bò Huế cay nồng, đầy đủ thịt bò và chả cua.', 'Bún bò Huế 94', 50000, 60, 't', 'Giảm 10%', 'Món chính', 2, 10),
(1500, '/food/ga1.jpg', 'Bún bò Huế cay nồng, đầy đủ thịt bò và chả cua.', 'Bún bò Huế 95', 75000, 50, 't', 'Giảm 5%', 'Khai vị', 2, 10);

INSERT INTO "public"."food" ("food_id", "thumbnail", "description", "name_food", "price", "inventory", "featured", "promotion", "kind", "eatery_id", "category_id") VALUES
(1501, '/food/ga1.jpg', 'Bún bò Huế cay nồng, đầy đủ thịt bò và chả cua.', 'Bún bò Huế 96', 25000, 50, 't', 'Giảm 10%', 'Món chính', 2, 10),
(1502, '/food/ga1.jpg', 'Bún bò Huế cay nồng, đầy đủ thịt bò và chả cua.', 'Bún bò Huế 97', 30000, 75, 't', 'Giảm 10%', 'Khai vị', 2, 10),
(1503, '/food/ga1.jpg', 'Bún bò Huế cay nồng, đầy đủ thịt bò và chả cua.', 'Bún bò Huế 98', 90000, 55, 't', 'Giảm 10%', 'Khai vị', 2, 10),
(1504, '/food/ga1.jpg', 'Bún bò Huế cay nồng, đầy đủ thịt bò và chả cua.', 'Bún bò Huế 99', 70000, 65, 'f', 'Giảm 15%', 'Món chính', 2, 10),
(1505, '/food/lau1.jpg', 'Bánh bèo chén, rắc tôm cháy, mỡ hành.', 'Bánh bèo 01', 25000, 25, 'f', 'Giảm 10%', 'Tráng miệng', 2, 11),
(1506, '/food/lau1.jpg', 'Bánh bèo chén, rắc tôm cháy, mỡ hành.', 'Bánh bèo 02', 50000, 35, 't', 'Giảm 10%', 'Món chính', 2, 11),
(1507, '/food/lau1.jpg', 'Bánh bèo chén, rắc tôm cháy, mỡ hành.', 'Bánh bèo 03', 60000, 30, 't', 'Giảm 10%', 'Khai vị', 2, 11),
(1508, '/food/lau1.jpg', 'Bánh bèo chén, rắc tôm cháy, mỡ hành.', 'Bánh bèo 04', 55000, 60, 't', 'Giảm 10%', 'Khai vị', 2, 11),
(1509, '/food/lau1.jpg', 'Bánh bèo chén, rắc tôm cháy, mỡ hành.', 'Bánh bèo 05', 90000, 35, 't', 'Giảm 10%', 'Khai vị', 2, 11),
(1510, '/food/lau1.jpg', 'Bánh bèo chén, rắc tôm cháy, mỡ hành.', 'Bánh bèo 06', 55000, 70, 'f', 'Giảm 15%', 'Món chính', 2, 11),
(1511, '/food/lau1.jpg', 'Bánh bèo chén, rắc tôm cháy, mỡ hành.', 'Bánh bèo 07', 50000, 40, 't', 'Giảm 10%', 'Khai vị', 2, 11),
(1512, '/food/lau1.jpg', 'Bánh bèo chén, rắc tôm cháy, mỡ hành.', 'Bánh bèo 08', 65000, 35, 't', 'Giảm 10%', 'Khai vị', 2, 11),
(1513, '/food/lau1.jpg', 'Bánh bèo chén, rắc tôm cháy, mỡ hành.', 'Bánh bèo 09', 25000, 70, 'f', 'Giảm 15%', 'Tráng miệng', 2, 11),
(1514, '/food/lau1.jpg', 'Bánh bèo chén, rắc tôm cháy, mỡ hành.', 'Bánh bèo 10', 85000, 40, 't', 'Giảm 10%', 'Khai vị', 2, 11),
(1515, '/food/lau1.jpg', 'Bánh bèo chén, rắc tôm cháy, mỡ hành.', 'Bánh bèo 11', 80000, 35, 'f', 'Giảm 15%', 'Món chính', 2, 11),
(1516, '/food/lau1.jpg', 'Bánh bèo chén, rắc tôm cháy, mỡ hành.', 'Bánh bèo 12', 30000, 60, 't', 'Giảm 5%', 'Tráng miệng', 2, 11),
(1517, '/food/lau1.jpg', 'Bánh bèo chén, rắc tôm cháy, mỡ hành.', 'Bánh bèo 13', 50000, 45, 't', 'Giảm 5%', 'Tráng miệng', 2, 11),
(1518, '/food/lau1.jpg', 'Bánh bèo chén, rắc tôm cháy, mỡ hành.', 'Bánh bèo 14', 60000, 50, 't', 'Giảm 5%', 'Tráng miệng', 2, 11),
(1519, '/food/lau1.jpg', 'Bánh bèo chén, rắc tôm cháy, mỡ hành.', 'Bánh bèo 15', 70000, 60, 't', 'Giảm 10%', 'Món chính', 2, 11),
(1520, '/food/lau1.jpg', 'Bánh bèo chén, rắc tôm cháy, mỡ hành.', 'Bánh bèo 16', 55000, 65, 't', 'Giảm 15%', 'Món chính', 2, 11),
(1521, '/food/lau1.jpg', 'Bánh bèo chén, rắc tôm cháy, mỡ hành.', 'Bánh bèo 17', 45000, 30, 'f', 'Giảm 15%', 'Tráng miệng', 2, 11),
(1522, '/food/lau1.jpg', 'Bánh bèo chén, rắc tôm cháy, mỡ hành.', 'Bánh bèo 18', 90000, 65, 'f', 'Giảm 15%', 'Món chính', 2, 11),
(1523, '/food/lau1.jpg', 'Bánh bèo chén, rắc tôm cháy, mỡ hành.', 'Bánh bèo 19', 65000, 35, 't', 'Giảm 25%', 'Món chính', 2, 11),
(1524, '/food/lau1.jpg', 'Bánh bèo chén, rắc tôm cháy, mỡ hành.', 'Bánh bèo 20', 90000, 60, 't', 'Giảm 15%', 'Món chính', 2, 11),
(1525, '/food/lau1.jpg', 'Bánh bèo chén, rắc tôm cháy, mỡ hành.', 'Bánh bèo 21', 30000, 70, 't', 'Giảm 10%', 'Món chính', 2, 11),
(1526, '/food/lau1.jpg', 'Bánh bèo chén, rắc tôm cháy, mỡ hành.', 'Bánh bèo 22', 70000, 75, 'f', 'Giảm 15%', 'Món chính', 2, 11),
(1527, '/food/lau1.jpg', 'Bánh bèo chén, rắc tôm cháy, mỡ hành.', 'Bánh bèo 23', 95000, 60, 't', 'Giảm 10%', 'Khai vị', 2, 11),
(1528, '/food/lau1.jpg', 'Bánh bèo chén, rắc tôm cháy, mỡ hành.', 'Bánh bèo 24', 35000, 40, 't', 'Giảm 5%', 'Khai vị', 2, 11),
(1529, '/food/lau1.jpg', 'Bánh bèo chén, rắc tôm cháy, mỡ hành.', 'Bánh bèo 25', 40000, 25, 't', 'Giảm 10%', 'Khai vị', 2, 11),
(1530, '/food/lau1.jpg', 'Bánh bèo chén, rắc tôm cháy, mỡ hành.', 'Bánh bèo 26', 85000, 25, 'f', 'Giảm 10%', 'Tráng miệng', 2, 11),
(1531, '/food/lau1.jpg', 'Bánh bèo chén, rắc tôm cháy, mỡ hành.', 'Bánh bèo 27', 75000, 20, 't', 'Giảm 10%', 'Khai vị', 2, 11),
(1532, '/food/lau1.jpg', 'Bánh bèo chén, rắc tôm cháy, mỡ hành.', 'Bánh bèo 28', 35000, 20, 't', 'Giảm 25%', 'Món chính', 2, 11),
(1533, '/food/lau1.jpg', 'Bánh bèo chén, rắc tôm cháy, mỡ hành.', 'Bánh bèo 29', 25000, 65, 't', 'Giảm 10%', 'Món chính', 2, 11),
(1534, '/food/lau1.jpg', 'Bánh bèo chén, rắc tôm cháy, mỡ hành.', 'Bánh bèo 30', 55000, 70, 't', 'Giảm 10%', 'Khai vị', 2, 11),
(1535, '/food/lau1.jpg', 'Bánh bèo chén, rắc tôm cháy, mỡ hành.', 'Bánh bèo 31', 25000, 20, 't', 'Giảm 10%', 'Món chính', 2, 11),
(1536, '/food/lau1.jpg', 'Bánh bèo chén, rắc tôm cháy, mỡ hành.', 'Bánh bèo 32', 35000, 30, 't', 'Giảm 10%', 'Món chính', 2, 11),
(1537, '/food/lau1.jpg', 'Bánh bèo chén, rắc tôm cháy, mỡ hành.', 'Bánh bèo 33', 65000, 25, 'f', 'Giảm 15%', 'Món chính', 2, 11),
(1538, '/food/lau1.jpg', 'Bánh bèo chén, rắc tôm cháy, mỡ hành.', 'Bánh bèo 34', 75000, 50, 't', 'Giảm 20%', 'Món chính', 2, 11),
(1539, '/food/lau1.jpg', 'Bánh bèo chén, rắc tôm cháy, mỡ hành.', 'Bánh bèo 35', 85000, 20, 't', 'Giảm 10%', 'Món chính', 2, 11),
(1540, '/food/lau1.jpg', 'Bánh bèo chén, rắc tôm cháy, mỡ hành.', 'Bánh bèo 36', 40000, 30, 't', 'Giảm 10%', 'Khai vị', 2, 11),
(1541, '/food/lau1.jpg', 'Bánh bèo chén, rắc tôm cháy, mỡ hành.', 'Bánh bèo 37', 80000, 50, 'f', 'Giảm 15%', 'Món chính', 2, 11),
(1542, '/food/lau1.jpg', 'Bánh bèo chén, rắc tôm cháy, mỡ hành.', 'Bánh bèo 38', 85000, 75, 't', 'Giảm 10%', 'Món chính', 2, 11),
(1543, '/food/lau1.jpg', 'Bánh bèo chén, rắc tôm cháy, mỡ hành.', 'Bánh bèo 39', 20000, 40, 't', 'Giảm 10%', 'Món chính', 2, 11),
(1544, '/food/lau1.jpg', 'Bánh bèo chén, rắc tôm cháy, mỡ hành.', 'Bánh bèo 40', 45000, 65, 't', 'Giảm 10%', 'Khai vị', 2, 11),
(1545, '/food/lau1.jpg', 'Bánh bèo chén, rắc tôm cháy, mỡ hành.', 'Bánh bèo 41', 75000, 30, 't', 'Giảm 5%', 'Khai vị', 2, 11),
(1546, '/food/lau1.jpg', 'Bánh bèo chén, rắc tôm cháy, mỡ hành.', 'Bánh bèo 42', 90000, 70, 'f', 'Giảm 15%', 'Tráng miệng', 2, 11),
(1547, '/food/lau1.jpg', 'Bánh bèo chén, rắc tôm cháy, mỡ hành.', 'Bánh bèo 43', 25000, 40, 'f', 'Giảm 15%', 'Tráng miệng', 2, 11),
(1548, '/food/lau1.jpg', 'Bánh bèo chén, rắc tôm cháy, mỡ hành.', 'Bánh bèo 44', 20000, 70, 't', 'Giảm 10%', 'Khai vị', 2, 11),
(1549, '/food/lau1.jpg', 'Bánh bèo chén, rắc tôm cháy, mỡ hành.', 'Bánh bèo 45', 25000, 25, 't', 'Giảm 10%', 'Khai vị', 2, 11),
(1550, '/food/lau1.jpg', 'Bánh bèo chén, rắc tôm cháy, mỡ hành.', 'Bánh bèo 46', 20000, 30, 't', 'Giảm 5%', 'Tráng miệng', 2, 11),
(1551, '/food/lau1.jpg', 'Bánh bèo chén, rắc tôm cháy, mỡ hành.', 'Bánh bèo 47', 35000, 70, 't', 'Giảm 10%', 'Khai vị', 2, 11),
(1552, '/food/lau1.jpg', 'Bánh bèo chén, rắc tôm cháy, mỡ hành.', 'Bánh bèo 48', 40000, 25, 'f', 'Giảm 15%', 'Tráng miệng', 2, 11),
(1553, '/food/lau1.jpg', 'Bánh bèo chén, rắc tôm cháy, mỡ hành.', 'Bánh bèo 49', 40000, 50, 'f', 'Giảm 15%', 'Món chính', 2, 11),
(1554, '/food/lau1.jpg', 'Bánh bèo chén, rắc tôm cháy, mỡ hành.', 'Bánh bèo 50', 35000, 20, 't', 'Giảm 10%', 'Món chính', 2, 11),
(1555, '/food/lau1.jpg', 'Bánh bèo chén, rắc tôm cháy, mỡ hành.', 'Bánh bèo 51', 80000, 75, 't', 'Giảm 10%', 'Món chính', 2, 11),
(1556, '/food/lau1.jpg', 'Bánh bèo chén, rắc tôm cháy, mỡ hành.', 'Bánh bèo 52', 40000, 20, 'f', 'Giảm 15%', 'Món chính', 2, 11),
(1557, '/food/lau1.jpg', 'Bánh bèo chén, rắc tôm cháy, mỡ hành.', 'Bánh bèo 53', 35000, 60, 't', 'Giảm 10%', 'Món chính', 2, 11),
(1558, '/food/lau1.jpg', 'Bánh bèo chén, rắc tôm cháy, mỡ hành.', 'Bánh bèo 54', 30000, 45, 'f', 'Giảm 20%', 'Khai vị', 2, 11),
(1559, '/food/lau1.jpg', 'Bánh bèo chén, rắc tôm cháy, mỡ hành.', 'Bánh bèo 55', 20000, 35, 't', 'Giảm 5%', 'Tráng miệng', 2, 11),
(1560, '/food/lau1.jpg', 'Bánh bèo chén, rắc tôm cháy, mỡ hành.', 'Bánh bèo 56', 45000, 40, 't', 'Giảm 10%', 'Món chính', 2, 11),
(1561, '/food/lau1.jpg', 'Bánh bèo chén, rắc tôm cháy, mỡ hành.', 'Bánh bèo 57', 50000, 60, 'f', 'Giảm 15%', 'Tráng miệng', 2, 11),
(1562, '/food/lau1.jpg', 'Bánh bèo chén, rắc tôm cháy, mỡ hành.', 'Bánh bèo 58', 95000, 35, 't', 'Giảm 10%', 'Khai vị', 2, 11),
(1563, '/food/lau1.jpg', 'Bánh bèo chén, rắc tôm cháy, mỡ hành.', 'Bánh bèo 59', 25000, 50, 't', 'Giảm 20%', 'Món chính', 2, 11),
(1564, '/food/lau1.jpg', 'Bánh bèo chén, rắc tôm cháy, mỡ hành.', 'Bánh bèo 60', 35000, 45, 'f', 'Giảm 15%', 'Tráng miệng', 2, 11),
(1565, '/food/lau1.jpg', 'Bánh bèo chén, rắc tôm cháy, mỡ hành.', 'Bánh bèo 61', 20000, 30, 't', 'Giảm 5%', 'Tráng miệng', 2, 11),
(1566, '/food/lau1.jpg', 'Bánh bèo chén, rắc tôm cháy, mỡ hành.', 'Bánh bèo 62', 45000, 60, 'f', 'Giảm 15%', 'Món chính', 2, 11),
(1567, '/food/lau1.jpg', 'Bánh bèo chén, rắc tôm cháy, mỡ hành.', 'Bánh bèo 63', 95000, 55, 't', 'Giảm 5%', 'Tráng miệng', 2, 11),
(1568, '/food/lau1.jpg', 'Bánh bèo chén, rắc tôm cháy, mỡ hành.', 'Bánh bèo 64', 55000, 30, 'f', 'Giảm 10%', 'Tráng miệng', 2, 11),
(1569, '/food/lau1.jpg', 'Bánh bèo chén, rắc tôm cháy, mỡ hành.', 'Bánh bèo 65', 75000, 50, 't', 'Giảm 10%', 'Khai vị', 2, 11),
(1570, '/food/lau1.jpg', 'Bánh bèo chén, rắc tôm cháy, mỡ hành.', 'Bánh bèo 66', 35000, 20, 't', 'Giảm 10%', 'Khai vị', 2, 11),
(1571, '/food/lau1.jpg', 'Bánh bèo chén, rắc tôm cháy, mỡ hành.', 'Bánh bèo 67', 70000, 40, 'f', 'Giảm 15%', 'Món chính', 2, 11),
(1572, '/food/lau1.jpg', 'Bánh bèo chén, rắc tôm cháy, mỡ hành.', 'Bánh bèo 68', 80000, 75, 'f', 'Giảm 10%', 'Tráng miệng', 2, 11),
(1573, '/food/lau1.jpg', 'Bánh bèo chén, rắc tôm cháy, mỡ hành.', 'Bánh bèo 69', 25000, 25, 't', 'Giảm 10%', 'Khai vị', 2, 11),
(1574, '/food/lau1.jpg', 'Bánh bèo chén, rắc tôm cháy, mỡ hành.', 'Bánh bèo 70', 50000, 25, 't', 'Giảm 10%', 'Món chính', 2, 11),
(1575, '/food/lau1.jpg', 'Bánh bèo chén, rắc tôm cháy, mỡ hành.', 'Bánh bèo 71', 90000, 75, 't', 'Giảm 10%', 'Khai vị', 2, 11),
(1576, '/food/lau1.jpg', 'Bánh bèo chén, rắc tôm cháy, mỡ hành.', 'Bánh bèo 72', 60000, 60, 't', 'Giảm 10%', 'Khai vị', 2, 11),
(1577, '/food/lau1.jpg', 'Bánh bèo chén, rắc tôm cháy, mỡ hành.', 'Bánh bèo 73', 55000, 45, 'f', 'Giảm 15%', 'Món chính', 2, 11),
(1578, '/food/lau1.jpg', 'Bánh bèo chén, rắc tôm cháy, mỡ hành.', 'Bánh bèo 74', 20000, 75, 'f', 'Giảm 10%', 'Tráng miệng', 2, 11),
(1579, '/food/lau1.jpg', 'Bánh bèo chén, rắc tôm cháy, mỡ hành.', 'Bánh bèo 75', 70000, 70, 't', 'Giảm 10%', 'Khai vị', 2, 11),
(1580, '/food/lau1.jpg', 'Bánh bèo chén, rắc tôm cháy, mỡ hành.', 'Bánh bèo 76', 20000, 75, 't', 'Giảm 10%', 'Khai vị', 2, 11),
(1581, '/food/lau1.jpg', 'Bánh bèo chén, rắc tôm cháy, mỡ hành.', 'Bánh bèo 77', 95000, 40, 'f', 'Giảm 15%', 'Món chính', 2, 11),
(1582, '/food/lau1.jpg', 'Bánh bèo chén, rắc tôm cháy, mỡ hành.', 'Bánh bèo 78', 90000, 20, 't', 'Giảm 5%', 'Tráng miệng', 2, 11),
(1583, '/food/lau1.jpg', 'Bánh bèo chén, rắc tôm cháy, mỡ hành.', 'Bánh bèo 79', 70000, 30, 'f', 'Giảm 15%', 'Tráng miệng', 2, 11),
(1584, '/food/lau1.jpg', 'Bánh bèo chén, rắc tôm cháy, mỡ hành.', 'Bánh bèo 80', 20000, 75, 'f', 'Giảm 15%', 'Món chính', 2, 11),
(1585, '/food/lau1.jpg', 'Bánh bèo chén, rắc tôm cháy, mỡ hành.', 'Bánh bèo 81', 90000, 55, 'f', 'Giảm 15%', 'Tráng miệng', 2, 11),
(1586, '/food/lau1.jpg', 'Bánh bèo chén, rắc tôm cháy, mỡ hành.', 'Bánh bèo 82', 80000, 40, 't', 'Giảm 15%', 'Món chính', 2, 11),
(1587, '/food/lau1.jpg', 'Bánh bèo chén, rắc tôm cháy, mỡ hành.', 'Bánh bèo 83', 65000, 30, 't', 'Giảm 5%', 'Tráng miệng', 2, 11),
(1588, '/food/lau1.jpg', 'Bánh bèo chén, rắc tôm cháy, mỡ hành.', 'Bánh bèo 84', 60000, 45, 't', 'Giảm 10%', 'Món chính', 2, 11),
(1589, '/food/lau1.jpg', 'Bánh bèo chén, rắc tôm cháy, mỡ hành.', 'Bánh bèo 85', 35000, 55, 't', 'Giảm 5%', 'Khai vị', 2, 11),
(1590, '/food/lau1.jpg', 'Bánh bèo chén, rắc tôm cháy, mỡ hành.', 'Bánh bèo 86', 90000, 55, 'f', 'Giảm 10%', 'Tráng miệng', 2, 11),
(1591, '/food/lau1.jpg', 'Bánh bèo chén, rắc tôm cháy, mỡ hành.', 'Bánh bèo 87', 70000, 25, 'f', 'Giảm 15%', 'Món chính', 2, 11),
(1592, '/food/lau1.jpg', 'Bánh bèo chén, rắc tôm cháy, mỡ hành.', 'Bánh bèo 88', 60000, 25, 't', 'Giảm 10%', 'Khai vị', 2, 11),
(1593, '/food/lau1.jpg', 'Bánh bèo chén, rắc tôm cháy, mỡ hành.', 'Bánh bèo 89', 60000, 30, 't', 'Giảm 10%', 'Món chính', 2, 11),
(1594, '/food/lau1.jpg', 'Bánh bèo chén, rắc tôm cháy, mỡ hành.', 'Bánh bèo 90', 35000, 45, 't', 'Giảm 10%', 'Khai vị', 2, 11),
(1595, '/food/lau1.jpg', 'Bánh bèo chén, rắc tôm cháy, mỡ hành.', 'Bánh bèo 91', 35000, 35, 'f', 'Giảm 15%', 'Món chính', 2, 11),
(1596, '/food/lau1.jpg', 'Bánh bèo chén, rắc tôm cháy, mỡ hành.', 'Bánh bèo 92', 55000, 65, 'f', 'Giảm 15%', 'Món chính', 2, 11),
(1597, '/food/lau1.jpg', 'Bánh bèo chén, rắc tôm cháy, mỡ hành.', 'Bánh bèo 93', 85000, 50, 't', 'Giảm 10%', 'Khai vị', 2, 11),
(1598, '/food/lau1.jpg', 'Bánh bèo chén, rắc tôm cháy, mỡ hành.', 'Bánh bèo 94', 55000, 35, 'f', 'Giảm 15%', 'Món chính', 2, 11),
(1599, '/food/lau1.jpg', 'Bánh bèo chén, rắc tôm cháy, mỡ hành.', 'Bánh bèo 95', 30000, 45, 't', 'Giảm 10%', 'Khai vị', 2, 11),
(1600, '/food/lau1.jpg', 'Bánh bèo chén, rắc tôm cháy, mỡ hành.', 'Bánh bèo 96', 85000, 30, 't', 'Giảm 10%', 'Món chính', 2, 11),
(1601, '/food/lau1.jpg', 'Bánh bèo chén, rắc tôm cháy, mỡ hành.', 'Bánh bèo 97', 30000, 70, 't', 'Giảm 10%', 'Khai vị', 2, 11),
(1602, '/food/lau1.jpg', 'Bánh bèo chén, rắc tôm cháy, mỡ hành.', 'Bánh bèo 98', 60000, 45, 't', 'Giảm 10%', 'Món chính', 2, 11),
(1603, '/food/lau1.jpg', 'Bánh bèo chén, rắc tôm cháy, mỡ hành.', 'Bánh bèo 99', 25000, 25, 'f', 'Giảm 15%', 'Món chính', 2, 11),
(1604, '/food/lau1.jpg', 'Phở bò tái nạm thơm ngon, nước dùng đậm đà.', 'Phở bò 01', 95000, 60, 't', 'Giảm 10%', 'Khai vị', 1, 10),
(1605, '/food/lau1.jpg', 'Phở bò tái nạm thơm ngon, nước dùng đậm đà.', 'Phở bò 02', 40000, 55, 't', 'Giảm 10%', 'Khai vị', 1, 10),
(1606, '/food/lau1.jpg', 'Phở bò tái nạm thơm ngon, nước dùng đậm đà.', 'Phở bò 03', 30000, 65, 't', 'Giảm 10%', 'Khai vị', 1, 10),
(1607, '/food/lau1.jpg', 'Phở bò tái nạm thơm ngon, nước dùng đậm đà.', 'Phở bò 04', 65000, 30, 't', 'Giảm 10%', 'Món chính', 1, 10),
(1608, '/food/lau1.jpg', 'Phở bò tái nạm thơm ngon, nước dùng đậm đà.', 'Phở bò 05', 80000, 40, 't', 'Giảm 5%', 'Tráng miệng', 1, 10),
(1609, '/food/lau1.jpg', 'Phở bò tái nạm thơm ngon, nước dùng đậm đà.', 'Phở bò 06', 85000, 65, 't', 'Giảm 5%', 'Tráng miệng', 1, 10),
(1610, '/food/lau1.jpg', 'Phở bò tái nạm thơm ngon, nước dùng đậm đà.', 'Phở bò 07', 65000, 45, 't', 'Giảm 10%', 'Khai vị', 1, 10),
(1611, '/food/lau1.jpg', 'Phở bò tái nạm thơm ngon, nước dùng đậm đà.', 'Phở bò 08', 80000, 55, 'f', 'Giảm 10%', 'Tráng miệng', 1, 10),
(1612, '/food/lau1.jpg', 'Phở bò tái nạm thơm ngon, nước dùng đậm đà.', 'Phở bò 09', 40000, 30, 't', 'Giảm 10%', 'Món chính', 1, 10),
(1613, '/food/lau1.jpg', 'Phở bò tái nạm thơm ngon, nước dùng đậm đà.', 'Phở bò 10', 20000, 50, 't', 'Giảm 10%', 'Khai vị', 1, 10),
(1614, '/food/lau1.jpg', 'Phở bò tái nạm thơm ngon, nước dùng đậm đà.', 'Phở bò 11', 30000, 25, 't', 'Giảm 10%', 'Món chính', 1, 10),
(1615, '/food/lau1.jpg', 'Phở bò tái nạm thơm ngon, nước dùng đậm đà.', 'Phở bò 12', 35000, 70, 't', 'Giảm 5%', 'Tráng miệng', 1, 10),
(1616, '/food/lau1.jpg', 'Phở bò tái nạm thơm ngon, nước dùng đậm đà.', 'Phở bò 13', 25000, 65, 't', 'Giảm 10%', 'Khai vị', 1, 10),
(1617, '/food/lau1.jpg', 'Phở bò tái nạm thơm ngon, nước dùng đậm đà.', 'Phở bò 14', 95000, 30, 'f', 'Giảm 10%', 'Tráng miệng', 1, 10),
(1618, '/food/lau1.jpg', 'Phở bò tái nạm thơm ngon, nước dùng đậm đà.', 'Phở bò 15', 50000, 60, 'f', 'Giảm 15%', 'Món chính', 1, 10),
(1619, '/food/lau1.jpg', 'Phở bò tái nạm thơm ngon, nước dùng đậm đà.', 'Phở bò 16', 50000, 50, 'f', 'Giảm 15%', 'Món chính', 1, 10),
(1620, '/food/lau1.jpg', 'Phở bò tái nạm thơm ngon, nước dùng đậm đà.', 'Phở bò 17', 30000, 45, 't', 'Giảm 5%', 'Tráng miệng', 1, 10),
(1621, '/food/lau1.jpg', 'Phở bò tái nạm thơm ngon, nước dùng đậm đà.', 'Phở bò 18', 40000, 35, 'f', 'Giảm 15%', 'Tráng miệng', 1, 10),
(1622, '/food/lau1.jpg', 'Phở bò tái nạm thơm ngon, nước dùng đậm đà.', 'Phở bò 19', 65000, 45, 't', 'Giảm 5%', 'Tráng miệng', 1, 10),
(1623, '/food/lau1.jpg', 'Phở bò tái nạm thơm ngon, nước dùng đậm đà.', 'Phở bò 20', 25000, 50, 't', 'Giảm 25%', 'Món chính', 1, 10),
(1624, '/food/lau1.jpg', 'Phở bò tái nạm thơm ngon, nước dùng đậm đà.', 'Phở bò 21', 80000, 70, 't', 'Giảm 10%', 'Khai vị', 1, 10),
(1625, '/food/lau1.jpg', 'Phở bò tái nạm thơm ngon, nước dùng đậm đà.', 'Phở bò 22', 95000, 60, 't', 'Giảm 10%', 'Món chính', 1, 10),
(1626, '/food/lau1.jpg', 'Phở bò tái nạm thơm ngon, nước dùng đậm đà.', 'Phở bò 23', 60000, 65, 't', 'Giảm 10%', 'Khai vị', 1, 10),
(1627, '/food/lau1.jpg', 'Phở bò tái nạm thơm ngon, nước dùng đậm đà.', 'Phở bò 24', 35000, 60, 'f', 'Giảm 15%', 'Tráng miệng', 1, 10),
(1628, '/food/lau1.jpg', 'Phở bò tái nạm thơm ngon, nước dùng đậm đà.', 'Phở bò 25', 60000, 65, 'f', 'Giảm 10%', 'Tráng miệng', 1, 10),
(1629, '/food/lau1.jpg', 'Phở bò tái nạm thơm ngon, nước dùng đậm đà.', 'Phở bò 26', 95000, 75, 'f', 'Giảm 5%', 'Khai vị', 1, 10),
(1630, '/food/lau1.jpg', 'Phở bò tái nạm thơm ngon, nước dùng đậm đà.', 'Phở bò 27', 30000, 65, 't', 'Giảm 5%', 'Khai vị', 1, 10),
(1631, '/food/lau1.jpg', 'Phở bò tái nạm thơm ngon, nước dùng đậm đà.', 'Phở bò 28', 55000, 45, 't', 'Giảm 10%', 'Món chính', 1, 10),
(1632, '/food/lau1.jpg', 'Phở bò tái nạm thơm ngon, nước dùng đậm đà.', 'Phở bò 29', 20000, 65, 'f', 'Giảm 15%', 'Món chính', 1, 10),
(1633, '/food/lau1.jpg', 'Phở bò tái nạm thơm ngon, nước dùng đậm đà.', 'Phở bò 30', 90000, 55, 'f', 'Giảm 5%', 'Khai vị', 1, 10),
(1634, '/food/lau1.jpg', 'Phở bò tái nạm thơm ngon, nước dùng đậm đà.', 'Phở bò 31', 75000, 20, 'f', 'Giảm 15%', 'Món chính', 1, 10),
(1635, '/food/lau1.jpg', 'Phở bò tái nạm thơm ngon, nước dùng đậm đà.', 'Phở bò 32', 30000, 20, 't', 'Giảm 20%', 'Món chính', 1, 10),
(1636, '/food/lau1.jpg', 'Phở bò tái nạm thơm ngon, nước dùng đậm đà.', 'Phở bò 33', 55000, 25, 't', 'Giảm 10%', 'Món chính', 1, 10),
(1637, '/food/lau1.jpg', 'Phở bò tái nạm thơm ngon, nước dùng đậm đà.', 'Phở bò 34', 55000, 35, 't', 'Giảm 10%', 'Món chính', 1, 10),
(1638, '/food/lau1.jpg', 'Phở bò tái nạm thơm ngon, nước dùng đậm đà.', 'Phở bò 35', 95000, 60, 't', 'Giảm 5%', 'Tráng miệng', 1, 10),
(1639, '/food/lau1.jpg', 'Phở bò tái nạm thơm ngon, nước dùng đậm đà.', 'Phở bò 36', 25000, 55, 'f', 'Giảm 5%', 'Khai vị', 1, 10),
(1640, '/food/lau1.jpg', 'Phở bò tái nạm thơm ngon, nước dùng đậm đà.', 'Phở bò 37', 25000, 50, 't', 'Giảm 15%', 'Món chính', 1, 10),
(1641, '/food/lau1.jpg', 'Phở bò tái nạm thơm ngon, nước dùng đậm đà.', 'Phở bò 38', 90000, 30, 'f', 'Giảm 15%', 'Món chính', 1, 10),
(1642, '/food/lau1.jpg', 'Phở bò tái nạm thơm ngon, nước dùng đậm đà.', 'Phở bò 39', 90000, 30, 'f', 'Giảm 5%', 'Khai vị', 1, 10),
(1643, '/food/lau1.jpg', 'Phở bò tái nạm thơm ngon, nước dùng đậm đà.', 'Phở bò 40', 20000, 50, 'f', 'Giảm 15%', 'Món chính', 1, 10),
(1644, '/food/lau1.jpg', 'Phở bò tái nạm thơm ngon, nước dùng đậm đà.', 'Phở bò 41', 30000, 40, 't', 'Giảm 10%', 'Khai vị', 1, 10),
(1645, '/food/lau1.jpg', 'Phở bò tái nạm thơm ngon, nước dùng đậm đà.', 'Phở bò 42', 30000, 30, 't', 'Giảm 10%', 'Khai vị', 1, 10),
(1646, '/food/lau1.jpg', 'Phở bò tái nạm thơm ngon, nước dùng đậm đà.', 'Phở bò 43', 30000, 35, 't', 'Giảm 10%', 'Món chính', 1, 10),
(1647, '/food/lau1.jpg', 'Phở bò tái nạm thơm ngon, nước dùng đậm đà.', 'Phở bò 44', 80000, 65, 't', 'Giảm 5%', 'Tráng miệng', 1, 10),
(1648, '/food/lau1.jpg', 'Phở bò tái nạm thơm ngon, nước dùng đậm đà.', 'Phở bò 45', 75000, 60, 't', 'Giảm 10%', 'Khai vị', 1, 10),
(1649, '/food/lau1.jpg', 'Phở bò tái nạm thơm ngon, nước dùng đậm đà.', 'Phở bò 46', 60000, 25, 't', 'Giảm 5%', 'Tráng miệng', 1, 10),
(1650, '/food/lau1.jpg', 'Phở bò tái nạm thơm ngon, nước dùng đậm đà.', 'Phở bò 47', 55000, 65, 't', 'Giảm 10%', 'Khai vị', 1, 10),
(1651, '/food/lau1.jpg', 'Phở bò tái nạm thơm ngon, nước dùng đậm đà.', 'Phở bò 48', 40000, 60, 't', 'Giảm 5%', 'Tráng miệng', 1, 10),
(1652, '/food/lau1.jpg', 'Phở bò tái nạm thơm ngon, nước dùng đậm đà.', 'Phở bò 49', 85000, 20, 't', 'Giảm 5%', 'Khai vị', 1, 10),
(1653, '/food/lau1.jpg', 'Phở bò tái nạm thơm ngon, nước dùng đậm đà.', 'Phở bò 50', 50000, 75, 'f', 'Giảm 15%', 'Món chính', 1, 10),
(1654, '/food/lau1.jpg', 'Phở bò tái nạm thơm ngon, nước dùng đậm đà.', 'Phở bò 51', 45000, 70, 't', 'Giảm 5%', 'Khai vị', 1, 10),
(1655, '/food/lau1.jpg', 'Phở bò tái nạm thơm ngon, nước dùng đậm đà.', 'Phở bò 52', 90000, 30, 'f', 'Giảm 15%', 'Tráng miệng', 1, 10),
(1656, '/food/lau1.jpg', 'Phở bò tái nạm thơm ngon, nước dùng đậm đà.', 'Phở bò 53', 80000, 65, 't', 'Giảm 10%', 'Món chính', 1, 10),
(1657, '/food/lau1.jpg', 'Phở bò tái nạm thơm ngon, nước dùng đậm đà.', 'Phở bò 54', 35000, 70, 't', 'Giảm 5%', 'Tráng miệng', 1, 10),
(1658, '/food/lau1.jpg', 'Phở bò tái nạm thơm ngon, nước dùng đậm đà.', 'Phở bò 55', 50000, 40, 't', 'Giảm 5%', 'Tráng miệng', 1, 10),
(1659, '/food/lau1.jpg', 'Phở bò tái nạm thơm ngon, nước dùng đậm đà.', 'Phở bò 56', 95000, 40, 't', 'Giảm 10%', 'Món chính', 1, 10),
(1660, '/food/lau1.jpg', 'Phở bò tái nạm thơm ngon, nước dùng đậm đà.', 'Phở bò 57', 75000, 50, 't', 'Giảm 10%', 'Món chính', 1, 10),
(1661, '/food/lau1.jpg', 'Phở bò tái nạm thơm ngon, nước dùng đậm đà.', 'Phở bò 58', 95000, 65, 't', 'Giảm 10%', 'Khai vị', 1, 10),
(1662, '/food/lau1.jpg', 'Phở bò tái nạm thơm ngon, nước dùng đậm đà.', 'Phở bò 59', 60000, 20, 't', 'Giảm 10%', 'Khai vị', 1, 10),
(1663, '/food/lau1.jpg', 'Phở bò tái nạm thơm ngon, nước dùng đậm đà.', 'Phở bò 60', 50000, 60, 't', 'Giảm 10%', 'Món chính', 1, 10),
(1664, '/food/lau1.jpg', 'Phở bò tái nạm thơm ngon, nước dùng đậm đà.', 'Phở bò 61', 50000, 20, 't', 'Giảm 10%', 'Món chính', 1, 10),
(1665, '/food/lau1.jpg', 'Phở bò tái nạm thơm ngon, nước dùng đậm đà.', 'Phở bò 62', 30000, 60, 't', 'Giảm 15%', 'Món chính', 1, 10),
(1666, '/food/lau1.jpg', 'Phở bò tái nạm thơm ngon, nước dùng đậm đà.', 'Phở bò 63', 40000, 55, 't', 'Giảm 10%', 'Khai vị', 1, 10),
(1667, '/food/lau1.jpg', 'Phở bò tái nạm thơm ngon, nước dùng đậm đà.', 'Phở bò 64', 80000, 25, 't', 'Giảm 10%', 'Khai vị', 1, 10),
(1668, '/food/lau1.jpg', 'Phở bò tái nạm thơm ngon, nước dùng đậm đà.', 'Phở bò 65', 85000, 20, 't', 'Giảm 10%', 'Khai vị', 1, 10),
(1669, '/food/lau1.jpg', 'Phở bò tái nạm thơm ngon, nước dùng đậm đà.', 'Phở bò 66', 20000, 55, 't', 'Giảm 10%', 'Món chính', 1, 10),
(1670, '/food/lau1.jpg', 'Phở bò tái nạm thơm ngon, nước dùng đậm đà.', 'Phở bò 67', 90000, 65, 'f', 'Giảm 5%', 'Khai vị', 1, 10),
(1671, '/food/lau1.jpg', 'Phở bò tái nạm thơm ngon, nước dùng đậm đà.', 'Phở bò 68', 45000, 75, 'f', 'Giảm 15%', 'Món chính', 1, 10),
(1672, '/food/lau1.jpg', 'Phở bò tái nạm thơm ngon, nước dùng đậm đà.', 'Phở bò 69', 90000, 45, 'f', 'Giảm 10%', 'Tráng miệng', 1, 10),
(1673, '/food/lau1.jpg', 'Phở bò tái nạm thơm ngon, nước dùng đậm đà.', 'Phở bò 70', 60000, 70, 't', 'Giảm 25%', 'Món chính', 1, 10),
(1674, '/food/lau1.jpg', 'Phở bò tái nạm thơm ngon, nước dùng đậm đà.', 'Phở bò 71', 85000, 55, 't', 'Giảm 10%', 'Khai vị', 1, 10),
(1675, '/food/lau1.jpg', 'Phở bò tái nạm thơm ngon, nước dùng đậm đà.', 'Phở bò 72', 25000, 65, 't', 'Giảm 10%', 'Món chính', 1, 10),
(1676, '/food/lau1.jpg', 'Phở bò tái nạm thơm ngon, nước dùng đậm đà.', 'Phở bò 73', 70000, 55, 't', 'Giảm 5%', 'Khai vị', 1, 10),
(1677, '/food/lau1.jpg', 'Phở bò tái nạm thơm ngon, nước dùng đậm đà.', 'Phở bò 74', 40000, 70, 't', 'Giảm 5%', 'Tráng miệng', 1, 10),
(1678, '/food/lau1.jpg', 'Phở bò tái nạm thơm ngon, nước dùng đậm đà.', 'Phở bò 75', 60000, 60, 't', 'Giảm 10%', 'Khai vị', 1, 10),
(1679, '/food/lau1.jpg', 'Phở bò tái nạm thơm ngon, nước dùng đậm đà.', 'Phở bò 76', 60000, 50, 'f', 'Giảm 10%', 'Tráng miệng', 1, 10),
(1680, '/food/lau1.jpg', 'Phở bò tái nạm thơm ngon, nước dùng đậm đà.', 'Phở bò 77', 85000, 45, 'f', 'Giảm 5%', 'Khai vị', 1, 10),
(1681, '/food/lau1.jpg', 'Phở bò tái nạm thơm ngon, nước dùng đậm đà.', 'Phở bò 78', 65000, 35, 't', 'Giảm 10%', 'Khai vị', 1, 10),
(1682, '/food/lau1.jpg', 'Phở bò tái nạm thơm ngon, nước dùng đậm đà.', 'Phở bò 79', 95000, 40, 't', 'Giảm 10%', 'Khai vị', 1, 10),
(1683, '/food/lau1.jpg', 'Phở bò tái nạm thơm ngon, nước dùng đậm đà.', 'Phở bò 80', 70000, 25, 't', 'Giảm 10%', 'Món chính', 1, 10),
(1684, '/food/lau1.jpg', 'Phở bò tái nạm thơm ngon, nước dùng đậm đà.', 'Phở bò 81', 60000, 70, 'f', 'Giảm 5%', 'Khai vị', 1, 10),
(1685, '/food/lau1.jpg', 'Phở bò tái nạm thơm ngon, nước dùng đậm đà.', 'Phở bò 82', 20000, 30, 'f', 'Giảm 15%', 'Món chính', 1, 10),
(1686, '/food/lau1.jpg', 'Phở bò tái nạm thơm ngon, nước dùng đậm đà.', 'Phở bò 83', 25000, 25, 't', 'Giảm 5%', 'Tráng miệng', 1, 10),
(1687, '/food/lau1.jpg', 'Phở bò tái nạm thơm ngon, nước dùng đậm đà.', 'Phở bò 84', 60000, 65, 't', 'Giảm 5%', 'Khai vị', 1, 10),
(1688, '/food/lau1.jpg', 'Phở bò tái nạm thơm ngon, nước dùng đậm đà.', 'Phở bò 85', 30000, 55, 'f', 'Giảm 30%', 'Tráng miệng', 1, 10),
(1689, '/food/lau1.jpg', 'Phở bò tái nạm thơm ngon, nước dùng đậm đà.', 'Phở bò 86', 80000, 40, 'f', 'Giảm 15%', 'Món chính', 1, 10),
(1690, '/food/lau1.jpg', 'Phở bò tái nạm thơm ngon, nước dùng đậm đà.', 'Phở bò 87', 35000, 60, 't', 'Giảm 10%', 'Khai vị', 1, 10),
(1691, '/food/lau1.jpg', 'Phở bò tái nạm thơm ngon, nước dùng đậm đà.', 'Phở bò 88', 35000, 60, 't', 'Giảm 10%', 'Món chính', 1, 10),
(1692, '/food/lau1.jpg', 'Phở bò tái nạm thơm ngon, nước dùng đậm đà.', 'Phở bò 89', 50000, 70, 't', 'Giảm 10%', 'Món chính', 1, 10),
(1693, '/food/lau1.jpg', 'Phở bò tái nạm thơm ngon, nước dùng đậm đà.', 'Phở bò 90', 35000, 75, 't', 'Giảm 15%', 'Món chính', 1, 10),
(1694, '/food/lau1.jpg', 'Phở bò tái nạm thơm ngon, nước dùng đậm đà.', 'Phở bò 91', 30000, 55, 'f', 'Giảm 10%', 'Tráng miệng', 1, 10),
(1695, '/food/lau1.jpg', 'Phở bò tái nạm thơm ngon, nước dùng đậm đà.', 'Phở bò 92', 90000, 45, 't', 'Giảm 10%', 'Khai vị', 1, 10),
(1696, '/food/lau1.jpg', 'Phở bò tái nạm thơm ngon, nước dùng đậm đà.', 'Phở bò 93', 35000, 70, 't', 'Giảm 10%', 'Khai vị', 1, 10),
(1697, '/food/lau1.jpg', 'Phở bò tái nạm thơm ngon, nước dùng đậm đà.', 'Phở bò 94', 35000, 45, 't', 'Giảm 10%', 'Khai vị', 1, 10),
(1698, '/food/lau1.jpg', 'Phở bò tái nạm thơm ngon, nước dùng đậm đà.', 'Phở bò 95', 65000, 20, 'f', 'Giảm 10%', 'Tráng miệng', 1, 10),
(1699, '/food/lau1.jpg', 'Phở bò tái nạm thơm ngon, nước dùng đậm đà.', 'Phở bò 96', 60000, 75, 'f', 'Giảm 15%', 'Món chính', 1, 10),
(1700, '/food/lau1.jpg', 'Phở bò tái nạm thơm ngon, nước dùng đậm đà.', 'Phở bò 97', 95000, 55, 'f', 'Giảm 15%', 'Tráng miệng', 1, 10),
(1701, '/food/lau1.jpg', 'Phở bò tái nạm thơm ngon, nước dùng đậm đà.', 'Phở bò 98', 75000, 40, 't', 'Giảm 10%', 'Khai vị', 1, 10),
(1702, '/food/lau1.jpg', 'Phở bò tái nạm thơm ngon, nước dùng đậm đà.', 'Phở bò 99', 20000, 35, 't', 'Giảm 10%', 'Món chính', 1, 10),
(1703, '/food/ga1.jpg', 'Chè bưởi giòn ngon, nước cốt dừa béo ngậy.', 'Chè bưởi 01', 35000, 25, 't', 'Giảm 5%', 'Tráng miệng', 1, 7),
(1704, '/food/ga1.jpg', 'Chè bưởi giòn ngon, nước cốt dừa béo ngậy.', 'Chè bưởi 02', 50000, 20, 'f', 'Giảm 15%', 'Món chính', 1, 7),
(1705, '/food/ga1.jpg', 'Chè bưởi giòn ngon, nước cốt dừa béo ngậy.', 'Chè bưởi 03', 30000, 70, 't', 'Giảm 10%', 'Khai vị', 1, 7),
(1706, '/food/ga1.jpg', 'Chè bưởi giòn ngon, nước cốt dừa béo ngậy.', 'Chè bưởi 04', 60000, 60, 't', 'Giảm 10%', 'Khai vị', 1, 7),
(1707, '/food/ga1.jpg', 'Chè bưởi giòn ngon, nước cốt dừa béo ngậy.', 'Chè bưởi 05', 35000, 55, 'f', 'Giảm 15%', 'Tráng miệng', 1, 7),
(1708, '/food/ga1.jpg', 'Chè bưởi giòn ngon, nước cốt dừa béo ngậy.', 'Chè bưởi 06', 35000, 55, 't', 'Giảm 10%', 'Món chính', 1, 7),
(1709, '/food/ga1.jpg', 'Chè bưởi giòn ngon, nước cốt dừa béo ngậy.', 'Chè bưởi 07', 40000, 45, 't', 'Giảm 5%', 'Tráng miệng', 1, 7),
(1710, '/food/ga1.jpg', 'Chè bưởi giòn ngon, nước cốt dừa béo ngậy.', 'Chè bưởi 08', 45000, 60, 't', 'Giảm 10%', 'Món chính', 1, 7),
(1711, '/food/ga1.jpg', 'Chè bưởi giòn ngon, nước cốt dừa béo ngậy.', 'Chè bưởi 09', 85000, 25, 't', 'Giảm 10%', 'Món chính', 1, 7),
(1712, '/food/ga1.jpg', 'Chè bưởi giòn ngon, nước cốt dừa béo ngậy.', 'Chè bưởi 10', 65000, 45, 'f', 'Giảm 5%', 'Khai vị', 1, 7),
(1713, '/food/ga1.jpg', 'Chè bưởi giòn ngon, nước cốt dừa béo ngậy.', 'Chè bưởi 11', 55000, 65, 't', 'Giảm 5%', 'Tráng miệng', 1, 7),
(1714, '/food/ga1.jpg', 'Chè bưởi giòn ngon, nước cốt dừa béo ngậy.', 'Chè bưởi 12', 95000, 55, 'f', 'Giảm 15%', 'Món chính', 1, 7),
(1715, '/food/ga1.jpg', 'Chè bưởi giòn ngon, nước cốt dừa béo ngậy.', 'Chè bưởi 13', 55000, 35, 'f', 'Giảm 15%', 'Tráng miệng', 1, 7),
(1716, '/food/ga1.jpg', 'Chè bưởi giòn ngon, nước cốt dừa béo ngậy.', 'Chè bưởi 14', 70000, 35, 'f', 'Giảm 5%', 'Khai vị', 1, 7),
(1717, '/food/ga1.jpg', 'Chè bưởi giòn ngon, nước cốt dừa béo ngậy.', 'Chè bưởi 15', 80000, 70, 't', 'Giảm 10%', 'Món chính', 1, 7),
(1718, '/food/ga1.jpg', 'Chè bưởi giòn ngon, nước cốt dừa béo ngậy.', 'Chè bưởi 16', 50000, 55, 't', 'Giảm 10%', 'Khai vị', 1, 7),
(1719, '/food/ga1.jpg', 'Chè bưởi giòn ngon, nước cốt dừa béo ngậy.', 'Chè bưởi 17', 70000, 30, 't', 'Giảm 10%', 'Khai vị', 1, 7),
(1720, '/food/ga1.jpg', 'Chè bưởi giòn ngon, nước cốt dừa béo ngậy.', 'Chè bưởi 18', 55000, 50, 't', 'Giảm 10%', 'Món chính', 1, 7),
(1721, '/food/ga1.jpg', 'Chè bưởi giòn ngon, nước cốt dừa béo ngậy.', 'Chè bưởi 19', 95000, 45, 't', 'Giảm 10%', 'Khai vị', 1, 7),
(1722, '/food/ga1.jpg', 'Chè bưởi giòn ngon, nước cốt dừa béo ngậy.', 'Chè bưởi 20', 25000, 25, 'f', 'Giảm 10%', 'Tráng miệng', 1, 7),
(1723, '/food/ga1.jpg', 'Chè bưởi giòn ngon, nước cốt dừa béo ngậy.', 'Chè bưởi 21', 40000, 45, 't', 'Giảm 10%', 'Khai vị', 1, 7),
(1724, '/food/ga1.jpg', 'Chè bưởi giòn ngon, nước cốt dừa béo ngậy.', 'Chè bưởi 22', 85000, 35, 't', 'Giảm 10%', 'Món chính', 1, 7),
(1725, '/food/ga1.jpg', 'Chè bưởi giòn ngon, nước cốt dừa béo ngậy.', 'Chè bưởi 23', 90000, 40, 't', 'Giảm 10%', 'Khai vị', 1, 7),
(1726, '/food/ga1.jpg', 'Chè bưởi giòn ngon, nước cốt dừa béo ngậy.', 'Chè bưởi 24', 35000, 35, 't', 'Giảm 25%', 'Món chính', 1, 7),
(1727, '/food/ga1.jpg', 'Chè bưởi giòn ngon, nước cốt dừa béo ngậy.', 'Chè bưởi 25', 40000, 65, 'f', 'Giảm 15%', 'Món chính', 1, 7),
(1728, '/food/ga1.jpg', 'Chè bưởi giòn ngon, nước cốt dừa béo ngậy.', 'Chè bưởi 26', 95000, 45, 'f', 'Giảm 15%', 'Món chính', 1, 7),
(1729, '/food/ga1.jpg', 'Chè bưởi giòn ngon, nước cốt dừa béo ngậy.', 'Chè bưởi 27', 60000, 25, 'f', 'Giảm 15%', 'Món chính', 1, 7),
(1730, '/food/ga1.jpg', 'Chè bưởi giòn ngon, nước cốt dừa béo ngậy.', 'Chè bưởi 28', 55000, 35, 't', 'Giảm 15%', 'Món chính', 1, 7),
(1731, '/food/ga1.jpg', 'Chè bưởi giòn ngon, nước cốt dừa béo ngậy.', 'Chè bưởi 29', 50000, 75, 't', 'Giảm 10%', 'Khai vị', 1, 7),
(1732, '/food/ga1.jpg', 'Chè bưởi giòn ngon, nước cốt dừa béo ngậy.', 'Chè bưởi 30', 80000, 35, 't', 'Giảm 10%', 'Khai vị', 1, 7),
(1733, '/food/ga1.jpg', 'Chè bưởi giòn ngon, nước cốt dừa béo ngậy.', 'Chè bưởi 31', 95000, 75, 't', 'Giảm 10%', 'Món chính', 1, 7),
(1734, '/food/ga1.jpg', 'Chè bưởi giòn ngon, nước cốt dừa béo ngậy.', 'Chè bưởi 32', 40000, 45, 'f', 'Giảm 15%', 'Món chính', 1, 7),
(1735, '/food/ga1.jpg', 'Chè bưởi giòn ngon, nước cốt dừa béo ngậy.', 'Chè bưởi 33', 90000, 45, 't', 'Giảm 5%', 'Tráng miệng', 1, 7),
(1736, '/food/ga1.jpg', 'Chè bưởi giòn ngon, nước cốt dừa béo ngậy.', 'Chè bưởi 34', 85000, 70, 't', 'Giảm 20%', 'Món chính', 1, 7),
(1737, '/food/ga1.jpg', 'Chè bưởi giòn ngon, nước cốt dừa béo ngậy.', 'Chè bưởi 35', 75000, 45, 't', 'Giảm 10%', 'Món chính', 1, 7),
(1738, '/food/ga1.jpg', 'Chè bưởi giòn ngon, nước cốt dừa béo ngậy.', 'Chè bưởi 36', 90000, 75, 'f', 'Giảm 10%', 'Tráng miệng', 1, 7),
(1739, '/food/ga1.jpg', 'Chè bưởi giòn ngon, nước cốt dừa béo ngậy.', 'Chè bưởi 37', 75000, 35, 'f', 'Giảm 30%', 'Tráng miệng', 1, 7),
(1740, '/food/ga1.jpg', 'Chè bưởi giòn ngon, nước cốt dừa béo ngậy.', 'Chè bưởi 38', 90000, 35, 't', 'Giảm 20%', 'Món chính', 1, 7),
(1741, '/food/ga1.jpg', 'Chè bưởi giòn ngon, nước cốt dừa béo ngậy.', 'Chè bưởi 39', 25000, 40, 't', 'Giảm 10%', 'Khai vị', 1, 7),
(1742, '/food/ga1.jpg', 'Chè bưởi giòn ngon, nước cốt dừa béo ngậy.', 'Chè bưởi 40', 55000, 55, 't', 'Giảm 15%', 'Món chính', 1, 7),
(1743, '/food/ga1.jpg', 'Chè bưởi giòn ngon, nước cốt dừa béo ngậy.', 'Chè bưởi 41', 90000, 20, 't', 'Giảm 10%', 'Khai vị', 1, 7),
(1744, '/food/ga1.jpg', 'Chè bưởi giòn ngon, nước cốt dừa béo ngậy.', 'Chè bưởi 42', 65000, 25, 'f', 'Giảm 5%', 'Khai vị', 1, 7),
(1745, '/food/ga1.jpg', 'Chè bưởi giòn ngon, nước cốt dừa béo ngậy.', 'Chè bưởi 43', 25000, 30, 't', 'Giảm 10%', 'Khai vị', 1, 7),
(1746, '/food/ga1.jpg', 'Chè bưởi giòn ngon, nước cốt dừa béo ngậy.', 'Chè bưởi 44', 95000, 20, 'f', 'Giảm 15%', 'Món chính', 1, 7),
(1747, '/food/ga1.jpg', 'Chè bưởi giòn ngon, nước cốt dừa béo ngậy.', 'Chè bưởi 45', 75000, 35, 't', 'Giảm 10%', 'Món chính', 1, 7),
(1748, '/food/ga1.jpg', 'Chè bưởi giòn ngon, nước cốt dừa béo ngậy.', 'Chè bưởi 46', 55000, 75, 'f', 'Giảm 15%', 'Món chính', 1, 7),
(1749, '/food/ga1.jpg', 'Chè bưởi giòn ngon, nước cốt dừa béo ngậy.', 'Chè bưởi 47', 95000, 20, 't', 'Giảm 5%', 'Tráng miệng', 1, 7),
(1750, '/food/ga1.jpg', 'Chè bưởi giòn ngon, nước cốt dừa béo ngậy.', 'Chè bưởi 48', 75000, 65, 't', 'Giảm 10%', 'Khai vị', 1, 7),
(1751, '/food/ga1.jpg', 'Chè bưởi giòn ngon, nước cốt dừa béo ngậy.', 'Chè bưởi 49', 70000, 55, 't', 'Giảm 5%', 'Khai vị', 1, 7),
(1752, '/food/ga1.jpg', 'Chè bưởi giòn ngon, nước cốt dừa béo ngậy.', 'Chè bưởi 50', 90000, 45, 't', 'Giảm 10%', 'Món chính', 1, 7),
(1753, '/food/ga1.jpg', 'Chè bưởi giòn ngon, nước cốt dừa béo ngậy.', 'Chè bưởi 51', 30000, 45, 't', 'Giảm 10%', 'Khai vị', 1, 7),
(1754, '/food/ga1.jpg', 'Chè bưởi giòn ngon, nước cốt dừa béo ngậy.', 'Chè bưởi 52', 55000, 30, 't', 'Giảm 5%', 'Tráng miệng', 1, 7),
(1755, '/food/ga1.jpg', 'Chè bưởi giòn ngon, nước cốt dừa béo ngậy.', 'Chè bưởi 53', 80000, 55, 'f', 'Giảm 10%', 'Tráng miệng', 1, 7),
(1756, '/food/ga1.jpg', 'Chè bưởi giòn ngon, nước cốt dừa béo ngậy.', 'Chè bưởi 54', 70000, 60, 't', 'Giảm 10%', 'Món chính', 1, 7),
(1757, '/food/ga1.jpg', 'Chè bưởi giòn ngon, nước cốt dừa béo ngậy.', 'Chè bưởi 55', 65000, 70, 't', 'Giảm 10%', 'Khai vị', 1, 7),
(1758, '/food/ga1.jpg', 'Chè bưởi giòn ngon, nước cốt dừa béo ngậy.', 'Chè bưởi 56', 50000, 60, 't', 'Giảm 10%', 'Khai vị', 1, 7),
(1759, '/food/ga1.jpg', 'Chè bưởi giòn ngon, nước cốt dừa béo ngậy.', 'Chè bưởi 57', 80000, 65, 't', 'Giảm 25%', 'Món chính', 1, 7),
(1760, '/food/ga1.jpg', 'Chè bưởi giòn ngon, nước cốt dừa béo ngậy.', 'Chè bưởi 58', 90000, 25, 't', 'Giảm 5%', 'Tráng miệng', 1, 7),
(1761, '/food/ga1.jpg', 'Chè bưởi giòn ngon, nước cốt dừa béo ngậy.', 'Chè bưởi 59', 85000, 30, 'f', 'Giảm 5%', 'Khai vị', 1, 7),
(1762, '/food/ga1.jpg', 'Chè bưởi giòn ngon, nước cốt dừa béo ngậy.', 'Chè bưởi 60', 80000, 40, 't', 'Giảm 10%', 'Món chính', 1, 7),
(1763, '/food/ga1.jpg', 'Chè bưởi giòn ngon, nước cốt dừa béo ngậy.', 'Chè bưởi 61', 80000, 55, 't', 'Giảm 10%', 'Món chính', 1, 7),
(1764, '/food/ga1.jpg', 'Chè bưởi giòn ngon, nước cốt dừa béo ngậy.', 'Chè bưởi 62', 50000, 40, 'f', 'Giảm 15%', 'Món chính', 1, 7),
(1765, '/food/ga1.jpg', 'Chè bưởi giòn ngon, nước cốt dừa béo ngậy.', 'Chè bưởi 63', 95000, 70, 't', 'Giảm 25%', 'Món chính', 1, 7),
(1766, '/food/ga1.jpg', 'Chè bưởi giòn ngon, nước cốt dừa béo ngậy.', 'Chè bưởi 64', 55000, 20, 't', 'Giảm 10%', 'Khai vị', 1, 7),
(1767, '/food/ga1.jpg', 'Chè bưởi giòn ngon, nước cốt dừa béo ngậy.', 'Chè bưởi 65', 40000, 70, 't', 'Giảm 10%', 'Khai vị', 1, 7),
(1768, '/food/ga1.jpg', 'Chè bưởi giòn ngon, nước cốt dừa béo ngậy.', 'Chè bưởi 66', 25000, 50, 'f', 'Giảm 15%', 'Món chính', 1, 7),
(1769, '/food/ga1.jpg', 'Chè bưởi giòn ngon, nước cốt dừa béo ngậy.', 'Chè bưởi 67', 25000, 55, 'f', 'Giảm 10%', 'Tráng miệng', 1, 7),
(1770, '/food/ga1.jpg', 'Chè bưởi giòn ngon, nước cốt dừa béo ngậy.', 'Chè bưởi 68', 75000, 75, 't', 'Giảm 10%', 'Khai vị', 1, 7),
(1771, '/food/ga1.jpg', 'Chè bưởi giòn ngon, nước cốt dừa béo ngậy.', 'Chè bưởi 69', 70000, 55, 'f', 'Giảm 15%', 'Tráng miệng', 1, 7),
(1772, '/food/ga1.jpg', 'Chè bưởi giòn ngon, nước cốt dừa béo ngậy.', 'Chè bưởi 70', 30000, 35, 't', 'Giảm 20%', 'Món chính', 1, 7),
(1773, '/food/ga1.jpg', 'Chè bưởi giòn ngon, nước cốt dừa béo ngậy.', 'Chè bưởi 71', 35000, 70, 't', 'Giảm 10%', 'Khai vị', 1, 7),
(1774, '/food/ga1.jpg', 'Chè bưởi giòn ngon, nước cốt dừa béo ngậy.', 'Chè bưởi 72', 90000, 55, 't', 'Giảm 10%', 'Món chính', 1, 7),
(1775, '/food/ga1.jpg', 'Chè bưởi giòn ngon, nước cốt dừa béo ngậy.', 'Chè bưởi 73', 85000, 20, 'f', 'Giảm 5%', 'Khai vị', 1, 7),
(1776, '/food/ga1.jpg', 'Chè bưởi giòn ngon, nước cốt dừa béo ngậy.', 'Chè bưởi 74', 85000, 50, 't', 'Giảm 10%', 'Khai vị', 1, 7),
(1777, '/food/ga1.jpg', 'Chè bưởi giòn ngon, nước cốt dừa béo ngậy.', 'Chè bưởi 75', 75000, 55, 't', 'Giảm 10%', 'Khai vị', 1, 7),
(1778, '/food/ga1.jpg', 'Chè bưởi giòn ngon, nước cốt dừa béo ngậy.', 'Chè bưởi 76', 80000, 50, 'f', 'Giảm 15%', 'Món chính', 1, 7),
(1779, '/food/ga1.jpg', 'Chè bưởi giòn ngon, nước cốt dừa béo ngậy.', 'Chè bưởi 77', 65000, 70, 't', 'Giảm 10%', 'Khai vị', 1, 7),
(1780, '/food/ga1.jpg', 'Chè bưởi giòn ngon, nước cốt dừa béo ngậy.', 'Chè bưởi 78', 25000, 20, 't', 'Giảm 10%', 'Khai vị', 1, 7),
(1781, '/food/ga1.jpg', 'Chè bưởi giòn ngon, nước cốt dừa béo ngậy.', 'Chè bưởi 79', 60000, 70, 'f', 'Giảm 10%', 'Tráng miệng', 1, 7),
(1782, '/food/ga1.jpg', 'Chè bưởi giòn ngon, nước cốt dừa béo ngậy.', 'Chè bưởi 80', 70000, 40, 't', 'Giảm 10%', 'Khai vị', 1, 7),
(1783, '/food/ga1.jpg', 'Chè bưởi giòn ngon, nước cốt dừa béo ngậy.', 'Chè bưởi 81', 75000, 55, 't', 'Giảm 15%', 'Món chính', 1, 7),
(1784, '/food/ga1.jpg', 'Chè bưởi giòn ngon, nước cốt dừa béo ngậy.', 'Chè bưởi 82', 60000, 75, 'f', 'Giảm 5%', 'Khai vị', 1, 7),
(1785, '/food/ga1.jpg', 'Chè bưởi giòn ngon, nước cốt dừa béo ngậy.', 'Chè bưởi 83', 25000, 45, 't', 'Giảm 10%', 'Món chính', 1, 7),
(1786, '/food/ga1.jpg', 'Chè bưởi giòn ngon, nước cốt dừa béo ngậy.', 'Chè bưởi 84', 95000, 75, 'f', 'Giảm 5%', 'Khai vị', 1, 7),
(1787, '/food/ga1.jpg', 'Chè bưởi giòn ngon, nước cốt dừa béo ngậy.', 'Chè bưởi 85', 70000, 20, 't', 'Giảm 10%', 'Khai vị', 1, 7),
(1788, '/food/ga1.jpg', 'Chè bưởi giòn ngon, nước cốt dừa béo ngậy.', 'Chè bưởi 86', 35000, 60, 't', 'Giảm 10%', 'Khai vị', 1, 7),
(1789, '/food/ga1.jpg', 'Chè bưởi giòn ngon, nước cốt dừa béo ngậy.', 'Chè bưởi 87', 90000, 35, 't', 'Giảm 5%', 'Khai vị', 1, 7),
(1790, '/food/ga1.jpg', 'Chè bưởi giòn ngon, nước cốt dừa béo ngậy.', 'Chè bưởi 88', 95000, 70, 'f', 'Giảm 15%', 'Món chính', 1, 7),
(1791, '/food/ga1.jpg', 'Chè bưởi giòn ngon, nước cốt dừa béo ngậy.', 'Chè bưởi 89', 60000, 50, 't', 'Giảm 10%', 'Khai vị', 1, 7),
(1792, '/food/ga1.jpg', 'Chè bưởi giòn ngon, nước cốt dừa béo ngậy.', 'Chè bưởi 90', 85000, 40, 'f', 'Giảm 10%', 'Tráng miệng', 1, 7),
(1793, '/food/ga1.jpg', 'Chè bưởi giòn ngon, nước cốt dừa béo ngậy.', 'Chè bưởi 91', 70000, 35, 't', 'Giảm 10%', 'Khai vị', 1, 7),
(1794, '/food/ga1.jpg', 'Chè bưởi giòn ngon, nước cốt dừa béo ngậy.', 'Chè bưởi 92', 60000, 45, 'f', 'Giảm 15%', 'Món chính', 1, 7),
(1795, '/food/ga1.jpg', 'Chè bưởi giòn ngon, nước cốt dừa béo ngậy.', 'Chè bưởi 93', 40000, 75, 'f', 'Giảm 5%', 'Khai vị', 1, 7),
(1796, '/food/ga1.jpg', 'Chè bưởi giòn ngon, nước cốt dừa béo ngậy.', 'Chè bưởi 94', 60000, 75, 't', 'Giảm 25%', 'Món chính', 1, 7),
(1797, '/food/ga1.jpg', 'Chè bưởi giòn ngon, nước cốt dừa béo ngậy.', 'Chè bưởi 95', 45000, 25, 'f', 'Giảm 10%', 'Tráng miệng', 1, 7),
(1798, '/food/ga1.jpg', 'Chè bưởi giòn ngon, nước cốt dừa béo ngậy.', 'Chè bưởi 96', 45000, 65, 'f', 'Giảm 15%', 'Món chính', 1, 7),
(1799, '/food/ga1.jpg', 'Chè bưởi giòn ngon, nước cốt dừa béo ngậy.', 'Chè bưởi 97', 85000, 50, 'f', 'Giảm 15%', 'Tráng miệng', 1, 7),
(1800, '/food/ga1.jpg', 'Chè bưởi giòn ngon, nước cốt dừa béo ngậy.', 'Chè bưởi 98', 70000, 45, 't', 'Giảm 10%', 'Món chính', 1, 7),
(1801, '/food/ga1.jpg', 'Chè bưởi giòn ngon, nước cốt dừa béo ngậy.', 'Chè bưởi 99', 65000, 20, 'f', 'Giảm 15%', 'Món chính', 1, 7),
(1802, '/food/ga1.jpg', 'Gỏi cuốn tôm thịt, chấm nước mắm chua ngọt.', 'Gỏi cuốn 01', 20000, 35, 't', 'Giảm 10%', 'Khai vị', 1, 11),
(1803, '/food/ga1.jpg', 'Gỏi cuốn tôm thịt, chấm nước mắm chua ngọt.', 'Gỏi cuốn 02', 50000, 50, 't', 'Giảm 10%', 'Khai vị', 1, 11),
(1804, '/food/ga1.jpg', 'Gỏi cuốn tôm thịt, chấm nước mắm chua ngọt.', 'Gỏi cuốn 03', 75000, 20, 'f', 'Giảm 15%', 'Món chính', 1, 11),
(1805, '/food/ga1.jpg', 'Gỏi cuốn tôm thịt, chấm nước mắm chua ngọt.', 'Gỏi cuốn 04', 60000, 60, 'f', 'Giảm 15%', 'Món chính', 1, 11),
(1806, '/food/ga1.jpg', 'Gỏi cuốn tôm thịt, chấm nước mắm chua ngọt.', 'Gỏi cuốn 05', 65000, 70, 'f', 'Giảm 10%', 'Tráng miệng', 1, 11),
(1807, '/food/ga1.jpg', 'Gỏi cuốn tôm thịt, chấm nước mắm chua ngọt.', 'Gỏi cuốn 06', 60000, 35, 'f', 'Giảm 15%', 'Món chính', 1, 11),
(1808, '/food/ga1.jpg', 'Gỏi cuốn tôm thịt, chấm nước mắm chua ngọt.', 'Gỏi cuốn 07', 45000, 60, 'f', 'Giảm 15%', 'Món chính', 1, 11),
(1809, '/food/ga1.jpg', 'Gỏi cuốn tôm thịt, chấm nước mắm chua ngọt.', 'Gỏi cuốn 08', 40000, 35, 'f', 'Giảm 15%', 'Món chính', 1, 11),
(1810, '/food/ga1.jpg', 'Gỏi cuốn tôm thịt, chấm nước mắm chua ngọt.', 'Gỏi cuốn 09', 95000, 20, 'f', 'Giảm 15%', 'Món chính', 1, 11),
(1811, '/food/ga1.jpg', 'Gỏi cuốn tôm thịt, chấm nước mắm chua ngọt.', 'Gỏi cuốn 10', 90000, 25, 'f', 'Giảm 15%', 'Món chính', 1, 11),
(1812, '/food/ga1.jpg', 'Gỏi cuốn tôm thịt, chấm nước mắm chua ngọt.', 'Gỏi cuốn 11', 85000, 50, 'f', 'Giảm 15%', 'Món chính', 1, 11),
(1813, '/food/ga1.jpg', 'Gỏi cuốn tôm thịt, chấm nước mắm chua ngọt.', 'Gỏi cuốn 12', 25000, 70, 't', 'Giảm 10%', 'Khai vị', 1, 11),
(1814, '/food/ga1.jpg', 'Gỏi cuốn tôm thịt, chấm nước mắm chua ngọt.', 'Gỏi cuốn 13', 25000, 65, 'f', 'Giảm 15%', 'Tráng miệng', 1, 11),
(1815, '/food/ga1.jpg', 'Gỏi cuốn tôm thịt, chấm nước mắm chua ngọt.', 'Gỏi cuốn 14', 55000, 60, 't', 'Giảm 10%', 'Khai vị', 1, 11),
(1816, '/food/ga1.jpg', 'Gỏi cuốn tôm thịt, chấm nước mắm chua ngọt.', 'Gỏi cuốn 15', 70000, 30, 't', 'Giảm 20%', 'Món chính', 1, 11),
(1817, '/food/ga1.jpg', 'Gỏi cuốn tôm thịt, chấm nước mắm chua ngọt.', 'Gỏi cuốn 16', 85000, 45, 't', 'Giảm 10%', 'Món chính', 1, 11),
(1818, '/food/ga1.jpg', 'Gỏi cuốn tôm thịt, chấm nước mắm chua ngọt.', 'Gỏi cuốn 17', 80000, 35, 't', 'Giảm 5%', 'Tráng miệng', 1, 11),
(1819, '/food/ga1.jpg', 'Gỏi cuốn tôm thịt, chấm nước mắm chua ngọt.', 'Gỏi cuốn 18', 20000, 65, 'f', 'Giảm 15%', 'Món chính', 1, 11),
(1820, '/food/ga1.jpg', 'Gỏi cuốn tôm thịt, chấm nước mắm chua ngọt.', 'Gỏi cuốn 19', 45000, 35, 't', 'Giảm 10%', 'Khai vị', 1, 11),
(1821, '/food/ga1.jpg', 'Gỏi cuốn tôm thịt, chấm nước mắm chua ngọt.', 'Gỏi cuốn 20', 90000, 75, 't', 'Giảm 10%', 'Món chính', 1, 11),
(1822, '/food/ga1.jpg', 'Gỏi cuốn tôm thịt, chấm nước mắm chua ngọt.', 'Gỏi cuốn 21', 60000, 75, 't', 'Giảm 5%', 'Khai vị', 1, 11),
(1823, '/food/ga1.jpg', 'Gỏi cuốn tôm thịt, chấm nước mắm chua ngọt.', 'Gỏi cuốn 22', 55000, 55, 'f', 'Giảm 15%', 'Món chính', 1, 11),
(1824, '/food/ga1.jpg', 'Gỏi cuốn tôm thịt, chấm nước mắm chua ngọt.', 'Gỏi cuốn 23', 35000, 75, 'f', 'Giảm 5%', 'Khai vị', 1, 11),
(1825, '/food/ga1.jpg', 'Gỏi cuốn tôm thịt, chấm nước mắm chua ngọt.', 'Gỏi cuốn 24', 90000, 25, 't', 'Giảm 5%', 'Khai vị', 1, 11),
(1826, '/food/ga1.jpg', 'Gỏi cuốn tôm thịt, chấm nước mắm chua ngọt.', 'Gỏi cuốn 25', 55000, 25, 't', 'Giảm 5%', 'Tráng miệng', 1, 11),
(1827, '/food/ga1.jpg', 'Gỏi cuốn tôm thịt, chấm nước mắm chua ngọt.', 'Gỏi cuốn 26', 90000, 50, 't', 'Giảm 10%', 'Khai vị', 1, 11),
(1828, '/food/ga1.jpg', 'Gỏi cuốn tôm thịt, chấm nước mắm chua ngọt.', 'Gỏi cuốn 27', 35000, 65, 't', 'Giảm 5%', 'Tráng miệng', 1, 11),
(1829, '/food/ga1.jpg', 'Gỏi cuốn tôm thịt, chấm nước mắm chua ngọt.', 'Gỏi cuốn 28', 65000, 75, 't', 'Giảm 10%', 'Khai vị', 1, 11),
(1830, '/food/ga1.jpg', 'Gỏi cuốn tôm thịt, chấm nước mắm chua ngọt.', 'Gỏi cuốn 29', 65000, 60, 't', 'Giảm 10%', 'Món chính', 1, 11),
(1831, '/food/ga1.jpg', 'Gỏi cuốn tôm thịt, chấm nước mắm chua ngọt.', 'Gỏi cuốn 30', 30000, 50, 't', 'Giảm 10%', 'Khai vị', 1, 11),
(1832, '/food/ga1.jpg', 'Gỏi cuốn tôm thịt, chấm nước mắm chua ngọt.', 'Gỏi cuốn 31', 75000, 30, 't', 'Giảm 10%', 'Món chính', 1, 11),
(1833, '/food/ga1.jpg', 'Gỏi cuốn tôm thịt, chấm nước mắm chua ngọt.', 'Gỏi cuốn 32', 70000, 30, 'f', 'Giảm 15%', 'Món chính', 1, 11),
(1834, '/food/ga1.jpg', 'Gỏi cuốn tôm thịt, chấm nước mắm chua ngọt.', 'Gỏi cuốn 33', 35000, 30, 't', 'Giảm 10%', 'Khai vị', 1, 11),
(1835, '/food/ga1.jpg', 'Gỏi cuốn tôm thịt, chấm nước mắm chua ngọt.', 'Gỏi cuốn 34', 60000, 25, 'f', 'Giảm 15%', 'Món chính', 1, 11),
(1836, '/food/ga1.jpg', 'Gỏi cuốn tôm thịt, chấm nước mắm chua ngọt.', 'Gỏi cuốn 35', 40000, 40, 't', 'Giảm 5%', 'Tráng miệng', 1, 11),
(1837, '/food/ga1.jpg', 'Gỏi cuốn tôm thịt, chấm nước mắm chua ngọt.', 'Gỏi cuốn 36', 30000, 35, 't', 'Giảm 10%', 'Món chính', 1, 11),
(1838, '/food/ga1.jpg', 'Gỏi cuốn tôm thịt, chấm nước mắm chua ngọt.', 'Gỏi cuốn 37', 70000, 45, 'f', 'Giảm 15%', 'Món chính', 1, 11),
(1839, '/food/ga1.jpg', 'Gỏi cuốn tôm thịt, chấm nước mắm chua ngọt.', 'Gỏi cuốn 38', 85000, 60, 't', 'Giảm 15%', 'Món chính', 1, 11),
(1840, '/food/ga1.jpg', 'Gỏi cuốn tôm thịt, chấm nước mắm chua ngọt.', 'Gỏi cuốn 39', 25000, 35, 't', 'Giảm 5%', 'Tráng miệng', 1, 11),
(1841, '/food/ga1.jpg', 'Gỏi cuốn tôm thịt, chấm nước mắm chua ngọt.', 'Gỏi cuốn 40', 80000, 60, 't', 'Giảm 20%', 'Món chính', 1, 11),
(1842, '/food/ga1.jpg', 'Gỏi cuốn tôm thịt, chấm nước mắm chua ngọt.', 'Gỏi cuốn 41', 85000, 30, 'f', 'Giảm 10%', 'Tráng miệng', 1, 11),
(1843, '/food/ga1.jpg', 'Gỏi cuốn tôm thịt, chấm nước mắm chua ngọt.', 'Gỏi cuốn 42', 70000, 75, 't', 'Giảm 25%', 'Món chính', 1, 11),
(1844, '/food/ga1.jpg', 'Gỏi cuốn tôm thịt, chấm nước mắm chua ngọt.', 'Gỏi cuốn 43', 90000, 45, 'f', 'Giảm 5%', 'Khai vị', 1, 11),
(1845, '/food/ga1.jpg', 'Gỏi cuốn tôm thịt, chấm nước mắm chua ngọt.', 'Gỏi cuốn 44', 30000, 55, 't', 'Giảm 5%', 'Tráng miệng', 1, 11),
(1846, '/food/ga1.jpg', 'Gỏi cuốn tôm thịt, chấm nước mắm chua ngọt.', 'Gỏi cuốn 45', 90000, 20, 'f', 'Giảm 5%', 'Khai vị', 1, 11),
(1847, '/food/ga1.jpg', 'Gỏi cuốn tôm thịt, chấm nước mắm chua ngọt.', 'Gỏi cuốn 46', 25000, 60, 't', 'Giảm 10%', 'Khai vị', 1, 11),
(1848, '/food/ga1.jpg', 'Gỏi cuốn tôm thịt, chấm nước mắm chua ngọt.', 'Gỏi cuốn 47', 60000, 50, 't', 'Giảm 10%', 'Khai vị', 1, 11),
(1849, '/food/ga1.jpg', 'Gỏi cuốn tôm thịt, chấm nước mắm chua ngọt.', 'Gỏi cuốn 48', 85000, 55, 't', 'Giảm 5%', 'Tráng miệng', 1, 11),
(1850, '/food/ga1.jpg', 'Gỏi cuốn tôm thịt, chấm nước mắm chua ngọt.', 'Gỏi cuốn 49', 70000, 50, 'f', 'Giảm 15%', 'Món chính', 1, 11),
(1851, '/food/ga1.jpg', 'Gỏi cuốn tôm thịt, chấm nước mắm chua ngọt.', 'Gỏi cuốn 50', 70000, 60, 't', 'Giảm 15%', 'Món chính', 1, 11),
(1852, '/food/ga1.jpg', 'Gỏi cuốn tôm thịt, chấm nước mắm chua ngọt.', 'Gỏi cuốn 51', 80000, 60, 't', 'Giảm 10%', 'Món chính', 1, 11),
(1853, '/food/ga1.jpg', 'Gỏi cuốn tôm thịt, chấm nước mắm chua ngọt.', 'Gỏi cuốn 52', 95000, 50, 't', 'Giảm 20%', 'Món chính', 1, 11),
(1854, '/food/ga1.jpg', 'Gỏi cuốn tôm thịt, chấm nước mắm chua ngọt.', 'Gỏi cuốn 53', 55000, 55, 't', 'Giảm 10%', 'Món chính', 1, 11),
(1855, '/food/ga1.jpg', 'Gỏi cuốn tôm thịt, chấm nước mắm chua ngọt.', 'Gỏi cuốn 54', 45000, 70, 't', 'Giảm 20%', 'Món chính', 1, 11),
(1856, '/food/ga1.jpg', 'Gỏi cuốn tôm thịt, chấm nước mắm chua ngọt.', 'Gỏi cuốn 55', 20000, 20, 'f', 'Giảm 15%', 'Tráng miệng', 1, 11),
(1857, '/food/ga1.jpg', 'Gỏi cuốn tôm thịt, chấm nước mắm chua ngọt.', 'Gỏi cuốn 56', 40000, 35, 'f', 'Giảm 15%', 'Món chính', 1, 11),
(1858, '/food/ga1.jpg', 'Gỏi cuốn tôm thịt, chấm nước mắm chua ngọt.', 'Gỏi cuốn 57', 95000, 35, 't', 'Giảm 10%', 'Món chính', 1, 11),
(1859, '/food/ga1.jpg', 'Gỏi cuốn tôm thịt, chấm nước mắm chua ngọt.', 'Gỏi cuốn 58', 65000, 70, 't', 'Giảm 10%', 'Món chính', 1, 11),
(1860, '/food/ga1.jpg', 'Gỏi cuốn tôm thịt, chấm nước mắm chua ngọt.', 'Gỏi cuốn 59', 60000, 25, 'f', 'Giảm 15%', 'Món chính', 1, 11),
(1861, '/food/ga1.jpg', 'Gỏi cuốn tôm thịt, chấm nước mắm chua ngọt.', 'Gỏi cuốn 60', 65000, 75, 'f', 'Giảm 15%', 'Món chính', 1, 11),
(1862, '/food/ga1.jpg', 'Gỏi cuốn tôm thịt, chấm nước mắm chua ngọt.', 'Gỏi cuốn 61', 50000, 35, 't', 'Giảm 10%', 'Khai vị', 1, 11),
(1863, '/food/ga1.jpg', 'Gỏi cuốn tôm thịt, chấm nước mắm chua ngọt.', 'Gỏi cuốn 62', 20000, 75, 'f', 'Giảm 10%', 'Tráng miệng', 1, 11),
(1864, '/food/ga1.jpg', 'Gỏi cuốn tôm thịt, chấm nước mắm chua ngọt.', 'Gỏi cuốn 63', 45000, 55, 'f', 'Giảm 15%', 'Tráng miệng', 1, 11),
(1865, '/food/ga1.jpg', 'Gỏi cuốn tôm thịt, chấm nước mắm chua ngọt.', 'Gỏi cuốn 64', 90000, 40, 't', 'Giảm 5%', 'Tráng miệng', 1, 11),
(1866, '/food/ga1.jpg', 'Gỏi cuốn tôm thịt, chấm nước mắm chua ngọt.', 'Gỏi cuốn 65', 95000, 75, 'f', 'Giảm 15%', 'Món chính', 1, 11),
(1867, '/food/ga1.jpg', 'Gỏi cuốn tôm thịt, chấm nước mắm chua ngọt.', 'Gỏi cuốn 66', 30000, 65, 'f', 'Giảm 15%', 'Món chính', 1, 11),
(1868, '/food/ga1.jpg', 'Gỏi cuốn tôm thịt, chấm nước mắm chua ngọt.', 'Gỏi cuốn 67', 25000, 45, 'f', 'Giảm 15%', 'Tráng miệng', 1, 11),
(1869, '/food/ga1.jpg', 'Gỏi cuốn tôm thịt, chấm nước mắm chua ngọt.', 'Gỏi cuốn 68', 50000, 35, 't', 'Giảm 10%', 'Món chính', 1, 11),
(1870, '/food/ga1.jpg', 'Gỏi cuốn tôm thịt, chấm nước mắm chua ngọt.', 'Gỏi cuốn 69', 60000, 65, 't', 'Giảm 10%', 'Món chính', 1, 11),
(1871, '/food/ga1.jpg', 'Gỏi cuốn tôm thịt, chấm nước mắm chua ngọt.', 'Gỏi cuốn 70', 95000, 35, 't', 'Giảm 10%', 'Món chính', 1, 11),
(1872, '/food/ga1.jpg', 'Gỏi cuốn tôm thịt, chấm nước mắm chua ngọt.', 'Gỏi cuốn 71', 65000, 50, 'f', 'Giảm 15%', 'Món chính', 1, 11),
(1873, '/food/ga1.jpg', 'Gỏi cuốn tôm thịt, chấm nước mắm chua ngọt.', 'Gỏi cuốn 72', 70000, 20, 'f', 'Giảm 15%', 'Món chính', 1, 11),
(1874, '/food/ga1.jpg', 'Gỏi cuốn tôm thịt, chấm nước mắm chua ngọt.', 'Gỏi cuốn 73', 25000, 20, 't', 'Giảm 10%', 'Khai vị', 1, 11),
(1875, '/food/ga1.jpg', 'Gỏi cuốn tôm thịt, chấm nước mắm chua ngọt.', 'Gỏi cuốn 74', 25000, 35, 't', 'Giảm 5%', 'Tráng miệng', 1, 11),
(1876, '/food/ga1.jpg', 'Gỏi cuốn tôm thịt, chấm nước mắm chua ngọt.', 'Gỏi cuốn 75', 30000, 25, 'f', 'Giảm 5%', 'Khai vị', 1, 11),
(1877, '/food/ga1.jpg', 'Gỏi cuốn tôm thịt, chấm nước mắm chua ngọt.', 'Gỏi cuốn 76', 35000, 60, 'f', 'Giảm 5%', 'Khai vị', 1, 11),
(1878, '/food/ga1.jpg', 'Gỏi cuốn tôm thịt, chấm nước mắm chua ngọt.', 'Gỏi cuốn 77', 95000, 60, 't', 'Giảm 10%', 'Món chính', 1, 11),
(1879, '/food/ga1.jpg', 'Gỏi cuốn tôm thịt, chấm nước mắm chua ngọt.', 'Gỏi cuốn 78', 35000, 35, 't', 'Giảm 5%', 'Tráng miệng', 1, 11),
(1880, '/food/ga1.jpg', 'Gỏi cuốn tôm thịt, chấm nước mắm chua ngọt.', 'Gỏi cuốn 79', 30000, 25, 't', 'Giảm 5%', 'Tráng miệng', 1, 11),
(1881, '/food/ga1.jpg', 'Gỏi cuốn tôm thịt, chấm nước mắm chua ngọt.', 'Gỏi cuốn 80', 75000, 20, 't', 'Giảm 10%', 'Khai vị', 1, 11),
(1882, '/food/ga1.jpg', 'Gỏi cuốn tôm thịt, chấm nước mắm chua ngọt.', 'Gỏi cuốn 81', 65000, 25, 'f', 'Giảm 5%', 'Khai vị', 1, 11),
(1883, '/food/ga1.jpg', 'Gỏi cuốn tôm thịt, chấm nước mắm chua ngọt.', 'Gỏi cuốn 82', 45000, 65, 't', 'Giảm 15%', 'Món chính', 1, 11),
(1884, '/food/ga1.jpg', 'Gỏi cuốn tôm thịt, chấm nước mắm chua ngọt.', 'Gỏi cuốn 83', 25000, 65, 't', 'Giảm 10%', 'Khai vị', 1, 11),
(1885, '/food/ga1.jpg', 'Gỏi cuốn tôm thịt, chấm nước mắm chua ngọt.', 'Gỏi cuốn 84', 90000, 55, 'f', 'Giảm 5%', 'Khai vị', 1, 11),
(1886, '/food/ga1.jpg', 'Gỏi cuốn tôm thịt, chấm nước mắm chua ngọt.', 'Gỏi cuốn 85', 50000, 45, 't', 'Giảm 5%', 'Tráng miệng', 1, 11),
(1887, '/food/ga1.jpg', 'Gỏi cuốn tôm thịt, chấm nước mắm chua ngọt.', 'Gỏi cuốn 86', 60000, 55, 't', 'Giảm 10%', 'Món chính', 1, 11),
(1888, '/food/ga1.jpg', 'Gỏi cuốn tôm thịt, chấm nước mắm chua ngọt.', 'Gỏi cuốn 87', 90000, 45, 't', 'Giảm 5%', 'Tráng miệng', 1, 11),
(1889, '/food/ga1.jpg', 'Gỏi cuốn tôm thịt, chấm nước mắm chua ngọt.', 'Gỏi cuốn 88', 55000, 30, 'f', 'Giảm 5%', 'Khai vị', 1, 11),
(1890, '/food/ga1.jpg', 'Gỏi cuốn tôm thịt, chấm nước mắm chua ngọt.', 'Gỏi cuốn 89', 95000, 30, 't', 'Giảm 5%', 'Tráng miệng', 1, 11),
(1891, '/food/ga1.jpg', 'Gỏi cuốn tôm thịt, chấm nước mắm chua ngọt.', 'Gỏi cuốn 90', 50000, 55, 't', 'Giảm 10%', 'Khai vị', 1, 11),
(1892, '/food/ga1.jpg', 'Gỏi cuốn tôm thịt, chấm nước mắm chua ngọt.', 'Gỏi cuốn 91', 40000, 55, 'f', 'Giảm 15%', 'Món chính', 1, 11),
(1893, '/food/ga1.jpg', 'Gỏi cuốn tôm thịt, chấm nước mắm chua ngọt.', 'Gỏi cuốn 92', 75000, 55, 'f', 'Giảm 5%', 'Khai vị', 1, 11),
(1894, '/food/ga1.jpg', 'Gỏi cuốn tôm thịt, chấm nước mắm chua ngọt.', 'Gỏi cuốn 93', 50000, 75, 'f', 'Giảm 5%', 'Khai vị', 1, 11),
(1895, '/food/ga1.jpg', 'Gỏi cuốn tôm thịt, chấm nước mắm chua ngọt.', 'Gỏi cuốn 94', 35000, 75, 't', 'Giảm 10%', 'Món chính', 1, 11),
(1896, '/food/ga1.jpg', 'Gỏi cuốn tôm thịt, chấm nước mắm chua ngọt.', 'Gỏi cuốn 95', 85000, 40, 't', 'Giảm 10%', 'Khai vị', 1, 11),
(1897, '/food/ga1.jpg', 'Gỏi cuốn tôm thịt, chấm nước mắm chua ngọt.', 'Gỏi cuốn 96', 85000, 60, 't', 'Giảm 5%', 'Tráng miệng', 1, 11),
(1898, '/food/ga1.jpg', 'Gỏi cuốn tôm thịt, chấm nước mắm chua ngọt.', 'Gỏi cuốn 97', 85000, 35, 't', 'Giảm 10%', 'Món chính', 1, 11),
(1899, '/food/ga1.jpg', 'Gỏi cuốn tôm thịt, chấm nước mắm chua ngọt.', 'Gỏi cuốn 98', 35000, 60, 't', 'Giảm 5%', 'Tráng miệng', 1, 11),
(1900, '/food/ga1.jpg', 'Gỏi cuốn tôm thịt, chấm nước mắm chua ngọt.', 'Gỏi cuốn 99', 55000, 45, 'f', 'Giảm 5%', 'Khai vị', 1, 11);

INSERT INTO "public"."logistics" ("logistics_id", "order_id", "logistics_name", "fee", "start_date", "expected_end_date", "surname", "name", "email", "address", "phone", "total_payment") VALUES
(1, 1, 'Grab', 30000, '2025-03-28 10:30:00', '2025-03-28 12:30:00', 'Nguyễn', 'Văn A', 'ndhhndvn@yahoo.com', '12 Lý Tự Trọng, Quận 1', '0912345678', 100000),
(2, 2, 'Ahamove', 35000, '2025-02-27 10:35:00', '2025-02-27 12:35:00', 'Hoàng', 'Anh B', 'hauhndvn112@yahoo.com', '45 Hai Bà Trưng, Quận 3', '0923456789', 100000),
(3, 3, 'GoViet', 25000, '2025-02-28 10:30:00', '2025-02-28 12:30:00', 'Trần', 'Quốc C', 'haund112@yahoo.com.vn', '78 Lê Văn Sỹ, Quận Phú Nhuận', '0934567890', 100000),
(4, 4, 'Bee', 20000, '2025-02-28 10:35:00', '2025-02-28 12:35:00', 'Phạm', 'Hải D', 'vanhoa0685@yahoo.com.vn', '123 Điện Biên Phủ, Quận Bình Thạnh', '0945678901', 100000),
(5, 5, 'ShopeeFood', 30000, '2025-02-27 10:30:00', '2025-02-27 12:30:00', 'Lê', 'Hồng E', 'user5@example.com', '234 Nguyễn Đình Chiểu, Quận 3', '0956789012', 100000),
(6, 6, 'Lalamove', 35000, '2025-02-28 10:35:00', '2025-02-28 12:35:00', 'Vũ', 'Thái F', 'user6@example.com', '56 Phạm Ngọc Thạch, Quận 1', '0967890123', 100000),
(7, 7, 'Baemin', 25000, '2025-02-27 10:30:00', '2025-02-27 12:30:00', 'Đặng', 'Duy G', 'user7@example.com', '678 Trường Sa, Quận Phú Nhuận', '0978901234', 100000),
(8, 8, 'Now', 30000, '2025-02-28 10:35:00', '2025-02-28 12:35:00', 'Bùi', 'Minh H', 'user8@example.com', '789 Hoàng Sa, Quận 3', '0989012345', 100000),
(9, 9, 'ShopeeFood', 20000, '2025-02-27 10:30:00', '2025-02-27 12:30:00', 'Đỗ', 'Ngọc I', 'user9@example.com', '90 Lý Chính Thắng, Quận 3', '0990123456', 100000),
(10, 10, 'Ahamove', 25000, '2025-02-28 10:35:00', '2025-02-28 12:35:00', 'Hồ', 'Thanh J', 'user10@example.com', '102 Nguyễn Văn Trỗi, Quận Phú Nhuận', '0901234567', 100000),
(11, 17, 'GoViet', 25000, '2025-03-30 09:31:56.124', '2025-03-30 09:31:56.124', 'Phạm', 'Hải D', 'vanhoa0685@yahoo.com.vn', '123 Điện Biên Phủ, Quận Bình Thạnh', '0945678901', 335000),
(12, 18, 'Bee', 20000, '2025-03-30 10:15:29.101', '2025-03-30 10:15:29.101', 'Lê', 'Hồng E', 'user5@example.com', '234 Nguyễn Đình Chiểu, Quận 3', '0956789012', 335000),
(13, 19, 'Bee', 20000, '2025-03-30 10:20:31.903', '2025-03-30 10:20:31.903', 'Vũ', 'Thái F', 'user6@example.com', '56 Phạm Ngọc Thạch, Quận 1', '0967890123', 470000),
(14, 20, 'Bee', 20000, '2025-03-30 10:31:18.637', '2025-03-30 12:31:18.637', 'Đặng', 'Duy G', 'user7@example.com', '678 Trường Sa, Quận Phú Nhuận', '0978901234', 470000),
(15, 21, 'Bee', 20000, '2025-04-01 10:38:34.571', '2025-04-01 12:38:34.571', 'Bùi', 'Minh H', 'user8@example.com', '789 Hoàng Sa, Quận 3', '0989012345', 470000),
(16, 22, 'Now', 20000, '2025-04-01 10:40:22.433', '2025-04-01 12:40:22.433', 'Nguyễn', 'Hậu K', 'hauhndvn11@gmail.com', '105 Quán Thánh, Ba Đình, Hà Nội', '0983529988', 470000),
(17, 25, 'Now', 20000, '2025-04-01 10:53:39.478', '2025-04-01 12:53:39.478', 'Nguyễn', 'Hậu L', 'hauhndvn112@gmail.com', '105 Quán Thánh, Ba Đình, Hà Nội', '0983526688', 470000),
(18, 26, 'Now', 20000, '2025-04-01 10:56:22.587', '2025-04-01 12:56:22.587', 'Nguyễn', 'Hậu L', 'hauhndvn112@gmail.com', '105 Quán Thánh, Ba Đình, Hà Nội', '0983526688', 470000),
(19, 27, 'Now', 20000, '2025-04-01 11:06:30.945', '2025-04-01 13:06:30.945', 'Nguyễn', 'Hậu L', 'hauhndvn112@gmail.com', '105 Quán Thánh, Ba Đình, Hà Nội', '0983526688', 335000),
(20, 28, 'Now', 20000, '2025-04-01 11:11:00.922', '2025-04-01 13:11:00.922', 'Nguyễn', 'Hậu L', 'hauhndvn112@gmail.com', '105 Quán Thánh, Ba Đình, Hà Nội', '0983526688', 335000),
(21, 29, 'Now', 20000, '2025-04-01 11:13:29.241', '2025-04-01 13:13:29.241', 'Nguyễn', 'Hậu L', 'hauhndvn112@gmail.com', '105 Quán Thánh, Ba Đình, Hà Nội', '0983526688', 335000),
(22, 30, 'Now', 20000, '2025-04-01 11:15:06.057', '2025-04-01 13:15:06.057', 'Nguyễn', 'Hậu L', 'hauhndvn112@gmail.com', '105 Quán Thánh, Ba Đình, Hà Nội', '0983526688', 335000),
(23, 31, 'Now', 20000, '2025-04-01 11:24:45.971', '2025-04-01 13:24:45.971', 'Nguyễn', 'Hậu L', 'hauhndvn112@gmail.com', '105 Quán Thánh, Ba Đình, Hà Nội', '0983526688', 335000);

INSERT INTO "public"."orderfood" ("order_id", "customer_id", "total_price", "statusOrder", "created_at") VALUES
(1, 1, 250000, 1, '2025-03-29 15:01:11.91149'),
(2, 2, 400000, 1, '2025-03-29 15:01:11.91149'),
(3, 3, 320000, 1, '2025-03-29 15:01:11.91149'),
(4, 4, 150000, 1, '2025-03-29 15:01:11.91149'),
(5, 5, 220000, 1, '2025-03-29 15:01:11.91149'),
(6, 6, 260000, 1, '2025-03-29 15:01:11.91149'),
(7, 7, 280000, 1, '2025-03-29 15:01:11.91149'),
(8, 8, 340000, 1, '2025-03-29 15:01:11.91149'),
(9, 9, 150000, 1, '2025-03-29 15:01:11.91149'),
(10, 10, 120000, 1, '2025-03-29 15:01:11.91149'),
(12, 1, 40000, 1, '2025-03-30 07:35:00'),
(13, 2, 66000, 1, '2025-03-29 06:35:00'),
(14, 3, 230000, 1, '2025-03-29 06:35:00'),
(15, 4, 230000, 1, '2025-03-29 06:35:00'),
(16, 4, 230000, 1, '2025-03-29 06:35:00'),
(17, 4, 350000, 1, '2025-03-29 06:35:00'),
(18, 5, 350000, 1, '2025-03-30 10:15:29.029'),
(19, 6, 350000, 1, '2025-03-30 10:20:31.859'),
(20, 7, 350000, 1, '2025-03-30 10:31:18.602'),
(21, 8, 350000, 1, '2025-04-01 10:38:34.465'),
(22, 11, 350000, 1, '2025-04-01 10:40:22.421'),
(23, 12, 350000, 1, '2025-04-01 10:42:27.809'),
(24, 12, 350000, 1, '2025-04-01 10:51:56.178'),
(25, 12, 350000, 1, '2025-04-01 10:53:39.443'),
(26, 12, 350000, 1, '2025-04-01 10:56:22.553'),
(27, 12, 350000, 1, '2025-04-01 11:06:30.917'),
(28, 12, 350000, 1, '2025-04-01 11:11:00.91'),
(29, 12, 350000, 1, '2025-04-01 11:13:29.202'),
(30, 12, 350000, 1, '2025-04-01 11:15:06.047'),
(31, 12, 350000, 1, '2025-04-01 11:24:45.938');

INSERT INTO "public"."orderItems" ("id", "order_id", "food_id", "qty", "price") VALUES
(1, 12, 1, 1, 100000),
(2, 12, 2, 2, 150000),
(3, 13, 3, 3, 120000),
(4, 13, 2, 2, 150000),
(5, 14, 4, 1, 200000),
(6, 14, 2, 2, 150000),
(7, 15, 2, 2, 15000),
(9, 16, 4, 1, 200000),
(10, 16, 2, 2, 135000),
(11, 17, 2, 2, 135000),
(12, 17, 4, 1, 200000),
(13, 18, 4, 1, 200000),
(14, 18, 2, 2, 135000),
(15, 19, 4, 1, 200000),
(16, 19, 2, 2, 270000),
(17, 20, 4, 1, 200000),
(18, 20, 2, 2, 270000),
(19, 21, 4, 1, 200000),
(20, 21, 2, 2, 270000),
(21, 22, 2, 2, 270000),
(22, 22, 4, 1, 200000),
(23, 23, 2, 2, 270000),
(24, 23, 4, 1, 200000),
(25, 24, 2, 2, 270000),
(26, 24, 4, 1, 200000),
(27, 25, 4, 1, 200000),
(28, 25, 2, 2, 270000),
(29, 26, 4, 1, 200000),
(30, 26, 2, 2, 270000),
(31, 27, 2, 1, 135000),
(32, 27, 4, 1, 200000),
(33, 28, 4, 1, 200000),
(34, 28, 2, 1, 135000),
(35, 29, 2, 1, 135000),
(36, 29, 4, 1, 200000),
(37, 30, 2, 1, 135000),
(38, 30, 4, 1, 200000),
(39, 31, 4, 1, 200000),
(40, 31, 2, 1, 135000);

INSERT INTO "public"."shippingunit" ("shipping_id", "shipping_name", "fee_min", "fee_max") VALUES
(1, 'Grab', 10000, 45000),
(2, 'Ahamove', 12000, 50000),
(3, 'GoViet', 11000, 40000),
(4, 'Bee', 12000, 45000),
(5, 'ShopeeFood', 10000, 45000),
(6, 'Lalamove', 15000, 50000),
(7, 'Baemin', 11000, 40000),
(8, 'Now', 10000, 45000);

INSERT INTO "public"."statusorder" ("order_id", "state_ship1", "status1", "state_ship2", "status2", "state_ship3", "status3", "state_ship4", "status4", "state_ship5", "status5", "state_ship6", "status6") VALUES
(1, 'Nhà hàng đã nhận đơn', 't', 'Shipper đã nhận đơn', 't', 'Shipper đang đến nhà hàng', 't', 'Shipper đã đến nhà hàng', 't', 'Shipper đang giao hàng', 't', 'Đơn hàng hoàn tất', 'f'),
(2, 'Nhà hàng đã nhận đơn', 't', 'Shipper đã nhận đơn', 't', 'Shipper đang đến nhà hàng', 't', 'Shipper đã đến nhà hàng', 'f', 'Shipper đang giao hàng', 'f', 'Đơn hàng hoàn tất', 'f'),
(3, 'Nhà hàng đã nhận đơn', 't', 'Shipper đã nhận đơn', 't', 'Shipper đang đến nhà hàng', 't', 'Shipper đã đến nhà hàng', 't', 'Shipper đang giao hàng', 'f', 'Đơn hàng hoàn tất', 'f'),
(4, 'Nhà hàng đã nhận đơn', 't', 'Shipper đã nhận đơn', 't', 'Shipper đang đến nhà hàng', 'f', 'Shipper đã đến nhà hàng', 'f', 'Shipper đang giao hàng', 'f', 'Đơn hàng hoàn tất', 'f');

INSERT INTO "public"."voucher" ("voucher_id", "food_id", "discount", "duration_from", "duration_to") VALUES
(1, 1, 0.10, '2025-03-28 10:35:00', '2025-03-28 12:35:00'),
(2, 4, 0.20, '2025-03-29 11:00:00', '2025-03-29 13:00:00'),
(3, 5, 0.25, '2025-03-29 10:30:00', '2025-03-29 12:30:00'),
(4, 6, 0.30, '2025-03-30 09:45:00', '2025-03-30 11:45:00'),
(5, 7, 0.10, '2025-03-31 10:45:00', '2025-03-31 12:45:00');

ALTER TABLE "public"."branch" ADD FOREIGN KEY ("eatery_id") REFERENCES "public"."eatery"("eatery_id") ON DELETE CASCADE;


-- Indices
CREATE UNIQUE INDEX branch_branch_id_key ON public.branch USING btree (branch_id);


-- Indices
CREATE UNIQUE INDEX category_category_id_key ON public.category USING btree (category_id);
ALTER TABLE "public"."commentfood" ADD FOREIGN KEY ("customer_id") REFERENCES "public"."customer"("customer_id") ON DELETE CASCADE;
ALTER TABLE "public"."commentfood" ADD FOREIGN KEY ("food_id") REFERENCES "public"."food"("food_id") ON DELETE CASCADE;
ALTER TABLE "public"."food" ADD FOREIGN KEY ("eatery_id") REFERENCES "public"."eatery"("eatery_id") ON DELETE CASCADE;
ALTER TABLE "public"."food" ADD FOREIGN KEY ("category_id") REFERENCES "public"."category"("category_id") ON DELETE CASCADE;
ALTER TABLE "public"."logistics" ADD FOREIGN KEY ("order_id") REFERENCES "public"."orderfood"("order_id") ON DELETE CASCADE;
ALTER TABLE "public"."orderfood" ADD FOREIGN KEY ("customer_id") REFERENCES "public"."customer"("customer_id") ON DELETE CASCADE;
ALTER TABLE "public"."orderItems" ADD FOREIGN KEY ("order_id") REFERENCES "public"."orderfood"("order_id") ON DELETE CASCADE;
ALTER TABLE "public"."orderItems" ADD FOREIGN KEY ("food_id") REFERENCES "public"."food"("food_id") ON DELETE CASCADE;
ALTER TABLE "public"."statusorder" ADD FOREIGN KEY ("order_id") REFERENCES "public"."orderfood"("order_id") ON DELETE CASCADE;
ALTER TABLE "public"."voucher" ADD FOREIGN KEY ("food_id") REFERENCES "public"."food"("food_id") ON DELETE CASCADE;
